iau_id,name,abbreviation,is_iau_member,country,permalink,detail_url,city,post_code,street,www,institution_funding,history,academic_year,admission_requirements,tuition_national,language,accrediting_agency,religious_affiliation,student_body,total_students,statistics_year,officers_json,divisions_json,degrees_json,periodicals_json,last_updated,scraped_at,error
IAU-000019,Abasyn University,,False,Pakistan,https://www.whed.net/institutions/IAU-000019,https://whed.net/detail_institution.php?JTo2MF0sM0RgCmAK,Peshawar,25000,Ring Road (Charsadda Link),http://www.abasyn.edu.pk,Private,Founded December 2007.,January to December,,"Bachelor : 3,000 to 3,600 per hourMaster : 5,400 per hourAdmission fee PhD : 20,000 Total for the first year: 180,000 Total for the 2nd and 3rd year 160,000 Continuation fee behind 3rd year 75,000 (PKR)",English,"Higher Education Commission, Pakistan",,co-ed,,,"[{""role"": ""Head"", ""name"": ""Imran Ummah Mohammad"", ""job_title"": ""Chancellor""}, {""role"": ""Senior Administrative Officer"", ""name"": ""Ahmad Jamil"", ""job_title"": ""Vice-Chancellor""}, {""role"": ""International Relations Officer"", ""name"": ""Muhammad Haneef Muhammad"", ""job_title"": ""Public Relations Officer""}]","[{""type"": ""Campus"", ""name"": ""Islamabad"", ""fields_of_study"": ""Business Administration, Computer Networks, Electrical Engineering, Electronic Engineering, Management, Mathematics and Computer Science, Microbiology, Pharmacy, Telecommunications Engineering""}, {""type"": ""Department/Division"", ""name"": ""Civil Engineering"", ""fields_of_study"": ""Civil Engineering""}, {""type"": ""Department/Division"", ""name"": ""Computer Science"", ""fields_of_study"": ""Computer Science, Software Engineering, Telecommunications Engineering""}, {""type"": ""Department/Division"", ""name"": ""Electrical Engineering"", ""fields_of_study"": ""Electrical Engineering""}, {""type"": ""Department/Division"", ""name"": ""Life Sciences"", ""fields_of_study"": ""Biotechnology, Microbiology""}, {""type"": ""Department/Division"", ""name"": ""Management Sciences"", ""fields_of_study"": ""Business Administration""}, {""type"": ""Department/Division"", ""name"": ""Pharmacy"", ""fields_of_study"": ""Pharmacy""}]","[{""degree"": ""Bachelor's Degree"", ""fields_of_study"": ""Biotechnology, Business Administration, Civil Engineering, Computer Networks, Electrical Engineering, Mathematics and Computer Science, Microbiology, Pharmacy, Software Engineering, Telecommunications Engineering""}, {""degree"": ""Master's Degree/ M. Phil"", ""fields_of_study"": ""Biotechnology, Business Administration, Business and Commerce, Computer Networks, Economics, Electrical and Electronic Engineering, Management, Mathematics and Computer Science, Microbiology, Pharmacy, Software Engineering, Telecommunications Engineering""}, {""degree"": ""PhD"", ""fields_of_study"": ""Finance, Human Resources, Marketing""}]","[""Abasyn University Journal of Social Science""]",30-01-2018,2026-04-06T14:42:08.401463,
IAU-024830,Abbottabad University of Science and Technology,,False,Pakistan,https://www.whed.net/institutions/IAU-024830,https://whed.net/detail_institution.php?KDo2MF0sQzBYLFNgYApgCg==,Abbottabad,,"Captain Akaash Rabbani Shaheed Road, Tehsil Havelian",http://aust.edu.pk,Public,"Created 2002 as Hazara University, acquired current title and status 2015",,"Bachelor’s Program, at least 2nd division or its equivalent grade based on minimum 50% marks for other than annual system; Master’s Program, at least 45% in annual system or CGPA of at least 2.5 out of 4 in semester system","17,100 to 33,150 per degree (PKR)",English,"Higher Education Commission, Pakistan",,co-ed,,,"[{""role"": ""Head"", ""name"": ""Iftikhar Ahmad"", ""job_title"": ""Vice-Chancellor""}, {""role"": ""Senior Administrative Officer"", ""name"": ""Muhammad Rizwan"", ""job_title"": ""Registrar""}]","[{""type"": ""Department/Division"", ""name"": ""Earth Sciences"", ""fields_of_study"": ""Geology, Physics, Zoology""}, {""type"": ""Department/Division"", ""name"": ""Economics"", ""fields_of_study"": ""Economics""}, {""type"": ""Department/Division"", ""name"": ""English"", ""fields_of_study"": ""English""}, {""type"": ""Department/Division"", ""name"": ""Information Technology"", ""fields_of_study"": ""Computer Science, Information Technology, Software Engineering""}, {""type"": ""Department/Division"", ""name"": ""Management Sciences"", ""fields_of_study"": ""Business Administration, Management""}, {""type"": ""Department/Division"", ""name"": ""Mathematics"", ""fields_of_study"": ""Mathematics""}, {""type"": ""Department/Division"", ""name"": ""Microbiology"", ""fields_of_study"": ""Microbiology""}, {""type"": ""Department/Division"", ""name"": ""Pakistan Studies"", ""fields_of_study"": ""Indigenous Studies, Oriental Studies""}, {""type"": ""Department/Division"", ""name"": ""Pharmaceutical Sciences"", ""fields_of_study"": ""Pharmacy""}]","[{""degree"": ""Bachelor's Degree"", ""fields_of_study"": ""Business Administration, Computer Science, Economics, English, Indigenous Studies, Mathematics, Microbiology, Oriental Studies, Pharmacy, Physics, Software Engineering, Zoology""}, {""degree"": ""Master's Degree/ M. Phil"", ""fields_of_study"": ""Business Administration, Computer Science, Economics, English, Mathematics, Microbiology, Pharmacy, Psychology, Zoology""}, {""degree"": ""PhD"", ""fields_of_study"": ""Arts and Humanities, Microbiology, Pharmacy""}]",[],31-01-2018,2026-04-06T14:42:13.789250,
IAU-000020,Abdul Wali Khan University,AWKUM,False,Pakistan,https://www.whed.net/institutions/IAU-000020,https://whed.net/detail_institution.php?JTo2MF0sQ2BgCmAK,Mardan,23200,Abdul Wali Khan University Mardan Garden Campus,https://www.awkum.edu.pk,Public,Founded February 2009,,"For admission, please see: https://awkum.edu.pk/admissions/eligibility-criteria/ For international admissions, please see: https://awkum.edu.pk/for-international-students/","20,500 to 57,500 (PKR)",English,"Higher Education Commission, Pakistan",,,,,"[{""role"": ""Head"", ""name"": ""Muhammad Tahir"", ""job_title"": ""Vice-Chancellor""}, {""role"": ""Senior Administrative Officer"", ""name"": ""Hassan Khan"", ""job_title"": ""Registrar""}, {""role"": ""International Relations Officer"", ""name"": ""Saeed Islam"", ""job_title"": ""Director, Academics""}]","[{""type"": ""Faculty"", ""name"": ""Arts and Humanities"", ""fields_of_study"": ""English, Fine Arts, Islamic Studies, Pushto""}, {""type"": ""Faculty"", ""name"": ""Business and Economics"", ""fields_of_study"": ""Accountancy, Business Administration, Economics, Entrepreneurship, Finance, Human Resources, Information Management, Leadership, Management, Marketing, Tourism""}, {""type"": ""Faculty"", ""name"": ""Chemical and Life Sciences"", ""fields_of_study"": ""Agriculture, Biochemistry, Biotechnology, Botany, Chemistry, Entomology, Environmental Studies, Food Science, Food Technology, Horticulture, Microbiology, Pharmacy, Zoology""}, {""type"": ""Faculty"", ""name"": ""Physical and Numerical Sciences"", ""fields_of_study"": ""Computer Science, Geology, Mathematics, Physics, Statistics""}, {""type"": ""Faculty"", ""name"": ""Social Sciences"", ""fields_of_study"": ""Education, International Relations and Diplomacy, Journalism, Law, Mass Communication, Pakistan Studies, Physical Education, Political Sciences, Psychology, Sociology, Sports""}]","[{""degree"": ""Bachelor's Degree"", ""fields_of_study"": ""Agriculture, Biotechnology, Business Administration, Chemistry, Computer Science, Economics, English, Entomology, Environmental Studies, Food Science, Horticulture, Journalism, Management, Microbiology, Pharmacy, Physics, Sociology, Statistics, Tourism, Zoology""}, {""degree"": ""Master's Degree/ M. Phil"", ""fields_of_study"": ""Biochemistry, Biotechnology, Business Administration, Chemistry, Computer Science, Design, Economics, Entomology, Environmental Studies, Fine Arts, Horticulture, Islamic Studies, Journalism, Mathematics, Microbiology, Physics, Sociology, Sports, Statistics, Zoology""}, {""degree"": ""PhD"", ""fields_of_study"": ""Biochemistry, Botany, Chemistry, Economics, Education, Entomology, Horticulture, Islamic Studies, Microbiology, Physics, Statistics""}]",[],18-07-2024,2026-04-06T14:42:19.418065,
IAU-000146,Aga Khan University,AKU,False,Pakistan,https://www.whed.net/institutions/IAU-000146,https://whed.net/detail_institution.php?Jjo2MF0sMzBWCmAK,Karachi,74800,Stadium Road,http://www.aku.edu,Private,Founded 1983.,October to August,"Higher Secondary Certificate, or equivalent",,English,"Higher Education Commission, Pakistan",,co-ed,,,"[{""role"": ""Head"", ""name"": ""Firoz Rasul"", ""job_title"": ""President""}, {""role"": ""Senior Administrative Officer"", ""name"": ""William Doe"", ""job_title"": ""Provost and Chief Academic Officer (Acting)""}]","[{""type"": ""Campus Abroad"", ""name"": ""Kenya"", ""fields_of_study"": ""Communication Studies, Media Studies, Midwifery, Nursing""}, {""type"": ""Campus Abroad"", ""name"": ""Tanzania"", ""fields_of_study"": ""Education, Medicine, Midwifery, Nursing""}, {""type"": ""Campus Abroad"", ""name"": ""Uganda"", ""fields_of_study"": ""Midwifery, Nursing""}, {""type"": ""Campus Abroad"", ""name"": ""United Kingdom"", ""fields_of_study"": ""Islamic Studies"", ""more_details"": ""AKU-ISMC""}, {""type"": ""College"", ""name"": ""Medicine"", ""fields_of_study"": ""Medicine""}, {""type"": ""Institute"", ""name"": ""Educational Development"", ""fields_of_study"": ""Educational Sciences, Teacher Trainers Education, Teacher Training""}, {""type"": ""School"", ""name"": ""Nursing and Midwifery"", ""fields_of_study"": ""Midwifery, Nursing""}]","[{""degree"": ""Bachelor's Degree"", ""fields_of_study"": ""Medicine, Surgery""}, {""degree"": ""Master's Degree/ M. Phil"", ""fields_of_study"": ""Development Studies, Education, Epidemiology, Health Administration, Health Education, Medicine, Nursing, Public Health""}, {""degree"": ""PhD"", ""fields_of_study"": ""Education, Health Education, Health Sciences""}]","[""AKHUWAT""]",31-01-2018,2026-04-06T14:42:22.689744,
IAU-000214,Air University,,False,Pakistan,https://www.whed.net/institutions/IAU-000214,https://whed.net/detail_institution.php?Jjo2MF0sQyRUCmAK,Islamabad,44000,Service Road E-9 / E-8,,Public,Created 2002,September to January; January to May,,"2,500 to 4,500 per credit hour (PKR)",English,"Higher Education Commission, Pakistan",,co-ed,,,"[{""role"": ""Head"", ""name"": ""Faaiz Amir"", ""job_title"": ""Vice-Chancellor""}, {""role"": ""Senior Administrative Officer"", ""name"": ""Muhammad Saleem"", ""job_title"": ""Registrar""}, {""role"": ""International Relations Officer"", ""name"": ""Ibraheem Haneef"", ""job_title"": ""Director International Cooperation Office""}]","[{""type"": ""Faculty"", ""name"": ""Administrative Sciences"", ""fields_of_study"": ""Business Administration, Finance, Human Resources, Marketing""}, {""type"": ""Faculty"", ""name"": ""Basic and Applied Sciences"", ""fields_of_study"": ""Computer Science, Mathematics, Physics""}, {""type"": ""Faculty"", ""name"": ""Engineering"", ""fields_of_study"": ""Electrical Engineering, Engineering, Mechanical Engineering, Software Engineering""}, {""type"": ""Faculty"", ""name"": ""Social Sciences and Humanities"", ""fields_of_study"": ""Arts and Humanities, English, Linguistics, Literature""}, {""type"": ""Institute"", ""name"": ""Avionics and Aeronautics"", ""fields_of_study"": ""Aeronautical and Aerospace Engineering, Mechanical Engineering""}]","[{""degree"": ""Bachelor's Degree"", ""fields_of_study"": ""Computer Science, Electrical Engineering, English, Finance, Human Resources, Marketing, Mathematics, Mechanical Engineering, Physics""}, {""degree"": ""Master's Degree/ M. Phil"", ""fields_of_study"": ""Aeronautical and Aerospace Engineering, Electrical Engineering, Linguistics, Literature, Management, Mathematics, Mechanical Engineering, Physics""}, {""degree"": ""PhD"", ""fields_of_study"": ""Aeronautical and Aerospace Engineering, Electrical Engineering, Finance, Linguistics, Literature, Management, Mathematics, Mechanical Engineering, Physics""}]","[""Journal of Business & Economics""]",30-01-2018,2026-04-06T14:42:27.965778,
IAU-000771,Alhamd Islamic University,AIU,False,Pakistan,https://www.whed.net/institutions/IAU-000771,https://whed.net/detail_institution.php?Jjo2MF0tUzxRCmAK,Quetta,87300,"Alhamd Educational Complex, Airport Road Quetta, Baleli Road,",http://www.aiu.edu.pk,Private,Founded 1995.,,,,English,"Higher Education Commission, Pakistan",Muslim,,,,"[{""role"": ""Head"", ""name"": ""Shakeel Ahmed Roshan"", ""job_title"": ""President""}, {""role"": ""Senior Administrative Officer"", ""name"": ""Urwa Javed"", ""job_title"": ""registrar""}]","[{""type"": ""Department/Division"", ""name"": ""Computer Science"", ""fields_of_study"": ""Computer Science, Information Technology, Software Engineering""}, {""type"": ""Department/Division"", ""name"": ""Education"", ""fields_of_study"": ""Education""}, {""type"": ""Department/Division"", ""name"": ""Management Sciences"", ""fields_of_study"": ""Business Administration""}]","[{""degree"": ""Bachelor's Degree (2/3 yrs)""}, {""degree"": ""Master's Degree/ M. Phil""}]",[],30-01-2018,2026-04-06T14:42:32.958461,
IAU-024832,Ali Institute of Education,AIE,False,Pakistan,https://www.whed.net/institutions/IAU-024832,https://whed.net/detail_institution.php?KDo2MF0sQzBYLFMoYApgCg==,Lahore,54000,"Shahrah-e-Roomi, Ferozepur Road",http://www.aie.edu.pk,Private,Founded in 1992,,,,English,"Higher Education Commission, Pakistan",,,,,"[{""role"": ""Head"", ""name"": ""Sabeeh Qayyum"", ""job_title"": ""Rector""}, {""role"": ""Senior Administrative Officer"", ""name"": ""Mehr J. Agha"", ""job_title"": ""Registrar""}]","[{""type"": ""Department/Division"", ""name"": ""Language Education"", ""fields_of_study"": ""English, Foreign Languages Education, Native Language Education""}, {""type"": ""Department/Division"", ""name"": ""Mathematics Education"", ""fields_of_study"": ""Mathematics, Mathematics Education""}, {""type"": ""Department/Division"", ""name"": ""Professional Studies Education"", ""fields_of_study"": ""Teacher Training""}, {""type"": ""Department/Division"", ""name"": ""Science Education"", ""fields_of_study"": ""Science Education""}]","[{""degree"": ""Bachelor's Degree"", ""fields_of_study"": ""Education, Primary Education, Secondary Education, Special Education""}, {""degree"": ""Master's Degree/ M. Phil"", ""fields_of_study"": ""Education, Foreign Languages Education, Preschool Education""}]",[],31-01-2018,2026-04-06T14:42:38.445942,
IAU-000843,Allama Iqbal Open University,AIOU,False,Pakistan,https://www.whed.net/institutions/IAU-000843,https://whed.net/detail_institution.php?Jjo2MF0uIzBTCmAK,Islamabad,44000,"Ashfaq Ahmed Road, Sector H-8",,Public,Founded 1974 by Act of Parliament to provide equality of educational opportunities for the largest population. Acquired present title 1977.,June to April (June-October; December-April),Intermediate or higher secondary certificate,700-26500 per semester (PKR),Urdu;English,"Higher Education Commission, Pakistan",,co-ed,,,"[{""role"": ""Head"", ""name"": ""Zia Ul-Qayyum"", ""job_title"": ""Acting Vice-Chancellor""}]","[{""type"": ""Faculty"", ""name"": ""Arabic and Islamic Studies"", ""fields_of_study"": ""Arabic, Cultural Studies, Education, History, History of Religion, Holy Writings, Human Resources, Islamic Law, Islamic Studies, Islamic Theology, Literature, Management, Marketing, Religion, Religious Education, Religious Studies""}, {""type"": ""Faculty"", ""name"": ""Education"", ""fields_of_study"": ""Adult Education, Continuing Education, Curriculum, Distance Education, Education, Educational Administration, Educational Sciences, Leadership, Literacy Education, Primary Education, Science Education, Secondary Education, Special Education, Teacher Trainers Education, Teacher Training""}, {""type"": ""Faculty"", ""name"": ""Sciences"", ""fields_of_study"": ""Agriculture, Biology, Chemistry, Community Health, Computer Science, Electronic Engineering, Engineering, Environmental Studies, Forestry, Health Sciences, Mathematics, Natural Sciences, Physics, Statistics""}, {""type"": ""Faculty"", ""name"": ""Social Sciences and Humanities"", ""fields_of_study"": ""Applied Linguistics, Arts and Humanities, Banking, Business Administration, Business and Commerce, Demography and Population, Design, Economics, English, Finance, Fine Arts, Geography, History, Human Resources, Information Sciences, Information Technology, Journalism, Law, Library Science, Management, Marketing, Mass Communication, Modern Languages, Radio and Television Broadcasting, Regional Studies, Social Sciences, Social Studies, Social Work, Sociology, Urdu, Women's Studies""}]","[{""degree"": ""Bachelor's Degree"", ""fields_of_study"": ""Biology, Business and Commerce, Chemistry, Computer Science, Environmental Studies, Mass Communication, Mathematics, Microbiology, Physics, Primary Education, Statistics""}, {""degree"": ""Master's Degree/ M. Phil"", ""fields_of_study"": ""Adult Education, Agriculture, Arabic, Botany, Business Administration, Business and Commerce, Chemistry, Computer Science, Distance Education, Education, Educational Administration, Educational Sciences, Educational Testing and Evaluation, Environmental Studies, Forestry, Gender Studies, History, Human Resources, Islamic Studies, Islamic Theology, Management, Marketing, Mass Communication, Mathematics, Microbiology, Physics, Public Health, Science Education, Sociology, Statistics, Urdu""}, {""degree"": ""PhD"", ""fields_of_study"": ""Agriculture, Arabic, Chemistry, Computer Science, Distance Education, Economics, Educational Administration, Gender Studies, Islamic Law, Islamic Studies, Mass Communication, Mathematics, Physics, South Asian Studies, Special Education, Statistics, Urdu""}]","[""Pakistan Journal of  Education"", ""Pakistan Journal of Social Sciences""]",31-01-2018,2026-04-06T14:42:41.333852,
IAU-030654,"Bacha Khan University, Charsadda",BKUC,False,Pakistan,https://www.whed.net/institutions/IAU-030654,https://whed.net/detail_institution.php?KDo2MF0sU2BWLTMwYApgCg==,Charsadda,,Palosa,https://bkuc.edu.pk,Public,Founded 2012,,,,English,"Higher Education Commission, Pakistan",,,5000,2024-2025,"[{""role"": ""Head"", ""name"": ""Zahid Hussain"", ""job_title"": ""Vice Chancellor""}]","[{""type"": ""Centre"", ""name"": ""Pakhtunkhwa Study"", ""fields_of_study"": ""Cultural Studies, Heritage Preservation, Native Language""}, {""type"": ""Faculty"", ""name"": ""Agriculture"", ""fields_of_study"": ""Agriculture""}, {""type"": ""Faculty"", ""name"": ""Botany and Zoology"", ""fields_of_study"": ""Botany, Zoology""}, {""type"": ""Faculty"", ""name"": ""Chemistry"", ""fields_of_study"": ""Chemistry""}, {""type"": ""Faculty"", ""name"": ""Computer Science"", ""fields_of_study"": ""Computer Science""}, {""type"": ""Faculty"", ""name"": ""Economics"", ""fields_of_study"": ""Economics""}, {""type"": ""Faculty"", ""name"": ""Education"", ""fields_of_study"": ""Education""}, {""type"": ""Faculty"", ""name"": ""English Language and Literature"", ""fields_of_study"": ""English, Literature""}, {""type"": ""Faculty"", ""name"": ""Geology"", ""fields_of_study"": ""Geology""}, {""type"": ""Faculty"", ""name"": ""Management Sciences and Commerce"", ""fields_of_study"": ""Business and Commerce, Management""}, {""type"": ""Faculty"", ""name"": ""Mathematics"", ""fields_of_study"": ""Mathematics""}, {""type"": ""Faculty"", ""name"": ""Pharmacy"", ""fields_of_study"": ""Pharmacy""}, {""type"": ""Faculty"", ""name"": ""Physics"", ""fields_of_study"": ""Physics""}, {""type"": ""Faculty"", ""name"": ""Political Sciences"", ""fields_of_study"": ""Political Sciences""}, {""type"": ""Faculty"", ""name"": ""Sociology"", ""fields_of_study"": ""Sociology""}, {""type"": ""Institute"", ""name"": ""Biotechnology and Microbiology"", ""fields_of_study"": ""Biotechnology, Microbiology""}]","[{""degree"": ""Bachelor's Degree (2/3 yrs)"", ""fields_of_study"": ""Botany, Chemistry, Computer Science, Economics, Education, English, Islamic Studies, Physics, Political Sciences, Pushto, Zoology""}, {""degree"": ""Bachelor's Degree"", ""fields_of_study"": ""Accountancy, Agriculture, Artificial Intelligence, Biotechnology, Botany, Business Administration, Business and Commerce, Chemistry, Computer Science, Data Processing, Dietetics, Economics, Education, English, Finance, Geology, Islamic Studies, Management, Mathematics, Microbiology, Nutrition, Physics, Political Sciences, Pushto, Sociology, Urdu, Zoology""}, {""degree"": ""Master's Degree/ M. Phil"", ""fields_of_study"": ""Agronomy, Biotechnology, Botany, Chemistry, Computer Science, Dietetics, Entomology, Genetics, Islamic Studies, Management, Mathematics, Microbiology, Nutrition, Physics, Pushto, Sociology""}, {""degree"": ""PhD"", ""fields_of_study"": ""Agronomy, Biotechnology, Botany, Chemistry, Dietetics, Entomology, Finance, Genetics, Management, Marketing, Mathematics, Microbiology, Nutrition, Pushto, Sociology""}]",[],14-04-2025,2026-04-06T14:42:46.934209,
IAU-001370,Bahauddin Zakariya University,BZU,False,Pakistan,https://www.whed.net/institutions/IAU-001370,https://whed.net/detail_institution.php?Jzo2MF0sMyxXLGBgYApgCg==,Multan,60800,Bosan Road,https://bzu.edu.pk,Public,"Founded 1975 as University of Multan, acquired present title 1979. An autonomous body, financed by the central government through the University Grants Commission.",September to June,Intermediate or higher secondary certificate,,English;Urdu,"Higher Education Commission, Pakistan",,,,,"[{""role"": ""Head"", ""name"": ""Muhammad Zubair Iqbal"", ""job_title"": ""Vice-Chancellor""}, {""role"": ""Senior Administrative Officer"", ""name"": ""Ejaz Ahmad"", ""job_title"": ""Registrar""}]","[{""type"": ""Campus"", ""name"": ""Layyah"", ""fields_of_study"": ""Agriculture, Business and Commerce, Economics, Education, English, Psychology, Sociology, Veterinary Science""}, {""type"": ""Campus"", ""name"": ""Sahiwal"", ""fields_of_study"": ""Business and Commerce, Chemistry, Computer Engineering, Economics, English, Psychology""}, {""type"": ""Faculty"", ""name"": ""Agriculture Science and Technology"", ""fields_of_study"": ""Agricultural Economics, Agricultural Equipment, Agriculture, Agronomy, Horticulture, Nutrition, Plant Pathology, Soil Science""}, {""type"": ""Faculty"", ""name"": ""Arts and Social Sciences"", ""fields_of_study"": ""Arts and Humanities, Asian Studies, Economics, Education, Fine Arts, Gender Studies, Geography, History, International Relations and Diplomacy, International Studies, Mass Communication, Philosophy, Political Sciences, Psychology, Social Sciences, Sociology, Sports""}, {""type"": ""Faculty"", ""name"": ""Engineering"", ""fields_of_study"": ""Architecture, Civil Engineering, Computer Engineering, Electrical Engineering, Mechanical Engineering, Metallurgical Engineering, Textile Design"", ""more_details"": ""Engineering subjects taught in English""}, {""type"": ""Faculty"", ""name"": ""Islamic Studies and Languages"", ""fields_of_study"": ""Arabic, English, Islamic Studies, Urdu""}, {""type"": ""Faculty"", ""name"": ""Law, Commerce and Business Administration"", ""fields_of_study"": ""Business Administration, Business and Commerce, Law""}, {""type"": ""Faculty"", ""name"": ""Pharmacy"", ""fields_of_study"": ""Pharmacy""}, {""type"": ""Faculty"", ""name"": ""Science"", ""fields_of_study"": ""Biochemistry, Biology, Biotechnology, Chemistry, Computer Science, Environmental Engineering, Mathematics, Molecular Biology, Physics, Statistics""}, {""type"": ""Faculty"", ""name"": ""Veterinary Sciences"", ""fields_of_study"": ""Veterinary Science""}]","[{""degree"": ""Bachelor's Degree"", ""fields_of_study"": ""Agricultural Business, Agricultural Economics, Agriculture, Agronomy, Animal Husbandry, Architecture, Arts and Humanities, Biochemistry, Biology, Biotechnology, Botany, Business and Commerce, Chemistry, Civil Engineering, Computer Engineering, Economics, Education, Electrical Engineering, Environmental Engineering, Fine Arts, Food Science, Forestry, Gender Studies, Geography, History, Horticulture, Islamic Studies, Law, Mathematics, Mechanical Engineering, Metallurgical Engineering, Nutrition, Pharmacy, Philosophy, Physics, Political Sciences, Psychology, Sociology, Soil Science, Sports, Statistics, Textile Design, Veterinary Science, Zoology""}, {""degree"": ""Master's Degree/ M. Phil"", ""fields_of_study"": ""Agricultural Business, Agricultural Economics, Agricultural Equipment, Agriculture, Agronomy, Animal Husbandry, Arabic, Biochemistry, Biology, Biotechnology, Botany, Business and Commerce, Chemistry, Economics, Education, English, Finance, Forestry, Gender Studies, History, Islamic Studies, Management, Mathematics, Nutrition, Pharmacy, Philosophy, Physics, Political Sciences, Psychology, Sociology, Soil Science, Statistics, Urdu, Veterinary Science, Zoology""}, {""degree"": ""PhD"", ""fields_of_study"": ""Agricultural Business, Agricultural Economics, Agricultural Equipment, Agronomy, Arabic, Biochemistry, Biology, Biotechnology, Botany, Business and Commerce, Chemistry, Economics, English, Finance, Forestry, Gender Studies, History, Horticulture, Islamic Studies, Mathematics, Nutrition, Physics, Political Sciences, Soil Science, Statistics, Urdu, Veterinary Science, Zoology""}]","[""Journal of Business Management (JBM)"", ""Journal of Food and Allied Sciences"", ""Journal of Historical Studies International"", ""Journal of Institute of Social Sciences (JISS)"", ""Journal of Languages"", ""Journal of Research (Science)"", ""Pakistan Journal of Islamic Research (PJIR)"", ""Journal of Banking and Social Sciences"", ""Journal of Life & Social Sciences South Asian"", ""Journal of Research (Urdu)"", ""Pakistan Journal of Pharmaceutical Research Research Grants & Publications"", ""Pakistan Journal of Social Sciences (PJSS) )"", ""Research journals (Humanities, Science)""]",30-01-2018,2026-04-06T14:42:49.773961,
IAU-001375,Bahria University,BU,True,Pakistan,https://www.whed.net/institutions/IAU-001375,https://whed.net/detail_institution.php?Jzo2MF0sMyxXLTBgYApgCg==,Islamabad,44000,Shangrila Road Sector E-8,,Public,Founded in 2000,,,,English,"Higher Education Commission, Pakistan",,co-ed,,,"[{""role"": ""Head"", ""name"": ""Asif Khaliq"", ""job_title"": ""Rector""}, {""role"": ""Senior Administrative Officer"", ""name"": ""Jalaluddin Qureshi"", ""job_title"": ""Registrar""}, {""role"": ""International Relations Officer"", ""name"": ""M. Awais Mehmood"", ""job_title"": ""Director International Offic""}]","[{""type"": ""Campus"", ""name"": ""Karachi"", ""fields_of_study"": ""Computer Engineering, Dentistry, Electrical and Electronic Engineering, Environmental Engineering, Environmental Studies, Management, Social Sciences, Software Engineering""}, {""type"": ""Campus"", ""name"": ""Lahore"", ""fields_of_study"": ""Computer Engineering, Management""}, {""type"": ""Centre"", ""name"": ""National Centre for Maritime Policy Research"", ""fields_of_study"": ""Marine Science and Oceanography, Maritime Law"", ""more_details"": ""Karachi""}, {""type"": ""College"", ""name"": ""Medicine and Dentistry"", ""fields_of_study"": ""Dentistry, Medicine"", ""more_details"": ""Karachi""}, {""type"": ""Faculty"", ""name"": ""Engineering Sciences"", ""fields_of_study"": ""Computer Engineering, Computer Science, Environmental Engineering, Environmental Studies, Software Engineering""}, {""type"": ""Faculty"", ""name"": ""Health Sciences"", ""fields_of_study"": ""Dentistry, Medicine""}, {""type"": ""Faculty"", ""name"": ""Management Sciences"", ""fields_of_study"": ""Management, Mass Communication, Social Sciences""}, {""type"": ""Faculty"", ""name"": ""Professional Psychology"", ""fields_of_study"": ""Psychology""}, {""type"": ""Institute"", ""name"": ""Professional Psychology"", ""fields_of_study"": ""Psychology"", ""more_details"": ""Karachi""}]","[{""degree"": ""Bachelor's Degree"", ""fields_of_study"": ""Computer Engineering, Computer Science, Dentistry, Electrical and Electronic Engineering, Environmental Studies, Management, Mass Communication, Medicine, Psychology, Social Sciences, Software Engineering""}, {""degree"": ""Master's Degree/ M. Phil"", ""fields_of_study"": ""Computer Engineering, Computer Science, Dentistry, Electrical and Electronic Engineering, Environmental Engineering, Environmental Studies, Law, Management, Marine Science and Oceanography, Maritime Law, Mass Communication, Medicine, Psychology, Social Sciences, Software Engineering""}, {""degree"": ""PhD"", ""fields_of_study"": ""Computer Engineering, Computer Science, Electrical and Electronic Engineering, Environmental Engineering, Environmental Studies, Psychology, Software Engineering""}]","[""Global management Journal for academic and cooperate studies"", ""The journal of Bahria University information & communication technologies"", ""The Journal of Bahria University Medical & Dental College Karachi""]",31-01-2018,2026-04-06T14:42:53.408510,
IAU-001415,Balochistan University of Engineering and Technology Khuzdar,BUETK,False,Pakistan,https://www.whed.net/institutions/IAU-001415,https://whed.net/detail_institution.php?Jzo2MF0sMzBRLTBgYApgCg==,Khuzdar,,P.O Box No. 89100,http://buetk.edu.pk,Public,Founded 1987 as a College. Acquired present status 1994.,March to December,Intermediate (pre-Engineering) with a score of 50% and D.A.E. with a score of 60%,,English,"Higher Education Commission, Pakistan",,co-ed,,,"[{""role"": ""Head"", ""name"": ""Muhammad Amin"", ""job_title"": ""Vice-Chancellor""}, {""role"": ""Senior Administrative Officer"", ""name"": ""Sher Ahmed"", ""job_title"": ""Registrar""}]","[{""type"": ""Department/Division"", ""name"": ""Civil Engineering"", ""fields_of_study"": ""Civil Engineering""}, {""type"": ""Department/Division"", ""name"": ""Computer Systems Engineering & Sciences"", ""fields_of_study"": ""Computer Engineering, Computer Science, Information Technology""}, {""type"": ""Department/Division"", ""name"": ""Electrical Engineering"", ""fields_of_study"": ""Electrical Engineering""}, {""type"": ""Department/Division"", ""name"": ""Mechanical Engineering"", ""fields_of_study"": ""Mechanical Engineering""}]","[{""degree"": ""Bachelor's Degree"", ""fields_of_study"": ""Civil Engineering, Computer Engineering, Computer Science, Electrical Engineering, Information Technology, Mechanical Engineering""}]",[],31-01-2018,2026-04-06T14:42:58.347802,
IAU-001416,"Balochistan University of Information Technology, Engineering and Management Sciences",BUITEMS,True,Pakistan,https://www.whed.net/institutions/IAU-001416,https://whed.net/detail_institution.php?Jzo2MF0sMzBRLUBgYApgCg==,Quetta,,"Airport Road, Baleli",https://www.buitms.edu.pk,Public,Founded 2002.,,,,English,"Higher Education Commission, Pakistan",,,7033,2014-2015,"[{""role"": ""Head"", ""name"": ""Khalid Hafeez"", ""job_title"": ""Vice-Chancellor""}, {""role"": ""Senior Administrative Officer"", ""name"": ""Mohammad Ahsan Achakzai"", ""job_title"": ""Acting Registrar""}]","[{""type"": ""Faculty"", ""name"": ""Arts and Basic Sciences"", ""fields_of_study"": ""International Studies, Mass Communication, Mathematics, Physics, Social Sciences, Sociology""}, {""type"": ""Faculty"", ""name"": ""Engineering"", ""fields_of_study"": ""Architecture, Chemical Engineering, Civil Engineering, Environmental Engineering, Geological Engineering, Mechanical Engineering, Mining Engineering, Petroleum and Gas Engineering, Textile Design""}, {""type"": ""Faculty"", ""name"": ""Information and Communication Technology"", ""fields_of_study"": ""Computer Engineering, Computer Science, Electrical Engineering, Electronic Engineering, Information Technology, Software Engineering, Telecommunications Engineering""}, {""type"": ""Faculty"", ""name"": ""Life Sciences and Informatics"", ""fields_of_study"": ""Biotechnology, Environmental Studies, Microbiology""}, {""type"": ""Faculty"", ""name"": ""Management Sciences"", ""fields_of_study"": ""Business Administration, Economics, Management""}]","[{""degree"": ""Bachelor's Degree"", ""fields_of_study"": ""Architecture, Biotechnology, Business Administration, Chemical Engineering, Civil Engineering, Computer Engineering, Computer Science, Economics, Electrical Engineering, Electronic Engineering, Geological Engineering, Information Technology, Management, Mass Communication, Mathematics, Mechanical Engineering, Microbiology, Mining Engineering, Petroleum and Gas Engineering, Physics, Social Sciences, Sociology, Software Engineering, Telecommunications Engineering, Textile Design""}, {""degree"": ""Master's Degree/ M. Phil"", ""fields_of_study"": ""Biotechnology, Environmental Engineering, Environmental Studies, Mathematics""}, {""degree"": ""PhD"", ""fields_of_study"": ""Biotechnology, Environmental Engineering, Environmental Studies""}]",[],30-01-2018,2026-04-06T14:43:02.895059,
IAU-001452,Baqai Medical University,BMU,False,Pakistan,https://www.whed.net/institutions/IAU-001452,https://whed.net/detail_institution.php?Jzo2MF0sMzBVLEBgYApgCg==,Karachi,74600,"51, Deh Tor, Gadap Road, Near Toll Plaza, Super Highway P.O Box No 2407",http://www.baqai.edu.pk,Private,Founded 1988 as Baqai Medical College. Acquired present status and title 1996.,January to December,"Secondary school certificate or intermediate certificate with A Level/Grade 12, with minimum 60% marks for undergraduate admissions. For postgraduate admissions the regulations and guidelines of Higher Education Commission, Pakistan Medical and Dental Council ans Pakistan Pharmacy are followed",,English,"Higher Education Commission, Pakistan; Pakistan Medical and Dental Council (PMDC); Pakistan Pharmacy Council; Pakistan Nursing Council",,co-ed,,,"[{""role"": ""Head"", ""name"": ""Zahida Baqai"", ""job_title"": ""Acting Vice-Chancellor""}, {""role"": ""Senior Administrative Officer"", ""name"": ""Israr Ahmed Khan"", ""job_title"": ""Acting Registrar""}]","[{""type"": ""College"", ""name"": ""Dental"", ""fields_of_study"": ""Dentistry""}, {""type"": ""College"", ""name"": ""Medical"", ""fields_of_study"": ""Medicine""}, {""type"": ""College"", ""name"": ""Nursing"", ""fields_of_study"": ""Nursing""}, {""type"": ""College"", ""name"": ""Veterinary Sciences"", ""fields_of_study"": ""Veterinary Science""}, {""type"": ""Institute"", ""name"": ""Cardio Vascular Diseases"", ""fields_of_study"": ""Cardiology""}, {""type"": ""Institute"", ""name"": ""Diabetology and Endocrinology"", ""fields_of_study"": ""Diabetology, Endocrinology""}, {""type"": ""Institute"", ""name"": ""Haematology"", ""fields_of_study"": ""Haematology"", ""more_details"": ""Baqai Institute of Hematology (BIH)""}, {""type"": ""Institute"", ""name"": ""Health Management Sciences"", ""fields_of_study"": ""Management"", ""more_details"": ""Baqai Institute of Management Sciences (BIMS)""}, {""type"": ""Institute"", ""name"": ""Health Sciences"", ""fields_of_study"": ""Health Administration, Health Sciences"", ""more_details"": ""Baqai Institute of Health Sciences (BIHS)""}, {""type"": ""Institute"", ""name"": ""Information Technology"", ""fields_of_study"": ""Information Technology""}, {""type"": ""Institute"", ""name"": ""Medical Technology"", ""fields_of_study"": ""Medical Technology"", ""more_details"": ""Baqai Institute of Medical Technology (BIMT)""}, {""type"": ""Institute"", ""name"": ""Oncology"", ""fields_of_study"": ""Oncology""}, {""type"": ""Institute"", ""name"": ""Pharmaceutical Sciences"", ""fields_of_study"": ""Pharmacy, Philosophy""}, {""type"": ""Institute"", ""name"": ""Physical Therapy Rehabilitation Medecine"", ""fields_of_study"": ""Physical Therapy""}, {""type"": ""Institute"", ""name"": ""Reproduction and Developmental Sciences"", ""fields_of_study"": ""Embryology and Reproduction Biology"", ""more_details"": ""Baqai Institute of Reproduction & Developmental Sciences (BIRDS)""}, {""type"": ""Institute"", ""name"": ""Social Obstetrics"", ""fields_of_study"": ""Obstetrics and Gynaecology""}]","[{""degree"": ""Bachelor's Degree"", ""fields_of_study"": ""Biomedicine, Nursing, Pharmacy, Public Health, Software Engineering""}, {""degree"": ""Master's Degree/ M. Phil"", ""fields_of_study"": ""Anatomy, Biochemistry, Endocrinology, Forensic Medicine and Dentistry, Haematology, Ophthalmology, Pathology, Pharmacology, Pharmacy, Physiology, Public Health, Surgery""}, {""degree"": ""PhD"", ""fields_of_study"": ""Anatomy, Biochemistry, Forensic Medicine and Dentistry, Haematology, Pathology, Pharmacology, Pharmacy""}]","[""Baqa-e-Sehat (Urdu Magazine)"", ""The Baqai Journal of Health Sciences""]",30-01-2018,2026-04-06T14:43:06.676794,
IAU-001509,Beaconhouse National University,BNU,False,Pakistan,https://www.whed.net/institutions/IAU-001509,https://whed.net/detail_institution.php?Jzo2MF0sMzRQLjBgYApgCg==,Lahore,54400,"Tarogil Campus, Raiwind Road",http://www.bnu.edu.pk,Private,Founded in 2003,,,"from 25,000 to 216,500 per semester (PKR)",English,"Higher Education Commission, Pakistan",,,,,"[{""role"": ""Head"", ""name"": ""Shahid Hafiz Kardar"", ""job_title"": ""Vice Chancellor""}, {""role"": ""Senior Administrative Officer"", ""name"": ""Nadeem Asghar Baig"", ""job_title"": ""Registrar""}, {""role"": ""International Relations Officer"", ""name"": ""Zaeem Yaqoob Khan"", ""job_title"": ""Director (Admin & Student Affairs & External Relations)""}]","[{""type"": ""Institute"", ""name"": ""Psychology"", ""fields_of_study"": ""Clinical Psychology, Psychology""}, {""type"": ""School"", ""name"": ""Maria Dawood School of Visual Arts and Design"", ""fields_of_study"": ""Design, Fashion Design, Jewellery Art, Photography, Textile Design, Visual Arts"", ""more_details"": ""SVAD""}, {""type"": ""School"", ""name"": ""Razia Hassan School of Architecture"", ""fields_of_study"": ""Architecture"", ""more_details"": ""SA""}, {""type"": ""School"", ""name"": ""School of Computer and Information Technology"", ""fields_of_study"": ""Computer Engineering, Information Technology, Software Engineering"", ""more_details"": ""SCIT""}, {""type"": ""School"", ""name"": ""School of Education"", ""fields_of_study"": ""Education, Educational Administration, Linguistics""}, {""type"": ""School"", ""name"": ""School of Media and Mass Communication"", ""fields_of_study"": ""Advertising and Publicity, Cinema and Television, Journalism, Mass Communication, Public Relations, Theatre"", ""more_details"": ""SMC""}, {""type"": ""School"", ""name"": ""Seeta Majeed School of Liberal Arts & Social Sciecnes"", ""fields_of_study"": ""Business Administration, Cultural Studies, Economics, English, Literature, Social Sciences"", ""more_details"": ""SLASS""}]","[{""degree"": ""Bachelor's Degree"", ""fields_of_study"": ""Architecture, Business Administration, Cinema and Television, Economics, Fashion Design, Jewellery Art, Psychology, Social Sciences, Software Engineering, Textile Design, Theatre""}, {""degree"": ""Master's Degree/ M. Phil"", ""fields_of_study"": ""Advertising and Publicity, Architecture, Business Administration, Clinical Psychology, Design, Education, Educational Administration, English, Linguistics, Literature, Mass Communication, Psychology, Public Relations, Women's Studies""}, {""degree"": ""PhD"", ""fields_of_study"": ""Clinical Psychology, Psychology""}]",[],30-01-2018,2026-04-06T14:43:11.601941,
IAU-024860,Benazir Bhutto Shaheed University Lyari,BBSUL,False,Pakistan,https://www.whed.net/institutions/IAU-024860,https://whed.net/detail_institution.php?KDo2MF0sQzBYLUNgYApgCg==,Karachi,75660,"Faqeer Muhammad Durra Khan Road, Near Cheel Chowk, Lyari",http://www.bbsul.edu.pk,Public,Founded in 2010,,,,English,"Higher Education Commission, Pakistan",,,,,"[{""role"": ""Head"", ""name"": ""Akhtar Baloch"", ""job_title"": ""Vice Chancellor""}, {""role"": ""Senior Administrative Officer"", ""name"": ""Muhammad Abid"", ""job_title"": ""Registrar""}]","[{""type"": ""Faculty"", ""name"": ""Arts and Humanities"", ""fields_of_study"": ""Education, English""}, {""type"": ""Faculty"", ""name"": ""Computer Sciences and Information Technology"", ""fields_of_study"": ""Computer Science, Information Technology""}, {""type"": ""Faculty"", ""name"": ""Law"", ""fields_of_study"": ""Law""}, {""type"": ""Faculty"", ""name"": ""Management Sciences"", ""fields_of_study"": ""Business Administration, Business and Commerce""}, {""type"": ""Faculty"", ""name"": ""Pharmacy"", ""fields_of_study"": ""Pharmacy""}]","[{""degree"": ""Bachelor's Degree"", ""fields_of_study"": ""Business Administration, Business and Commerce, Computer Science, Education, English, Information Technology, Law, Pharmacy""}, {""degree"": ""Master's Degree/ M. Phil"", ""fields_of_study"": ""Business Administration, Business and Commerce, Computer Science, Education, English, Information Technology, Law, Pharmacy""}]",[],30-01-2018,2026-04-06T14:43:16.918006,
IAU-031368,Benazir Bhutto Shaheed University of Technology and Skill Development,,False,Pakistan,https://www.whed.net/institutions/IAU-031368,https://whed.net/detail_institution.php?KDo2MF0sUyRTLUNAYApgCg==,Khairpur,,,,Public,Created 2016,,,,English,Higher Education Commission (HEC),,,,,"[{""role"": ""Head"", ""name"": ""Rasool Bux Mahar"", ""job_title"": ""Vice-Chancellor""}, {""role"": ""Senior Administrative Officer"", ""name"": ""Mir Sajjad Hussain Talpur"", ""job_title"": ""Registrar""}, {""role"": ""International Relations Officer"", ""name"": ""Ghulam Abbas Junejo"", ""job_title"": ""Director Office of Research, Innovation and Commercialization""}]","[{""type"": ""Department/Division"", ""name"": ""Department"", ""fields_of_study"": ""English""}, {""type"": ""Faculty"", ""name"": ""Artificial Intelligence"", ""fields_of_study"": ""Artificial Intelligence""}, {""type"": ""Faculty"", ""name"": ""Civil Engineering Technology"", ""fields_of_study"": ""Civil Engineering""}, {""type"": ""Faculty"", ""name"": ""Computer Sciences"", ""fields_of_study"": ""Computer Science""}, {""type"": ""Faculty"", ""name"": ""Electrical Engineering Technology"", ""fields_of_study"": ""Electrical Engineering""}, {""type"": ""Faculty"", ""name"": ""Electronics Engineering Technology"", ""fields_of_study"": ""Electronic Engineering""}, {""type"": ""Faculty"", ""name"": ""Mechanical Engineering Technology"", ""fields_of_study"": ""Mechanical Engineering""}, {""type"": ""Faculty"", ""name"": ""Physics"", ""fields_of_study"": ""Physics""}, {""type"": ""Faculty"", ""name"": ""Robotics and Artificial Intelligence"", ""fields_of_study"": ""Artificial Intelligence, Robotics""}]","[{""degree"": ""Bachelor's Degree"", ""fields_of_study"": ""Artificial Intelligence, Civil Engineering, Computer Science, Electrical Engineering, Electronic Engineering, English, Mechanical Engineering, Physics, Robotics""}, {""degree"": ""Master's Degree/ M. Phil"", ""fields_of_study"": ""Civil Engineering, Electrical Engineering, Electronic Engineering, Mechanical Engineering""}]",[],10-02-2026,2026-04-06T14:43:19.764044,
IAU-001721,Bolan University of Medical and Health Sciences,,False,Pakistan,https://www.whed.net/institutions/IAU-001721,https://whed.net/detail_institution.php?Jzo2MF0sMzxSLDBgYApgCg==,Quetta,87300,Brewery Road,https://www.bumhs.edu.pk,Public,Founded 1972 as a medical college and acquired university status in 2017.,,,,English,HEC Pakistan,,,,,"[{""role"": ""Head"", ""name"": ""Shabir Ahmed Lehri"", ""job_title"": ""Vice-Chancellor""}, {""role"": ""Senior Administrative Officer"", ""name"": ""Syed Aurangzaib"", ""job_title"": ""Registrar""}]","[{""type"": ""College"", ""name"": ""Bolan Medical College"", ""fields_of_study"": ""Dentistry, Medicine, Surgery""}, {""type"": ""College"", ""name"": ""Physical Therapy and Rehabilitation Sciences"", ""fields_of_study"": ""Occupational Therapy, Physical Therapy, Speech Therapy and Audiology""}, {""type"": ""Department/Division"", ""name"": ""Allied Health Sciences"", ""fields_of_study"": ""Dental Technology, Laboratory Techniques, Medical Technology, Nutrition, Optometry""}]","[{""degree"": ""Associate Degree"", ""fields_of_study"": ""Dental Technology""}, {""degree"": ""Bachelor's Degree"", ""fields_of_study"": ""Dentistry, Laboratory Techniques, Medical Technology, Medicine, Nutrition, Occupational Therapy, Optometry, Physical Therapy, Speech Therapy and Audiology""}]",[],05-08-2024,2026-04-06T14:43:24.875986,
IAU-027637,Capital University of Science and Technology,CUST,False,Pakistan,https://www.whed.net/institutions/IAU-027637,https://whed.net/detail_institution.php?KDo2MF0sQzxWLFM8YApgCg==,Islamabad,,"Islamabad Expressway, Kahuta Road Zone-V",https://cust.edu.pk,Private,"Created 1998 as a campus of Mohammad Ali Jinnah University, acquired current status as a stand-alone entity in 2015.",,,,English,Higher Education Commission (HEC),,,,,"[{""role"": ""Head"", ""name"": ""Muhammad Mansoor Ahmed"", ""job_title"": ""Vice-Chancellor""}, {""role"": ""Senior Administrative Officer"", ""name"": ""Malik Arshad Mehmood"", ""job_title"": ""Registrar""}]","[{""type"": ""Faculty"", ""name"": ""Computing"", ""fields_of_study"": ""Computer Science, Mathematics""}, {""type"": ""Faculty"", ""name"": ""Engineering"", ""fields_of_study"": ""Civil Engineering, Electrical Engineering, Mechanical Engineering""}, {""type"": ""Faculty"", ""name"": ""Health and Life Sciences"", ""fields_of_study"": ""Biological and Life Sciences, Biotechnology, Microbiology, Pharmacy""}, {""type"": ""Faculty"", ""name"": ""Management and Social Sciences"", ""fields_of_study"": ""Accountancy, Business Administration, Finance, Management, Psychology""}]","[{""degree"": ""Bachelor's Degree""}, {""degree"": ""Master's Degree/ M. Phil""}, {""degree"": ""PhD""}]",[],19-01-2021,2026-04-06T14:43:28.720524,
IAU-002043,CECOS University of Information Technology and Emerging Sciences,,False,Pakistan,https://www.whed.net/institutions/IAU-002043,https://whed.net/detail_institution.php?Jzo2MF0sQ2BULFBgYApgCg==,Peshawar,,"Phase 6, Sector F-5, Hayatabad",http://www.cecos.edu.pk,Private,Founded 1986 as CECOS Data Institute. Acquired present status and title 2001.,,,frrom 295000 to 1100000 for a complete course (PKR),English,"Higher Education Commission, Pakistan",,,,,"[{""role"": ""Head"", ""name"": ""Muhammad Tanveer Javed"", ""job_title"": ""President""}, {""role"": ""Senior Administrative Officer"", ""name"": ""Riaz Ahmed Khattak"", ""job_title"": ""Vice Chancellor""}]","[{""type"": ""College"", ""name"": ""Business Education"", ""fields_of_study"": ""Business Education"", ""more_details"": ""CECOS Frontier CFCBE""}, {""type"": ""Faculty"", ""name"": ""Engineering"", ""fields_of_study"": ""Architecture, Civil Engineering, Electrical Engineering, Mechanical Engineering""}, {""type"": ""Institute"", ""name"": ""Data"", ""fields_of_study"": ""Computer Science"", ""more_details"": ""CECOS""}, {""type"": ""Institute"", ""name"": ""Management and Information Sciences"", ""fields_of_study"": ""Computer Science, Information Technology, Management""}]","[{""degree"": ""Bachelor's Degree"", ""fields_of_study"": ""Business Administration, Business and Commerce, Civil Engineering, Economics, Electrical Engineering, Mechanical Engineering""}, {""degree"": ""Master's Degree/ M. Phil"", ""fields_of_study"": ""Business Administration, Business and Commerce, Management""}]",[],31-01-2018,2026-04-06T14:43:33.827070,
IAU-002841,City University of Science and Information Technology,CUSIT,False,Pakistan,https://www.whed.net/institutions/IAU-002841,https://whed.net/detail_institution.php?Jzo2MF0sQ0BULDBgYApgCg==,Peshawar,25000,Dalazak Road,https://cityuniversity.edu.pk,Private,Founded 2001.,January to December (January-June; August-December),A level or equivalent with at least 45% marks for Bachelors. BA/BSC with at least 45% marks for Masters.,,English,"Higher Education Commission, Pakistan; British Accreditation Council",,co-ed,,,"[{""role"": ""Head"", ""name"": ""Mohammad Abid"", ""job_title"": ""Vice-Chancellor""}, {""role"": ""Senior Administrative Officer"", ""name"": ""Amjad Ali"", ""job_title"": ""Registrar""}, {""role"": ""Senior Administrative Officer"", ""name"": ""Muhammad Sabur Sethi"", ""job_title"": ""President""}]","[{""type"": ""Department/Division"", ""name"": ""Civil Engineering"", ""fields_of_study"": ""Civil Engineering, Construction Engineering""}, {""type"": ""Department/Division"", ""name"": ""Electrical Engineering"", ""fields_of_study"": ""Electrical and Electronic Engineering""}, {""type"": ""Faculty"", ""name"": ""Architecture"", ""fields_of_study"": ""Architecture""}, {""type"": ""Faculty"", ""name"": ""Arts"", ""fields_of_study"": ""English""}, {""type"": ""Faculty"", ""name"": ""Computer Science and Information Technology"", ""fields_of_study"": ""Computer Science, Information Technology, Software Engineering""}, {""type"": ""Faculty"", ""name"": ""Management Sciences"", ""fields_of_study"": ""Economics, Management, Mass Communication""}, {""type"": ""Faculty"", ""name"": ""Sciences"", ""fields_of_study"": ""Mathematics""}]","[{""degree"": ""Bachelor's Degree"", ""fields_of_study"": ""Architecture, Civil Engineering, Computer Science, Electrical and Electronic Engineering, English, Information Technology, Management, Mass Communication, Mathematics, Software Engineering""}, {""degree"": ""Master's Degree/ M. Phil"", ""fields_of_study"": ""Computer Science, Construction Engineering, Economics, Electrical and Electronic Engineering, English, Management, Mass Communication, Mathematics, Software Engineering""}, {""degree"": ""PhD"", ""fields_of_study"": ""Economics, Electrical and Electronic Engineering, Management""}]",[],30-01-2018,2026-04-06T14:43:37.206818,
IAU-024861,Commecs Institute of Business and Emerging Sciences,CIBES,False,Pakistan,https://www.whed.net/institutions/IAU-024861,https://whed.net/detail_institution.php?KDo2MF0sQzBYLUMkYApgCg==,Karachi,75400,"Plot No. 40-B, Block-6, PECHS, Shahrah-e-Faisal",,Private,Founded in 2010,,,,English,"Higher Education Commission, Pakistan",,,,,[],"[{""type"": ""Faculty"", ""name"": ""Business Administration"", ""fields_of_study"": ""Business Administration""}]","[{""degree"": ""Bachelor's Degree"", ""fields_of_study"": ""Business Administration""}, {""degree"": ""Master's Degree/ M. Phil"", ""fields_of_study"": ""Business Administration""}]",[],31-01-2018,2026-04-06T14:43:41.223261,
IAU-003116,COMSATS University Islamabad,,False,Pakistan,https://www.whed.net/institutions/IAU-003116,https://whed.net/detail_institution.php?Jzo2MF0sUyRRLUBgYApgCg==,Islamabad,44550,Park Road Chak Shahzad,,Public,Founded 1998 as COMSATS Institute of Information Technology by the Commission on Science and Technology for Sustainable Development in the South (COMSATS). Acquired current title and status 2018,September to July (September-January; March-July),Intermediate or higher secondary certificate with minimum 50% marks from an accredited institution,"Tuition 36,500-40,500 per semester; 41,500 (Engineering) (PKR)",English,"Higher Education Commission, Pakistan; Pakistan Engineering Council (PEC); Pakistan Council of Architects and Town Planners (PCAT-P)",,co-ed,,,"[{""role"": ""Head"", ""name"": ""Sajod Qamar"", ""job_title"": ""Rector""}, {""role"": ""Senior Administrative Officer"", ""name"": ""Sajjad A. Madani"", ""job_title"": ""Registrar""}]","[{""type"": ""Campus"", ""name"": ""Abbottabad"", ""fields_of_study"": ""Arts and Humanities, Chemistry, Civil Engineering, Computer Science, Development Studies, Earth Sciences, Electrical Engineering, Environmental Engineering, Management, Mathematics, Pharmacy""}, {""type"": ""Campus"", ""name"": ""Attock"", ""fields_of_study"": ""Computer Science, Electrical Engineering, Management, Mathematics""}, {""type"": ""Campus"", ""name"": ""Lahore"", ""fields_of_study"": ""Architecture, Arts and Humanities, Chemistry, Computer Science, Design, Electrical Engineering, Management, Mathematics, Physics, Statistics""}, {""type"": ""Campus"", ""name"": ""Sahiwal"", ""fields_of_study"": ""Biological and Life Sciences, Civil Engineering, Computer Science, Electrical Engineering, Heritage Preservation, Management, Mathematics, Mechanical Engineering""}, {""type"": ""Campus"", ""name"": ""Vehari"", ""fields_of_study"": ""Arts and Humanities, Computer Science, Environmental Studies, Management""}, {""type"": ""Campus"", ""name"": ""Wah"", ""fields_of_study"": ""Business Administration, Civil Engineering, Computer Science, Electrical Engineering, Mathematics""}, {""type"": ""Centre"", ""name"": ""Advanced Studies in Telecommunication"", ""fields_of_study"": ""Telecommunications Engineering"", ""more_details"": ""Islamabad""}, {""type"": ""Centre"", ""name"": ""Business Incubation"", ""fields_of_study"": ""Business Administration""}, {""type"": ""Centre"", ""name"": ""China Study"", ""fields_of_study"": ""Chinese"", ""more_details"": ""islamabad""}, {""type"": ""Centre"", ""name"": ""CISCO Regional Academy"", ""fields_of_study"": ""Multimedia"", ""more_details"": ""Islamabad""}, {""type"": ""Centre"", ""name"": ""Climat Research and Development (CCRD)"", ""fields_of_study"": ""Development Studies"", ""more_details"": ""Islamabad""}, {""type"": ""Centre"", ""name"": ""COMSATS for Executive Development (CCED)"", ""fields_of_study"": ""Management"", ""more_details"": ""Islamabad""}, {""type"": ""Centre"", ""name"": ""English Language (ELC)"", ""fields_of_study"": ""English"", ""more_details"": ""Islamabad""}, {""type"": ""Centre"", ""name"": ""Information Technology"", ""fields_of_study"": ""Information Technology"", ""more_details"": ""Islamabad""}, {""type"": ""Centre"", ""name"": ""Micro and Nano Devices"", ""fields_of_study"": ""Nanotechnology"", ""more_details"": ""Islamabad""}, {""type"": ""Centre"", ""name"": ""Policy Studies (CPS)"", ""fields_of_study"": ""Social Policy"", ""more_details"": ""Islamabad""}, {""type"": ""Faculty"", ""name"": ""Architecture and Design"", ""fields_of_study"": ""Architecture, Design, Fine Arts, Interior Design""}, {""type"": ""Faculty"", ""name"": ""Business Administration"", ""fields_of_study"": ""Business Administration, Development Studies, Management, Peace and Disarmament, Water Management, Water Science""}, {""type"": ""Faculty"", ""name"": ""Engineering"", ""fields_of_study"": ""Chemical Engineering, Civil Engineering, Computer Engineering, Electrical Engineering, Electronic Engineering, Energy Engineering, Environmental Engineering, Mechanical Engineering, Power Engineering, Software Engineering""}, {""type"": ""Faculty"", ""name"": ""Information Science and Technology"", ""fields_of_study"": ""Artificial Intelligence, Bioinformatics, Computer Science, Data Processing""}, {""type"": ""Faculty"", ""name"": ""Science"", ""fields_of_study"": ""Biochemistry, Bioinformatics, Biological and Life Sciences, Biotechnology, Chemistry, Genetics, Geography, Geology, Geophysics, Immunology, Mathematics, Meteorology, Microbiology, Molecular Biology, Physics, Statistics, Virology""}]","[{""degree"": ""Bachelor's Degree"", ""fields_of_study"": ""Accountancy, Architecture, Artificial Intelligence, Bioinformatics, Biological and Life Sciences, Biotechnology, Business Administration, Chemical Engineering, Civil Engineering, Computer Engineering, Computer Science, Data Processing, Design, Development Studies, Economics, Electrical Engineering, Electronic Engineering, English, Environmental Studies, Fine Arts, Food Science, Geology, Geophysics, Information Management, Interior Design, Mathematics, Mechanical Engineering, Media Studies, Pharmacy, Physics, Power Engineering, Psychology, Software Engineering, Statistics""}, {""degree"": ""Master's Degree/ M. Phil"", ""fields_of_study"": ""Biochemistry, Bioinformatics, Biotechnology, Business Administration, Chemical Engineering, Chemistry, Civil Engineering, Computer Engineering, Computer Science, Development Studies, Economics, Electrical Engineering, Energy Engineering, English, Environmental Engineering, Environmental Studies, Genetics, Geography, Geophysics, Immunology, Information Management, International Relations and Diplomacy, Management, Mathematics, Mechanical Engineering, Meteorology, Microbiology, Molecular Biology, Peace and Disarmament, Pharmacy, Physics, Software Engineering, Statistics, Surveying and Mapping, Virology, Water Science""}, {""degree"": ""PhD"", ""fields_of_study"": ""Biochemistry, Biological and Life Sciences, Biotechnology, Chemical Engineering, Chemistry, Computer Engineering, Computer Science, Development Studies, Electrical Engineering, Environmental Studies, Genetics, Immunology, Management, Mathematics, Meteorology, Microbiology, Molecular Biology, Pharmacy, Physics, Statistics""}]",[],14-09-2023,2026-04-06T14:43:45.584172,
IAU-003448,Dadabhoy Institute of Higher Education,DIHE,False,Pakistan,https://www.whed.net/institutions/IAU-003448,https://whed.net/detail_institution.php?Jzo2MF0sUzBULmBgYApgCg==,Karachi,,"SNPA-17/B, Block 3, P.E.C.H.Society,Shaheed-e-Millat Road",http://www.dadabhoy.edu.pk,Private,Founded 2000,,,from 74 000 to 369 000 depending on the degree (PKR),English,"Higher Education Commission, Pakistan",,,,,"[{""role"": ""Head"", ""name"": ""Shahana Urooj Kazmi"", ""job_title"": ""Rector""}, {""role"": ""Senior Administrative Officer"", ""name"": ""Ambreen Asif Qureshi Qureshi"", ""job_title"": ""registrar""}]","[{""type"": ""Faculty"", ""name"": ""Engineering & Computer Sciences"", ""fields_of_study"": ""Computer Engineering, Engineering, Software Engineering""}, {""type"": ""Faculty"", ""name"": ""Law"", ""fields_of_study"": ""Law""}, {""type"": ""Faculty"", ""name"": ""Management, Media and Social Sciences"", ""fields_of_study"": ""Accountancy, Business Administration, Business and Commerce, Economics, Education, Fashion Design, Finance, Management, Marketing, Mass Communication, Media Studies, Social Sciences, Textile Design""}, {""type"": ""Faculty"", ""name"": ""Science"", ""fields_of_study"": ""Aquaculture, Biotechnology, Electronic Engineering, Environmental Studies, Epidemiology, Fishery, Food Technology, Immunology, Information Technology, Mathematics and Computer Science, Microbiology, Pharmacy, Public Health, Veterinary Science""}]","[{""degree"": ""Bachelor's Degree"", ""fields_of_study"": ""Aquaculture, Biotechnology, Business Administration, Business and Commerce, Computer Engineering, Education, Environmental Studies, Epidemiology, Fashion Design, Fishery, Food Technology, Immunology, Information Technology, Law, Media Studies, Microbiology, Pharmacy, Public Health, Software Engineering, Textile Design, Veterinary Science""}, {""degree"": ""Master's Degree/ M. Phil"", ""fields_of_study"": ""Aquaculture, Biotechnology, Business Administration, Education, Environmental Studies, Epidemiology, Finance, Fishery, Food Technology, Islamic Law, Management, Marketing, Microbiology, Pharmacy, Philosophy of Education, Public Health, Veterinary Science""}, {""degree"": ""PhD"", ""fields_of_study"": ""Computer Science""}]",[],31-01-2018,2026-04-06T14:43:49.949025,
IAU-003592,Dawood University of Engineering and Technology,DUET,False,Pakistan,https://www.whed.net/institutions/IAU-003592,https://whed.net/detail_institution.php?Jzo2MF0sUzRZLEBgYApgCg==,Karachi,74800,New M.A Jinnah Road,http://www.duet.edu.pk,Public,Founded 1962. Acquired present status 2013.,,,"27,000 to 31,000 per year (PKR)",English,"Higher Education Commission, Pakistan",,,,,"[{""role"": ""Head"", ""name"": ""Faizullah Abbasi"", ""job_title"": ""Vice-Chancellor""}, {""role"": ""Senior Administrative Officer"", ""name"": ""Syed Waqar Hussain"", ""job_title"": ""Registrar""}]","[{""type"": ""Department/Division"", ""name"": ""Architecture and Planning"", ""fields_of_study"": ""Architecture and Planning""}, {""type"": ""Department/Division"", ""name"": ""Chemical Engineering"", ""fields_of_study"": ""Chemical Engineering""}, {""type"": ""Department/Division"", ""name"": ""Computer Systems"", ""fields_of_study"": ""Computer Engineering""}, {""type"": ""Department/Division"", ""name"": ""Electronic Engineering"", ""fields_of_study"": ""Electronic Engineering""}, {""type"": ""Department/Division"", ""name"": ""Energy and Environment"", ""fields_of_study"": ""Energy Engineering, Environmental Engineering""}, {""type"": ""Department/Division"", ""name"": ""Industrial Engineering and Management"", ""fields_of_study"": ""Industrial Engineering, Management""}, {""type"": ""Department/Division"", ""name"": ""Metallurgy and Materials Engineering"", ""fields_of_study"": ""Materials Engineering, Metallurgical Engineering""}, {""type"": ""Department/Division"", ""name"": ""Petroleum and Gaz"", ""fields_of_study"": ""Petroleum and Gas Engineering""}, {""type"": ""Department/Division"", ""name"": ""Telecommunication"", ""fields_of_study"": ""Telecommunications Engineering""}]","[{""degree"": ""Bachelor's Degree"", ""fields_of_study"": ""Architecture and Planning, Chemical Engineering, Computer Engineering, Energy Engineering, Engineering, Environmental Engineering, Industrial Engineering, Management, Materials Engineering, Metallurgical Engineering, Petroleum and Gas Engineering, Telecommunications Engineering""}]",[],30-01-2018,2026-04-06T14:43:54.266970,
IAU-024864,DHA Suffa University,DSU,False,Pakistan,https://www.whed.net/institutions/IAU-024864,https://whed.net/detail_institution.php?KDo2MF0sQzBYLUMwYApgCg==,Karachi,75500,"Ph-VII DG-78, Off Khayaban-e-Tufail Ext Phase 7 Ext Karachi",https://www.dsu.edu.pk,Private,Founded in 2002,,,,English,"Higher Education Commission, Pakistan",,,,,"[{""role"": ""Head"", ""name"": ""Ahmed Saeed Minhas"", ""job_title"": ""Vice-Chancellor""}, {""role"": ""Senior Administrative Officer"", ""name"": ""Zahid Ul Hassan"", ""job_title"": ""Registrar""}]","[{""type"": ""Department/Division"", ""name"": ""Computer Science"", ""fields_of_study"": ""Computer Science""}, {""type"": ""Department/Division"", ""name"": ""Electrical Engineering"", ""fields_of_study"": ""Electrical Engineering""}, {""type"": ""Department/Division"", ""name"": ""Management Sciences"", ""fields_of_study"": ""Accountancy, Business Administration, Finance, Management""}, {""type"": ""Department/Division"", ""name"": ""Mechanical Engineering"", ""fields_of_study"": ""Mechanical Engineering""}]","[{""degree"": ""Bachelor's Degree"", ""fields_of_study"": ""Accountancy, Business Administration, Computer Science, Electrical Engineering, Finance, Management, Mechanical Engineering""}, {""degree"": ""Master's Degree/ M. Phil"", ""fields_of_study"": ""Business Administration, Computer Science, Electrical Engineering, Management, Mechanical Engineering""}, {""degree"": ""PhD"", ""fields_of_study"": ""Computer Science, Electrical Engineering, Management, Mechanical Engineering""}]",[],30-01-2018,2026-04-06T14:43:57.775235,
IAU-003876,Dow University of Health Sciences,DUHS,False,Pakistan,https://www.whed.net/institutions/IAU-003876,https://whed.net/detail_institution.php?Jzo2MF0sU0BXLUBgYApgCg==,Karachi,74200,Baba-E-Urdu Road,http://www.duhs.edu.pk,Public,"Established in 1945 as Dow Medical College (DMC), it is one of the oldest medical colleges in Pakistan and offers MBBS and BDS undergraduate education, with a strong emphasis in the medical, biomedical sciences, public health, allied health sciences and business management programs. The University has one main campus, and another sub-campus located in the urban metropolitan city of Karachi, Sindh.",Jan to Dec for Professional year programs and semester based system (Jan-March and Sept to Dec) for spring and fall semesters.,,"Varies for each degree awarding program (approx. 80,000 PKR to 150, 000 PKR) per semester. (PKR)",English,"Higher Education Commission, Pakistan",None,co-ed,8006,2020-2021,"[{""role"": ""Head"", ""name"": ""Mohammed Saeed Quraishy"", ""job_title"": ""Vice-Chancellor""}, {""role"": ""Senior Administrative Officer"", ""name"": ""Ashar Afaq"", ""job_title"": ""Registrar DUHS""}, {""role"": ""International Relations Officer"", ""name"": ""Sanam Soomro"", ""job_title"": ""Director, Quality Enhancement Cell""}]","[{""type"": ""College"", ""name"": ""Biotechnology"", ""fields_of_study"": ""Biotechnology""}, {""type"": ""College"", ""name"": ""Dental College"", ""fields_of_study"": ""Dentistry""}, {""type"": ""College"", ""name"": ""International Dental College"", ""fields_of_study"": ""Dentistry""}, {""type"": ""College"", ""name"": ""International Medical College"", ""fields_of_study"": ""Medicine""}, {""type"": ""College"", ""name"": ""Medical College"", ""fields_of_study"": ""Medicine""}, {""type"": ""College"", ""name"": ""Pharmacy"", ""fields_of_study"": ""Pharmacy""}, {""type"": ""Graduate School"", ""name"": ""Biomedical Sciences"", ""fields_of_study"": ""Biomedicine, Dentistry, Pharmacy, Public Health""}, {""type"": ""Graduate School"", ""name"": ""Postgraduate Studies"", ""fields_of_study"": ""Anaesthesiology, Cardiology, Dermatology, Endocrinology, Epidemiology, Health Administration, Neurology, Obstetrics and Gynaecology, Ophthalmology, Orthopaedics, Otorhinolaryngology, Paediatrics, Plastic Surgery, Psychiatry and Mental Health""}, {""type"": ""Institute"", ""name"": ""Behavioral Sciences"", ""fields_of_study"": ""Medicine, Psychiatry and Mental Health"", ""more_details"": ""Dr. Abdul Qadeer Khan""}, {""type"": ""Institute"", ""name"": ""Business and Health Management"", ""fields_of_study"": ""Business Administration, Health Administration""}, {""type"": ""Institute"", ""name"": ""Chest Diseases"", ""fields_of_study"": ""Pneumology""}, {""type"": ""Institute"", ""name"": ""Diabetes and Endocrinology"", ""fields_of_study"": ""Diabetology, Endocrinology""}, {""type"": ""Institute"", ""name"": ""Health Professionals Education"", ""fields_of_study"": ""Health Education""}, {""type"": ""Institute"", ""name"": ""Liver and Gastrointestinal Diseases"", ""fields_of_study"": ""Gastroenterology, Hepatology""}, {""type"": ""Institute"", ""name"": ""Medical Technology"", ""fields_of_study"": ""Medical Technology, Optometry""}, {""type"": ""Institute"", ""name"": ""Nursing and Midwifery"", ""fields_of_study"": ""Midwifery, Nursing""}, {""type"": ""Institute"", ""name"": ""Oral Health Sciences"", ""fields_of_study"": ""Dentistry"", ""more_details"": ""Dr. Ishrat Ul Ibad Khan""}, {""type"": ""Institute"", ""name"": ""Physical Medicine and Rehabilitation"", ""fields_of_study"": ""Occupational Therapy, Physical Therapy, Rehabilitation and Therapy"", ""more_details"": ""IPM&R""}, {""type"": ""Institute"", ""name"": ""Radiology"", ""fields_of_study"": ""Radiology""}, {""type"": ""School"", ""name"": ""Dental Care Professionals"", ""fields_of_study"": ""Dental Hygiene, Dental Technology""}, {""type"": ""School"", ""name"": ""Public Health"", ""fields_of_study"": ""Epidemiology, Public Health"", ""more_details"": ""School of Public Health (SPH) was founded in the year 2012. School of Public Health researchers, academics and graduates are expected to play a vital role in shaping the future of healthcare in Pakistan.""}]","[{""degree"": ""Bachelor's Degree"", ""fields_of_study"": ""Business Administration, Dentistry, Medical Auxiliaries, Medical Technology, Medicine, Midwifery, Nursing, Optometry, Pharmacy, Physical Therapy, Public Health, Radiology, Surgery""}, {""degree"": ""Master's Degree/ M. Phil"", ""fields_of_study"": ""Anaesthesiology, Business Administration, Cardiology, Dentistry, Dermatology, Diabetology, Endocrinology, Epidemiology, Health Administration, Medicine, Neurology, Nursing, Obstetrics and Gynaecology, Ophthalmology, Oral Pathology, Orthodontics, Orthopaedics, Otorhinolaryngology, Paediatrics, Pathology, Periodontics, Pharmacy, Plastic Surgery, Psychiatry and Mental Health, Public Health, Radiology, Rehabilitation and Therapy, Surgery""}, {""degree"": ""PhD"", ""fields_of_study"": ""Biomedicine, Dentistry, Pharmacy, Public Health""}]","[""Journal of Dow University of Health Sciences""]",11-01-2021,2026-04-06T14:44:02.647718,
IAU-028486,Fata University,,False,Pakistan,https://www.whed.net/institutions/IAU-028486,https://whed.net/detail_institution.php?KDo2MF0sQ0BULiM4YApgCg==,Kohat,25000,"Tribal Sub Division, Darra Adam Khel Newly Merged District, Fr Kohat",https://www.fu.edu.pk,Public,"Created 2013, acquired current status 2016.","Autumn (Sep-Jan), Spring (Feb-June)",Higher Secondary School Certificate (HSSC),"16,500 per semester (PKR)",English,"Higher Education Commission, Pakistan (HEC)",,,750,2021-2022,"[{""role"": ""Head"", ""name"": ""Muhammad Jahanzeb Khan"", ""job_title"": ""Vice-Chancellor""}, {""role"": ""Senior Administrative Officer"", ""name"": ""Nasir Khan"", ""job_title"": ""Acting Registrar""}, {""role"": ""International Relations Officer"", ""name"": ""Muhammad Saeed Khalil"", ""job_title"": ""Administrative Officer""}]","[{""type"": ""Department/Division"", ""name"": ""Computer Science"", ""fields_of_study"": ""Computer Science""}, {""type"": ""Department/Division"", ""name"": ""English"", ""fields_of_study"": ""English""}, {""type"": ""Department/Division"", ""name"": ""Geology"", ""fields_of_study"": ""Geology""}, {""type"": ""Department/Division"", ""name"": ""Management Science"", ""fields_of_study"": ""Management""}, {""type"": ""Department/Division"", ""name"": ""Mathematics"", ""fields_of_study"": ""Mathematics""}, {""type"": ""Department/Division"", ""name"": ""Political Science"", ""fields_of_study"": ""Political Sciences""}, {""type"": ""Department/Division"", ""name"": ""Sociology"", ""fields_of_study"": ""Sociology""}]","[{""degree"": ""Bachelor's Degree"", ""fields_of_study"": ""Computer Science, English, Geology, Management, Mathematics, Political Sciences, Sociology""}]",[],17-02-2022,2026-04-06T14:44:07.950777,
IAU-006272,Fatima Jinnah Women University,FJWU,True,Pakistan,https://www.whed.net/institutions/IAU-006272,https://whed.net/detail_institution.php?Jzo2MF0tQyhXLEBgYApgCg==,Rawalpindi,46000,The Mall Old Presidency,,Public,Founded 1998,September to June (September-January; February-June),A-Levels and Intermediate,"Bachelor/Master's degree programmes, 36100 for a year. (PKR)",English,"Higher Education Commission, Pakistan",None,female,,,"[{""role"": ""Head"", ""name"": ""Saima Hamid"", ""job_title"": ""Vice-Chancellor""}, {""role"": ""Senior Administrative Officer"", ""name"": ""Mahwash Shahzadi"", ""job_title"": ""Assistant Registrar""}]","[{""type"": ""Centre"", ""name"": ""Information Technology"", ""fields_of_study"": ""Information Technology""}, {""type"": ""Centre"", ""name"": ""Resource centre murree (RCM)"", ""fields_of_study"": ""Education""}, {""type"": ""Centre"", ""name"": ""Women Research and Resource (WRRC)"", ""fields_of_study"": ""Gender Studies""}, {""type"": ""Department/Division"", ""name"": ""Behavioral Sciences"", ""fields_of_study"": ""Anthropology, Behavioural Sciences, Psychology, Sociology""}, {""type"": ""Department/Division"", ""name"": ""Business Administration"", ""fields_of_study"": ""Finance, Human Resources, Marketing""}, {""type"": ""Department/Division"", ""name"": ""Commerce"", ""fields_of_study"": ""Business and Commerce""}, {""type"": ""Department/Division"", ""name"": ""Communication and Media Studies"", ""fields_of_study"": ""Mass Communication, Telecommunications Services""}, {""type"": ""Department/Division"", ""name"": ""Computer Arts"", ""fields_of_study"": ""Computer Graphics""}, {""type"": ""Department/Division"", ""name"": ""Computer Science"", ""fields_of_study"": ""Computer Science""}, {""type"": ""Department/Division"", ""name"": ""Defense and Diplomatic Studies"", ""fields_of_study"": ""Peace and Disarmament, Political Sciences""}, {""type"": ""Department/Division"", ""name"": ""Economics"", ""fields_of_study"": ""Economics""}, {""type"": ""Department/Division"", ""name"": ""Education"", ""fields_of_study"": ""Education""}, {""type"": ""Department/Division"", ""name"": ""Electronic Engineering"", ""fields_of_study"": ""Electronic Engineering""}, {""type"": ""Department/Division"", ""name"": ""English"", ""fields_of_study"": ""English, Linguistics, Literature""}, {""type"": ""Department/Division"", ""name"": ""Environmental Sciences"", ""fields_of_study"": ""Environmental Engineering, Environmental Studies""}, {""type"": ""Department/Division"", ""name"": ""Fine Arts"", ""fields_of_study"": ""Fine Arts""}, {""type"": ""Department/Division"", ""name"": ""Gender Studies"", ""fields_of_study"": ""Gender Studies""}, {""type"": ""Department/Division"", ""name"": ""Islamic Studies"", ""fields_of_study"": ""Islamic Law, Islamic Studies, Islamic Theology""}, {""type"": ""Department/Division"", ""name"": ""Law"", ""fields_of_study"": ""Law""}, {""type"": ""Department/Division"", ""name"": ""Mathematical Sciences"", ""fields_of_study"": ""Mathematics""}, {""type"": ""Department/Division"", ""name"": ""Physics"", ""fields_of_study"": ""Physics""}, {""type"": ""Department/Division"", ""name"": ""Public Administration"", ""fields_of_study"": ""Public Administration""}, {""type"": ""Department/Division"", ""name"": ""Software Engineering"", ""fields_of_study"": ""Software Engineering""}, {""type"": ""Department/Division"", ""name"": ""Urdu"", ""fields_of_study"": ""Linguistics, Literature""}]","[{""degree"": ""Bachelor's Degree"", ""fields_of_study"": ""Behavioural Sciences, Business Administration, Business and Commerce, Computer Graphics, Computer Science, Economics, Education, Electronic Engineering, English, Environmental Engineering, Environmental Studies, Fine Arts, Gender Studies, Islamic Law, Islamic Studies, Islamic Theology, Law, Linguistics, Literature, Mass Communication, Mathematics, Peace and Disarmament, Physics, Psychology, Software Engineering""}, {""degree"": ""Master's Degree/ M. Phil"", ""fields_of_study"": ""Behavioural Sciences, Biotechnology, Business Administration, Business and Commerce, Computer Science, Economics, Education, English, Environmental Studies, Fine Arts, Gender Studies, Islamic Studies, Mass Communication, Mathematics, Peace and Disarmament, Public Administration""}, {""degree"": ""PhD"", ""fields_of_study"": ""Behavioural Sciences, Economics, Education, English, Environmental Studies, Linguistics, Literature, Psychology""}]","[""Journal of Gender and Social Studies""]",30-01-2018,2026-04-06T14:44:11.522889,
IAU-006312,"Federal Urdu University of Arts, Science and Technology",FUUAST,False,Pakistan,https://www.whed.net/institutions/IAU-006312,https://whed.net/detail_institution.php?Jzo2MF0tQyxRLEBgYApgCg==,Islamabad,,Sector G-7/1 Near Zero Point,https://fuuast.edu.pk,Public,"Founded by a presidential ordinance on Nov. 13, 2002. Upgrading two existing colleges, Federal Urdu Science College and Federal Urdu College at Karachi.",,,,English,"Higher Education Commission, Pakistan",,,,,"[{""role"": ""Head"", ""name"": ""Zabta Khan Shinwari"", ""job_title"": ""Vice-Chancellor""}, {""role"": ""Senior Administrative Officer"", ""name"": ""Shabbar Raza Rizvi"", ""job_title"": ""Director Quality Enhancement Cell""}]","[{""type"": ""Campus"", ""name"": ""Islamabad"", ""fields_of_study"": ""Applied Physics, Business Administration, Business and Commerce, Computer Engineering, Computer Science, Economics, Electrical Engineering, Islamic Studies, Law, Urdu""}, {""type"": ""Faculty"", ""name"": ""Arts - Campus Karachi"", ""fields_of_study"": ""Arabic, English, History, International Relations and Diplomacy, Islamic Studies, Mass Communication, Political Sciences, Psychology, Social Work, South and Southeast Asian Languages, Urdu""}, {""type"": ""Faculty"", ""name"": ""Business Administration - Campus Karachi"", ""fields_of_study"": ""Business Administration, Business and Commerce, Economics""}, {""type"": ""Faculty"", ""name"": ""Education - Campus Karachi"", ""fields_of_study"": ""Education, Special Education, Teacher Training""}, {""type"": ""Faculty"", ""name"": ""Islamic Studies - Campus Karachi"", ""fields_of_study"": ""Islamic Studies, Islamic Theology, Religion""}, {""type"": ""Faculty"", ""name"": ""Law - Campus Karachi"", ""fields_of_study"": ""Law""}, {""type"": ""Faculty"", ""name"": ""Pharmacy- Campus Karachi"", ""fields_of_study"": ""Pharmacy""}, {""type"": ""Faculty"", ""name"": ""Science- Campus Karachi"", ""fields_of_study"": ""Biochemistry, Botany, Chemistry, Computer Science, Environmental Studies, Geography, Geology, Mathematics, Microbiology, Physics, Sports, Statistics, Zoology""}]","[{""degree"": ""Bachelor's Degree"", ""fields_of_study"": ""Arabic, Biochemistry, Biotechnology, Botany, Business Administration, Business and Commerce, Chemistry, Computer Science, Education, Electrical Engineering, English, Environmental Studies, Geography, Geology, History, International Relations and Diplomacy, Islamic Studies, Law, Mass Communication, Mathematics, Microbiology, Pharmacy, Physics, Political Sciences, Social Work, South and Southeast Asian Languages, Sports, Statistics, Urdu, Zoology""}, {""degree"": ""Master's Degree/ M. Phil"", ""fields_of_study"": ""Arabic, Biochemistry, Botany, Business Administration, Business and Commerce, Chemistry, Computer Science, Economics, Education, Electrical Engineering, English, Environmental Studies, Geography, Geology, History, Islamic Studies, Islamic Theology, Law, Mass Communication, Mathematics, Microbiology, Physics, Political Sciences, Psychology, Religion, Social Work, South and Southeast Asian Languages, Special Education, Sports, Statistics, Urdu, Zoology""}, {""degree"": ""PhD"", ""fields_of_study"": ""Economics, Urdu""}]",[],30-01-2018,2026-04-06T14:44:14.550878,
IAU-006393,Forman Christian College,,False,Pakistan,https://www.whed.net/institutions/IAU-006393,https://whed.net/detail_institution.php?Jzo2MF0tQyxZLFBgYApgCg==,Lahore,54600,Ferozepur Road,https://www.fccollege.edu.pk,Private,Created in 1864 as Lahore Mission College. Became Forman Christian College 1894. Acquired current status 2004.,October to February; February to May,"Secondary school certificate or equivalent, undergraduate programmes; Bachelor's degree, postgraduate programmes.",,English,"Higher Education Commission, Pakistan",Christian,co-ed,,,"[{""role"": ""Head"", ""name"": ""Jonathan Addleton"", ""job_title"": ""Rector""}, {""role"": ""Senior Administrative Officer"", ""name"": ""Douglas Trimble"", ""job_title"": ""Vice Rector for Academic Affairs""}, {""role"": ""International Relations Officer"", ""name"": ""Sylvia De Souza"", ""job_title"": ""Senior Manager International Education""}]","[{""type"": ""Faculty"", ""name"": ""Computer Science & Mathematics"", ""fields_of_study"": ""Computer Science, Mathematics, Statistics""}, {""type"": ""Faculty"", ""name"": ""Education"", ""fields_of_study"": ""Education""}, {""type"": ""Faculty"", ""name"": ""Humanities"", ""fields_of_study"": ""English, Mass Communication, Philosophy, Theology, Urdu""}, {""type"": ""Faculty"", ""name"": ""Natural Sciences"", ""fields_of_study"": ""Biological and Life Sciences, Biomedical Engineering, Chemistry, Environmental Studies, Pharmacy, Physics""}, {""type"": ""Faculty"", ""name"": ""Social Sciences"", ""fields_of_study"": ""Geography, History, Political Sciences, Psychology, Sociology""}, {""type"": ""School"", ""name"": ""Management"", ""fields_of_study"": ""Accountancy, Business Administration, Finance, Human Resources, Marketing""}]","[{""degree"": ""Bachelor's Degree"", ""fields_of_study"": ""Biological and Life Sciences, Biomedical Engineering, Business Administration, Chemistry, Computer Science, Economics, Education, English, Environmental Studies, Geography, History, Mass Communication, Mathematics, Pharmacy, Philosophy, Physics, Political Sciences, Psychology, Sociology, Statistics, Theology, Urdu""}, {""degree"": ""Master's Degree/ M. Phil"", ""fields_of_study"": ""Biological and Life Sciences, Biotechnology, Business Administration, Chemistry, Computer Science, Economics, English, Environmental Studies, Pharmacy, Philosophy, Physics, Political Sciences, Statistics""}]",[],09-09-2024,2026-04-06T14:44:19.257970,
IAU-006403,Foundation University Islamabad,FUI,True,Pakistan,https://www.whed.net/institutions/IAU-006403,https://whed.net/detail_institution.php?Jzo2MF0tQzBQLFBgYApgCg==,Islamabad,44000,DHA Phase-1 Defence Avenue,,Private,Founded 2002.,January to December,"BA/BSc degree for Postgraduates, and FA/FSc for Bachelor and MBBS degrees",,English,"Higher Education Commission, Pakistan; College of Physicians and Surgeons of Pakistan; Pakistan Engineering Council",,,8000,2024-2025,"[{""role"": ""Head"", ""name"": ""Raza Ali Khan"", ""job_title"": ""Rector""}, {""role"": ""Senior Administrative Officer"", ""name"": ""Amir Gulzar"", ""job_title"": ""Registrar""}, {""role"": ""International Relations Officer"", ""name"": ""Amir Sajjad Khan"", ""job_title"": ""Manager of International Office""}]","[{""type"": ""Campus"", ""name"": ""Rawalpindi"", ""fields_of_study"": ""Business Administration, Computer Graphics, Computer Science, Economics, Electrical Engineering, English, Mass Communication, Psychology, Software Engineering""}, {""type"": ""College"", ""name"": ""Foundation University College of Dentistry and Hospital"", ""fields_of_study"": ""Dentistry, Orthodontics, Periodontics"", ""more_details"": ""FUCD&H""}, {""type"": ""College"", ""name"": ""Foundation University College of Nursing"", ""fields_of_study"": ""Nursing"", ""more_details"": ""FUCN""}, {""type"": ""College"", ""name"": ""Foundation University College of Physical Therapy"", ""fields_of_study"": ""Physical Therapy"", ""more_details"": ""FUCP""}, {""type"": ""College"", ""name"": ""Foundation University Medical College"", ""fields_of_study"": ""Anatomy, Behavioural Sciences, Biochemistry, Forensic Medicine and Dentistry, Medicine, Obstetrics and Gynaecology, Otorhinolaryngology, Paediatrics, Pathology, Pharmacology, Physiology, Surgery"", ""more_details"": ""FUMC""}, {""type"": ""Faculty"", ""name"": ""Arts and Social Sciences"", ""fields_of_study"": ""Clinical Psychology, English, Information Technology, Linguistics, Literature, Mass Communication, Media Studies, Psychology"", ""more_details"": ""part of Foundation University School of Science and Technology (FUSST)""}, {""type"": ""Faculty"", ""name"": ""Engineering and Information Technology"", ""fields_of_study"": ""Biomedical Engineering, Biotechnology, Computer Science, Electrical Engineering, Software Engineering"", ""more_details"": ""part of Foundation University School of Science and Technology (FUSST)""}, {""type"": ""Faculty"", ""name"": ""Management Sciences"", ""fields_of_study"": ""Accountancy, Air Transport, Business Administration, Finance, Management, Tourism"", ""more_details"": ""part of Foundation University School of Science and Technology (FUSST)""}]","[{""degree"": ""Bachelor's Degree"", ""fields_of_study"": ""Accountancy, Air Transport, Biotechnology, Business Administration, Computer Graphics, Computer Science, Electrical Engineering, English, Information Technology, Mass Communication, Medicine, Nursing, Physical Therapy, Psychology, Software Engineering, Surgery, Tourism""}, {""degree"": ""Master's Degree/ M. Phil"", ""fields_of_study"": ""Business Administration, Clinical Psychology, Computer Science, Economics, Electrical Engineering, English, Finance, Management, Media Studies, Physical Therapy, Psychology, Software Engineering""}, {""degree"": ""PhD"", ""fields_of_study"": ""Computer Science, Education, Management""}]","[""FUMJ Foundation University Medical Journal""]",17-07-2024,2026-04-06T14:44:23.846343,
IAU-006573,Gandhara University,,False,Pakistan,https://www.whed.net/institutions/IAU-006573,https://whed.net/detail_institution.php?Jzo2MF0tQzRXLFBgYApgCg==,Peshawar,,Canal Road University Town,http://www.gandhara.edu.pk,Private,Founded 2002,,,,English,"Higher Education Commission, Pakistan",,,,,"[{""role"": ""Head"", ""name"": ""Abdus Salam"", ""job_title"": ""Vice-Chancellor""}]","[{""type"": ""College"", ""name"": ""Ghandara College of Pharmacy"", ""fields_of_study"": ""Pharmacy""}, {""type"": ""College"", ""name"": ""Kabir Medical"", ""fields_of_study"": ""Medicine""}, {""type"": ""College"", ""name"": ""Sardar Begum Dental"", ""fields_of_study"": ""Dentistry""}, {""type"": ""Institute"", ""name"": ""Farkhanda Institute of Nursing"", ""fields_of_study"": ""Nursing""}, {""type"": ""Institute"", ""name"": ""Kabir Public Health"", ""fields_of_study"": ""Public Health"", ""more_details"": ""Kabi""}, {""type"": ""Institute"", ""name"": ""Wazir Muhammad Institute Paramedical Technologies"", ""fields_of_study"": ""Laboratory Techniques"", ""more_details"": ""Wazir Muhammad""}]","[{""degree"": ""Bachelor's Degree"", ""fields_of_study"": ""Dentistry, Laboratory Techniques, Medicine, Nursing, Pharmacy, Public Health""}, {""degree"": ""Master's Degree/ M. Phil"", ""fields_of_study"": ""Dentistry, Medicine, Nursing, Pharmacy, Public Health""}]",[],30-01-2018,2026-04-06T14:44:27.750865,
IAU-024865,Ghazi University,,False,Pakistan,https://www.whed.net/institutions/IAU-024865,https://whed.net/detail_institution.php?KDo2MF0sQzBYLUM0YApgCg==,Dera Ghazi Khan,,"College Chowk, Near Pul Dat",http://www.gudgk.edu.pk,Public,Founded in 2012,,,,English,"Higher Education Commission, Pakistan",,,,,"[{""role"": ""Senior Administrative Officer"", ""name"": ""Najeeb Haider"", ""job_title"": ""Registrar""}]","[{""type"": ""Faculty"", ""name"": ""Agricultural Sciences"", ""fields_of_study"": ""Agronomy, Environmental Studies, Genetics, Horticulture, Plant and Crop Protection, Soil Science""}, {""type"": ""Faculty"", ""name"": ""Arts"", ""fields_of_study"": ""English, Islamic Studies, Political Sciences, Urdu""}, {""type"": ""Faculty"", ""name"": ""Management and Social Sciences"", ""fields_of_study"": ""Business Administration, Economics, Education, Sociology""}, {""type"": ""Faculty"", ""name"": ""Science"", ""fields_of_study"": ""Botany, Chemistry, Computer Science, Mathematics, Physics, Statistics, Zoology""}]","[{""degree"": ""Bachelor's Degree"", ""fields_of_study"": ""Agriculture, Botany, Business Administration, Chemistry, Economics, English, Information Technology, Mathematics, Physics, Sociology, Statistics, Zoology""}, {""degree"": ""Master's Degree/ M. Phil"", ""fields_of_study"": ""Agronomy, Botany, Business Administration, Chemistry, Computer Science, Economics, Education, English, Entomology, Environmental Studies, Genetics, Horticulture, Islamic Studies, Mathematics, Physics, Plant and Crop Protection, Political Sciences, Sociology, Soil Science, Statistics, Urdu, Zoology""}]",[],30-01-2018,2026-04-06T14:44:30.987004,
IAU-006652,Ghulam Ishaq Khan Institute of Engineering Sciences and Technology,GIKIEST,False,Pakistan,https://www.whed.net/institutions/IAU-006652,https://whed.net/detail_institution.php?Jzo2MF0tQzhVLEBgYApgCg==,Topi,,,,Private,Founded 1992,,,"505,000 per year (PKR)",English,"Higher Education Commission, Pakistan",,,,,"[{""role"": ""Head"", ""name"": ""Jehangir Bashar"", ""job_title"": ""Rector""}, {""role"": ""Senior Administrative Officer"", ""name"": ""Ahsan Basir Sheikh"", ""job_title"": ""Pro-Rector""}]","[{""type"": ""Department/Division"", ""name"": ""Management Science"", ""fields_of_study"": ""Arts and Humanities, Management""}, {""type"": ""Faculty"", ""name"": ""Computer Science and Engineering"", ""fields_of_study"": ""Artificial Intelligence, Computer Engineering, Computer Science, Multimedia, Software Engineering""}, {""type"": ""Faculty"", ""name"": ""Electrical Engineering"", ""fields_of_study"": ""Electronic Engineering""}, {""type"": ""Faculty"", ""name"": ""Engineering Sciences"", ""fields_of_study"": ""Engineering""}, {""type"": ""Faculty"", ""name"": ""Material and Chemical Engineering (FMCE)"", ""fields_of_study"": ""Chemical Engineering, Materials Engineering""}, {""type"": ""Faculty"", ""name"": ""Mecanical Engineering"", ""fields_of_study"": ""Metallurgical Engineering""}]","[{""degree"": ""Bachelor's Degree"", ""fields_of_study"": ""Computer Engineering""}, {""degree"": ""Master's Degree/ M. Phil"", ""fields_of_study"": ""Computer Engineering, Electronic Engineering, Energy Engineering, Engineering, Materials Engineering, Metallurgical Engineering, Nanotechnology""}, {""degree"": ""PhD"", ""fields_of_study"": ""Chemical Engineering, Computer Engineering, Computer Science, Electronic Engineering, Materials Engineering, Metallurgical Engineering""}]",[],09-03-2018,2026-04-06T14:44:35.605903,
IAU-006653,GIFT University,,False,Pakistan,https://www.whed.net/institutions/IAU-006653,https://whed.net/detail_institution.php?Jzo2MF0tQzhVLFBgYApgCg==,Gurjanwala,52250,"Near GIFT University Chowk, Sialkot Bypass",http://www.gift.edu.pk,Private,Founded 2002,,,"212,000 to 880,000 per year (PKR)",English,"Higher Education Commission, Pakistan",,,,,"[{""role"": ""Head"", ""name"": ""Qaiser Shehryar Durrani"", ""job_title"": ""Rector""}, {""role"": ""Senior Administrative Officer"", ""name"": ""Waseem Ullah Dar"", ""job_title"": ""Registrar (Acting)""}]","[{""type"": ""School"", ""name"": ""Arts and Social Sciences (SASS)"", ""fields_of_study"": ""English, Islamic Studies, Linguistics, Literature, Mass Communication, Social Sciences""}, {""type"": ""School"", ""name"": ""Business (GBS)"", ""fields_of_study"": ""Accountancy, Business Administration, Business and Commerce, Economics, Finance, Management""}, {""type"": ""School"", ""name"": ""Engineering and Applied Sciences (SEAS)"", ""fields_of_study"": ""Computer Science, Electrical Engineering, Software Engineering""}, {""type"": ""School"", ""name"": ""Fine Arts, Design and Architecture (SFADA)"", ""fields_of_study"": ""Architecture, Design, Fine Arts, Textile Design""}]","[{""degree"": ""Bachelor's Degree"", ""fields_of_study"": ""Accountancy, Business Administration, Computer Science, Design, Electrical Engineering, English, Software Engineering, Textile Design""}, {""degree"": ""Master's Degree/ M. Phil"", ""fields_of_study"": ""Accountancy, Business and Commerce, Computer Science, Economics, English, Finance, Islamic Studies, Management, Mass Communication""}, {""degree"": ""PhD"", ""fields_of_study"": ""Islamic Studies""}]",[],31-01-2018,2026-04-06T14:44:38.471056,
IAU-006698,Gomal University,GU,False,Pakistan,https://www.whed.net/institutions/IAU-006698,https://whed.net/detail_institution.php?Jzo2MF0tQzhZLmBgYApgCg==,Peshawar,,Dera Ismail Khan,http://www.gu.edu.pk,Public,Founded 1974,September to June (September-January; February-June),Intermediate or higher secondary certificate,,English,"Higher Education Commission, Pakistan",,,,,"[{""role"": ""Head"", ""name"": ""Muhammad Sarwar"", ""job_title"": ""Vice-Chancellor""}, {""role"": ""Senior Administrative Officer"", ""name"": ""Muhammad Jan Khan"", ""job_title"": ""Registrar""}, {""role"": ""International Relations Officer"", ""name"": ""Faridullah Khan"", ""job_title"": ""Director Academics""}]","[{""type"": ""Faculty"", ""name"": ""Agriculture"", ""fields_of_study"": ""Agricultural Economics, Agriculture, Agronomy, Crop Production, Entomology, Food Science, Horticulture, Plant and Crop Protection, Plant Pathology, Soil Science""}, {""type"": ""Faculty"", ""name"": ""Art and Humanities"", ""fields_of_study"": ""Arts and Humanities, Business Administration, Business and Commerce, Education, English, Islamic Studies, Mass Communication, Public Administration""}, {""type"": ""Faculty"", ""name"": ""Engineering and Technology"", ""fields_of_study"": ""Electrical Engineering, Telecommunications Engineering""}, {""type"": ""Faculty"", ""name"": ""Pharmacy"", ""fields_of_study"": ""Pharmacy""}, {""type"": ""Faculty"", ""name"": ""Sciences"", ""fields_of_study"": ""Biology, Chemistry, Computer Science, Economics, Mathematics, Natural Sciences, Physics, Statistics""}]","[{""degree"": ""Bachelor's Degree"", ""fields_of_study"": ""Agriculture, Agronomy, Business and Commerce, Education, English, Pharmacy""}, {""degree"": ""Master's Degree/ M. Phil"", ""fields_of_study"": ""Agriculture, Agronomy, Biology, Business Administration, Business and Commerce, Chemistry, Computer Science, Economics, Education, English, Islamic Studies, Mass Communication, Mathematics, Physics, Public Administration, Statistics""}, {""degree"": ""PhD"", ""fields_of_study"": ""Agronomy, Education, English""}]","[""Gomal University Journal of Research""]",30-01-2018,2026-04-06T14:44:44.274059,
IAU-006750,"Government College University, Faisalabad",GCUF,False,Pakistan,https://www.whed.net/institutions/IAU-006750,https://whed.net/detail_institution.php?Jzo2MF0tQzxVLGBgYApgCg==,Faisalabad,,Allama Iqbal Road,http://www.gcuf.edu.pk,Public,Founded 1897. Acquired university status 2002.,,,,English,"Higher Education Commission, Pakistan",,,,,"[{""role"": ""Head"", ""name"": ""Rauf I Azam"", ""job_title"": ""Vice-Chancellor""}, {""role"": ""Senior Administrative Officer"", ""name"": ""Ghulam Ghous"", ""job_title"": ""Registrar""}]","[{""type"": ""Faculty"", ""name"": ""Arts and Social Sciences"", ""fields_of_study"": ""Applied Linguistics, Asian Studies, Economics, Education, English, Fashion Design, Fine Arts, Geography, Graphic Design, History, International Relations and Diplomacy, Law, Linguistics, Literature, Mass Communication, Political Sciences, Psychology, Social Sciences, Sociology, Textile Design""}, {""type"": ""Faculty"", ""name"": ""Economics and Management Sciences"", ""fields_of_study"": ""Banking, Business Administration, Business and Commerce, Finance, Industrial Management, Public Administration""}, {""type"": ""Faculty"", ""name"": ""Engineering"", ""fields_of_study"": ""Chemical Engineering, Electrical Engineering, Environmental Engineering, Environmental Studies, Mechanical Engineering""}, {""type"": ""Faculty"", ""name"": ""Islamic and Oriental Learning"", ""fields_of_study"": ""Arabic, Islamic Studies, Persian, Urdu""}, {""type"": ""Faculty"", ""name"": ""Life Sciences"", ""fields_of_study"": ""Biology, Biotechnology, Botany, Health Sciences, Home Economics Education, Microbiology, Nutrition, Physiology, Radiology, Sports, Zoology""}, {""type"": ""Faculty"", ""name"": ""Pharmaceutical Sciences"", ""fields_of_study"": ""Pharmacy""}, {""type"": ""Faculty"", ""name"": ""Physical Sciences"", ""fields_of_study"": ""Applied Chemistry, Biotechnology, Chemistry, Computer Science, Geography, Information Technology, Mathematics, Physics, Software Engineering, Statistics""}]","[{""degree"": ""Bachelor's Degree"", ""fields_of_study"": ""Applied Chemistry, Arabic, Banking, Biotechnology, Botany, Business Administration, Business and Commerce, Chemistry, Computer Science, Economics, Education, Electrical Engineering, Environmental Engineering, Environmental Studies, Fashion Design, Finance, Fine Arts, Geography, Graphic Design, Health Sciences, History, Home Economics Education, Information Technology, International Relations and Diplomacy, Islamic Studies, Law, Linguistics, Literature, Mass Communication, Mathematics, Mechanical Engineering, Microbiology, Nutrition, Persian, Pharmacy, Physics, Physiology, Political Sciences, Psychology, Public Administration, Radiology, Sociology, Software Engineering, Statistics, Textile Design, Urdu, Zoology""}, {""degree"": ""Master's Degree/ M. Phil"", ""fields_of_study"": ""Applied Chemistry, Arabic, Banking, Biotechnology, Botany, Business Administration, Business and Commerce, Chemistry, Computer Science, Economics, Education, Environmental Engineering, Environmental Studies, Finance, Geography, Health Sciences, History, Information Technology, Islamic Studies, Linguistics, Literature, Mass Communication, Mathematics, Microbiology, Nutrition, Persian, Pharmacy, Physics, Physiology, Psychology, Public Administration, Sociology, Software Engineering, Sports, Statistics, Urdu, Zoology""}, {""degree"": ""PhD"", ""fields_of_study"": ""Applied Linguistics, Arabic, Biotechnology, Chemistry, Computer Science, Economics, Education, Environmental Engineering, Environmental Studies, History, Islamic Studies, Persian, Physics, Political Sciences, Sociology, Urdu, Zoology""}]","[""Journal of Natural Sciences"", ""Journal of Social Sciences""]",31-01-2018,2026-04-06T14:44:48.663094,
IAU-006751,"Government College University, Lahore",GCU,False,Pakistan,https://www.whed.net/institutions/IAU-006751,https://whed.net/detail_institution.php?Jzo2MF0tQzxVLDBgYApgCg==,Lahore,54600,"Lower Mall, Katchehri Road",http://www.gcu.edu.pk,Public,Founded 1864. Acquired present status 2002.,,Intermediate and Secondary Education Certificate or equivalent,,English,"Higher Education Commission, Pakistan",,co-ed,,,"[{""role"": ""Head"", ""name"": ""Hassan Amir Shah Shah"", ""job_title"": ""Vice-Chancellor""}, {""role"": ""Senior Administrative Officer"", ""name"": ""Muhammad Haroon Qadir"", ""job_title"": ""Registrar""}]","[{""type"": ""Centre"", ""name"": ""Advanced Studies in Physics (CASP)"", ""fields_of_study"": ""Physics""}, {""type"": ""Centre"", ""name"": ""Excellence China Studies"", ""fields_of_study"": ""Chinese""}, {""type"": ""Centre"", ""name"": ""Sustainable Development Study"", ""fields_of_study"": ""Biotechnology, Chemistry, Economics, Geography, Physics""}, {""type"": ""Faculty"", ""name"": ""Arts and Social Sciences"", ""fields_of_study"": ""Accountancy, Arts and Humanities, Business Administration, Business and Commerce, Clinical Psychology, Economics, Education, Finance, Fine Arts, Geography, History, Industrial and Organizational Psychology, Law, Management, Mass Communication, Philosophy, Political Sciences, Psychology, Sociology, Statistics""}, {""type"": ""Faculty"", ""name"": ""Engineering"", ""fields_of_study"": ""Electrical Engineering""}, {""type"": ""Faculty"", ""name"": ""Languages, Islamic and Oriental Learning"", ""fields_of_study"": ""Arabic, English, French, Islamic Law, Persian, Urdu""}, {""type"": ""Faculty"", ""name"": ""Science and Technology"", ""fields_of_study"": ""Biotechnology, Botany, Chemistry, Computer Science, Environmental Studies, Mathematics, Microbiology, Physics, Zoology""}, {""type"": ""Institute"", ""name"": ""Industrial Bio-Technology"", ""fields_of_study"": ""Biotechnology""}, {""type"": ""School"", ""name"": ""Abdus Salam School of Mathematical Sciences (ASSMS)"", ""fields_of_study"": ""Mathematics""}]","[{""degree"": ""Bachelor's Degree"", ""fields_of_study"": ""Accountancy, Biotechnology, Botany, Business Administration, Business and Commerce, Chemistry, Computer Science, Economics, Electrical Engineering, English, Environmental Studies, Fine Arts, Geography, History, Islamic Studies, Mathematics, Microbiology, Persian, Philosophy, Physics, Political Sciences, Psychology, Statistics, Urdu, Zoology""}, {""degree"": ""Master's Degree/ M. Phil"", ""fields_of_study"": ""Applied Physics, Banking, Biotechnology, Botany, Chemistry, Clinical Psychology, Computer Science, Economics, Electrical Engineering, English, Environmental Studies, Finance, Geography, History, Industrial and Organizational Psychology, Islamic Studies, Management, Mathematics, Microbiology, Persian, Pharmacy, Philosophy, Physics, Political Sciences, Psychology, Statistics, Urdu, Zoology""}, {""degree"": ""PhD"", ""fields_of_study"": ""Applied Physics, Biotechnology, Botany, Chemistry, Clinical Psychology, Economics, English, Environmental Studies, History, Mathematics, Persian, Physics, Political Sciences, Psychology, Urdu, Zoology""}]",[],30-01-2018,2026-04-06T14:44:54.215431,
IAU-026939,"Government College Women University, Sialkot","GC Women University, Sialkot (GCWUS",False,Pakistan,https://www.whed.net/institutions/IAU-026939,https://whed.net/detail_institution.php?KDo2MF0sQzhZLFNEYApgCg==,Sialkot,51310,Kutchehry Road,https://www.gcwus.edu.pk,Public,"Government College Women University Sialkot history dates back to 1951 when it was established as Government College for Women to educate female students at Higher Secondary level. The BSc classes were started in 1960 while the College was upgraded to Post Graduate College in 1989. The University acquired its current status on 5th January, 2013",October to September,,15000 per semester (PKR),English,"Higher Education Commission (HEC), Pakistan",None,female,,2022-2023,"[{""role"": ""Head"", ""name"": ""Rukhsana Kausar"", ""job_title"": ""Vice-Chancellor""}, {""role"": ""Senior Administrative Officer"", ""name"": ""Attiya Almas"", ""job_title"": ""Registrar""}, {""role"": ""Senior Administrative Officer"", ""name"": ""Gulshan Aslam"", ""job_title"": ""Controller of Examinations""}, {""role"": ""International Relations Officer"", ""name"": ""Ijaz Ahmad"", ""job_title"": ""Director, Quality Enhancement Cell""}]","[{""type"": ""Faculty"", ""name"": ""Administrative and Management Sciences"", ""fields_of_study"": ""Business Administration, Business and Commerce, Economics""}, {""type"": ""Faculty"", ""name"": ""Arts and Social Sciences"", ""fields_of_study"": ""Education, English, Fine Arts, International Relations and Diplomacy, Islamic Studies, Painting and Drawing, Political Sciences, Psychology, Sociology, Urdu""}, {""type"": ""Faculty"", ""name"": ""Natural Sciences"", ""fields_of_study"": ""Botany, Chemistry, Computer Science, Environmental Studies, Information Technology, Mathematics, Physics, Statistics, Zoology""}]","[{""degree"": ""Bachelor's Degree"", ""fields_of_study"": ""Botany, Business Administration, Business and Commerce, Chemistry, Computer Science, Economics, Education, English, Environmental Studies, Fine Arts, Information Technology, International Relations and Diplomacy, Islamic Studies, Mathematics, Physics, Political Sciences, Psychology, Sociology, Statistics, Textile Design, Urdu, Zoology""}, {""degree"": ""Master's Degree/ M. Phil"", ""fields_of_study"": ""Botany, Business Administration, Chemistry, Clinical Psychology, Economics, English, Environmental Studies, Islamic Studies, Mathematics, Physics, Political Sciences, Urdu, Zoology""}, {""degree"": ""PhD"", ""fields_of_study"": ""Botany, Chemistry, Economics, English, Islamic Studies, Physics, Political Sciences, Urdu, Zoology""}]","[""Al-ILM"", ""Journal of Plant and Environment"", ""Orient Research Journal of Social Sciences"", ""Tahqeeqi Jareeda""]",23-01-2023,2026-04-06T14:44:57.904311,
IAU-006784,Greenwich University,GU,False,Pakistan,https://www.whed.net/institutions/IAU-006784,https://whed.net/detail_institution.php?Jzo2MF0tQzxYLWBgYApgCg==,Karachi,75500,"Greenwich House, DK-10, 38th Street, Darakshan, Phase-6, DHA",https://greenwich.edu.pk,Private,"Founded 1987, acquired present status 1998. Chartered by Government of Sindh Pakistan 1998.",August to June (August-October; November-March; March-June),Intermediate (H.S.C)/O/A Levels,"40,000-50,000 per semester (PKR)",English,"Higher Education Commission, Pakistan",,co-ed,,,"[{""role"": ""Head"", ""name"": ""Seema Mughal"", ""job_title"": ""Vice-Chancellor""}]","[{""type"": ""Course/Programme"", ""name"": ""Business and Communication"", ""fields_of_study"": ""Business Administration, Communication Studies, Economic and Finance Policy, Economics, Finance, International Relations and Diplomacy, Mass Communication, Political Sciences, Public Administration""}, {""type"": ""Course/Programme"", ""name"": ""Humanities"", ""fields_of_study"": ""English, English Studies, Urdu""}, {""type"": ""Course/Programme"", ""name"": ""Social Sciences"", ""fields_of_study"": ""Education, Political Sciences, Social Work, Sociology, Tourism""}]","[{""degree"": ""Bachelor's Degree"", ""fields_of_study"": ""Communication Studies, Economic and Finance Policy, Economics, Education, English Studies, Mass Communication, Urdu""}, {""degree"": ""Master's Degree/ M. Phil"", ""fields_of_study"": ""Business Administration, Economics, Education, English, Finance, International Relations and Diplomacy, Mass Communication, Political Sciences, Public Administration, Social Work, Sociology, Tourism""}, {""degree"": ""PhD"", ""fields_of_study"": ""Business Administration, Economics, Education, International Relations and Diplomacy, Mass Communication, Political Sciences, Public Administration, Social Work, Sociology""}]",[],30-01-2018,2026-04-06T14:45:00.895262,
IAU-024867,Habib University,,False,Pakistan,https://www.whed.net/institutions/IAU-024867,https://whed.net/detail_institution.php?KDo2MF0sQzBYLUM8YApgCg==,Karachi,75350,"Block 18, University Avenue Off Shahrah-e-Faisal, Gulistan-e-Jauhar",,Private,Founded in 2012,,,,English,"Higher Education Commission, Pakistan",,,,,"[{""role"": ""Head"", ""name"": ""Wasif A. Rizvi"", ""job_title"": ""President""}]","[{""type"": ""School"", ""name"": ""Arts, Humanities and Social Sciences"", ""fields_of_study"": ""Communication Arts, Design, Development Studies, English, Literature""}, {""type"": ""School"", ""name"": ""Science and Engineering"", ""fields_of_study"": ""Computer Science, Electrical Engineering, Mathematics""}]","[{""degree"": ""Bachelor's Degree"", ""fields_of_study"": ""Communication Arts, Computer Science, Design, Development Studies, Electrical Engineering""}]",[],31-01-2018,2026-04-06T14:45:04.749114,
IAU-006942,Hajvery University,NIL (HU,False,Pakistan,https://www.whed.net/institutions/IAU-006942,https://whed.net/detail_institution.php?Jzo2MF0tQ0RULEBgYApgCg==,Lahore,,"43-52 Industrial Area, Gulberg III",http://hup.edu.pk,Private,"Founded 1992 as Hajvery College. Acquired present status 2002. Over time HU has developed 8 Faculties and world-class infrastructure in the Lahore & Sheikhupura cities of Pakistan. HU's partner universities are based in Europe, the Far East and North America to promote the mobility of students and teachers for research and education.",September to August,"- Bachelor degree: intermediate (12th grade), A-level or equivalent - Masters degree: 4 years bachelor degree - MPhil: 16 years of education in relevant discipline - PhD: 18 years of education in related discipline - Doctor of pharmacy: intermdiate (12th grade), A-level or equivalent",,English;Urdu,"Higher Education Commission, Pakistan; Accreditation Committee Punjab Provincial Government; Pharmacy Council of Pakistan; Pakistan Engineering Council (PEC)",,co-ed,,,"[{""role"": ""Head"", ""name"": ""Muhammad Khalid Pervaiz"", ""job_title"": ""Rector""}, {""role"": ""Senior Administrative Officer"", ""name"": ""Usman M. Ghauri"", ""job_title"": ""Registrar""}, {""role"": ""International Relations Officer"", ""name"": ""Fahd Sheikh"", ""job_title"": ""Director of International Relations""}]","[{""type"": ""Department/Division"", ""name"": ""Humanities and Social Sciences"", ""fields_of_study"": ""Arts and Humanities, Business Administration, Economics, English, Statistics""}, {""type"": ""Faculty"", ""name"": ""Health Sciences"", ""fields_of_study"": ""Public Health, Social and Preventive Medicine""}, {""type"": ""Faculty"", ""name"": ""Law"", ""fields_of_study"": ""Law""}, {""type"": ""School"", ""name"": ""Business"", ""fields_of_study"": ""Accountancy, Aeronautical and Aerospace Engineering, Banking, Business Administration, Business Computing, E-Business/Commerce, Finance, Human Resources, Management, Marketing, Mathematics, Statistics""}, {""type"": ""School"", ""name"": ""Commerce and Banking"", ""fields_of_study"": ""Banking, Business and Commerce""}, {""type"": ""School"", ""name"": ""Computer Science"", ""fields_of_study"": ""Computer Science""}, {""type"": ""School"", ""name"": ""Engineering"", ""fields_of_study"": ""Electrical and Electronic Engineering, Engineering""}, {""type"": ""School"", ""name"": ""Fashion and Textil Design"", ""fields_of_study"": ""Fashion Design, Textile Design"", ""more_details"": ""FIT""}, {""type"": ""School"", ""name"": ""Media Studies"", ""fields_of_study"": ""Media Studies""}, {""type"": ""School"", ""name"": ""Pharmacy"", ""fields_of_study"": ""Pharmacy""}, {""type"": ""School"", ""name"": ""Technology"", ""fields_of_study"": ""Aeronautical and Aerospace Engineering, Civil Engineering, Electrical Engineering, Mechanical Engineering""}]","[{""degree"": ""Bachelor's Degree"", ""fields_of_study"": ""Aeronautical and Aerospace Engineering, Business Administration, Business and Commerce, Civil Engineering, Computer Science, E-Business/Commerce, Economics, Electrical and Electronic Engineering, Electrical Engineering, English, Fashion Design, Law, Mechanical Engineering, Media Studies, Public Health, Textile Design""}, {""degree"": ""Master's Degree/ M. Phil"", ""fields_of_study"": ""Accountancy, Banking, Business Administration, Business and Commerce, Computer Science, English, Fashion Design, Finance, Management, Marketing, Mathematics, Media Studies, Pharmacy, Statistics, Textile Design""}, {""degree"": ""PhD"", ""fields_of_study"": ""Health Sciences, Management, Pharmacy""}]",[],30-01-2018,2026-04-06T14:45:08.508160,
IAU-006959,Hamdard University,HU,False,Pakistan,https://www.whed.net/institutions/IAU-006959,https://whed.net/detail_institution.php?Jzo2MF0tQ0RVLjBgYApgCg==,Karachi,74600,Sharae Madinat al-Hikmah Muhammad Bin Qasim Avenue,https://www.hamdard.edu.pk,Private,Founded 1991. A private chartered University.,August to June (August-December; January-June),Intermediate certificate/A level or equivalent,,English,"Higher Education Commission, Pakistan, PEC, PMDC, NCT,CISCO - Canada/USA",,co-ed,,,"[{""role"": ""Head"", ""name"": ""Imran J. Amin"", ""job_title"": ""Vice Chancellor""}, {""role"": ""Senior Administrative Officer"", ""name"": ""Kaleem Ahmed Ghias"", ""job_title"": ""Registrar""}, {""role"": ""International Relations Officer"", ""name"": ""Ahsana Dar Farooq"", ""job_title"": ""Director, Center of Excellence for International Collaboration""}, {""role"": ""International Relations Officer"", ""name"": ""Shahrayar Ameer Pasha"", ""job_title"": ""International Relations Officer""}]","[{""type"": ""Campus"", ""name"": ""Islamabad"", ""fields_of_study"": ""Engineering, Management, Pharmacy""}, {""type"": ""Faculty"", ""name"": ""Eastern Medicine"", ""fields_of_study"": ""Surgery, Traditional Eastern Medicine""}, {""type"": ""Faculty"", ""name"": ""Engineering Sciences and Technology"", ""fields_of_study"": ""Biomedical Engineering, Computer Engineering, Computer Science, Electrical and Electronic Engineering, Energy Engineering, Mechanical Engineering, Software Engineering, Telecommunications Engineering""}, {""type"": ""Faculty"", ""name"": ""Health And Medical Science"", ""fields_of_study"": ""Dentistry, Health Sciences, Medicine, Surgery""}, {""type"": ""Faculty"", ""name"": ""Legal Studies"", ""fields_of_study"": ""Law""}, {""type"": ""Faculty"", ""name"": ""Management Sciences"", ""fields_of_study"": ""Business Administration, Management""}, {""type"": ""Faculty"", ""name"": ""Pharmacy"", ""fields_of_study"": ""Pharmacy""}, {""type"": ""Faculty"", ""name"": ""Social Sciences & Humanities"", ""fields_of_study"": ""Economics, Education, Home Economics Education, International Relations and Diplomacy, Islamic Studies, Library Science, Linguistics, Political Sciences, Social Sciences, Sociology""}]","[{""degree"": ""Bachelor's Degree"", ""fields_of_study"": ""Biomedical Engineering, Computer Engineering, Computer Science, Education, Electrical and Electronic Engineering, Energy Engineering, Law, Management, Pharmacy, Software Engineering""}, {""degree"": ""Master's Degree/ M. Phil"", ""fields_of_study"": ""Biomedical Engineering, Computer Science, Economics, Education, Electrical and Electronic Engineering, Energy Engineering, Home Economics Education, Information Technology, International Relations and Diplomacy, Islamic Studies, Library Science, Linguistics, Management, Pharmacy, Political Sciences, Social Sciences, Sociology, Telecommunications Engineering""}, {""degree"": ""PhD"", ""fields_of_study"": ""Computer Science, Economics, Education, Electrical and Electronic Engineering, Energy Engineering, Engineering, Home Economics Education, International Relations and Diplomacy, Islamic Studies, Library Science, Linguistics, Management, Medicine, Pharmacy, Political Sciences, Social Sciences, Sociology, Traditional Eastern Medicine""}]",[],31-01-2018,2026-04-06T14:45:11.454712,
IAU-007113,Hazara University,HU,False,Pakistan,https://www.whed.net/institutions/IAU-007113,https://whed.net/detail_institution.php?Jzo2MF0tUyRRLFBgYApgCg==,Mansehra,,Dhodial,https://www.hu.edu.pk,Public,Founded 2002. Acquired present status 2003.,August to June (August-January; February-June),Intermediate or higher secondary school certificate (with a minimum of 45% marks),"7,000 per semester (PKR)",English,"Higher Education Commission, Pakistan",,co-ed,,,"[{""role"": ""Head"", ""name"": ""Mohsan Nawaz"", ""job_title"": ""Vice Chancellor""}, {""role"": ""Senior Administrative Officer"", ""name"": ""Mohabbat Khan"", ""job_title"": ""Registrar""}]","[{""type"": ""Faculty"", ""name"": ""Arts"", ""fields_of_study"": ""Archaeology, Architecture, Communication Studies, Design, Economics, Education, English, Heritage Preservation, Islamic Studies, Linguistics, Literature, Media Studies, Political Sciences, Psychology, Religious Studies, Sociology, Tourism, Urdu""}, {""type"": ""Faculty"", ""name"": ""Health Sciences"", ""fields_of_study"": ""Biochemistry, Microbiology""}, {""type"": ""Faculty"", ""name"": ""Law and Administrative Sciences"", ""fields_of_study"": ""Law, Management""}, {""type"": ""Faculty"", ""name"": ""Sciences"", ""fields_of_study"": ""Bioengineering, Botany, Chemistry, Genetics, Information Sciences, Information Technology, Mathematics, Physics, Statistics, Zoology""}]","[{""degree"": ""Bachelor's Degree"", ""fields_of_study"": ""Archaeology, Biochemistry, Bioengineering, Botany, Chemistry, Communication Studies, Design, Economics, Education, English, Genetics, Heritage Preservation, Information Sciences, Information Technology, Interior Design, Islamic Studies, Landscape Architecture, Law, Linguistics, Literature, Management, Mathematics, Media Studies, Microbiology, Physics, Political Sciences, Psychology, Religious Studies, Sociology, Statistics, Tourism, Urdu, Zoology""}, {""degree"": ""Master's Degree/ M. Phil"", ""fields_of_study"": ""Applied Linguistics, Archaeology, Architecture, Biotechnology, Business Administration, Economics, Education, Environmental Studies, Heritage Preservation, Information Sciences, Information Technology, Islamic Studies, Law, Management, Mathematics, Media Studies, Microbiology, Physics, Political Sciences, Psychology, Sociology, Telecommunications Engineering, Urdu, Zoology""}, {""degree"": ""PhD"", ""fields_of_study"": ""Archaeology, Biochemistry, Biotechnology, Botany, Economics, Education, English, Heritage Preservation, Information Technology, Islamic Studies, Management, Mathematics, Microbiology, Physics, Political Sciences, Psychology, Urdu, Zoology""}]",[],07-07-2023,2026-04-06T14:45:16.123155,
IAU-030252,Health Services Academy,,False,Pakistan,https://www.whed.net/institutions/IAU-030252,https://whed.net/detail_institution.php?KDo2MF0sU2BSLTMoYApgCg==,Islamabad,44000,Prime Minister’s National Health Complex Chak Shehzad Park Road,,Public,"Created 1988 under the Ministry of Health, Pakistan to offer short training courses to public health practitioners and professionals. Became a degree-awarding institute in 2018.",September to Feb; March to July,Each faculty and department has its own admission requirements,"Undergraduate programme, 68000 perr semester;Postgraduate programme, 112000 per semester;One-year Diploma programme, 60000 per semester;Six-months Diploma programme, 60000. (PKR)",English,HEC Pakistan; Pakistan Medical and Dental Council (PMDC); Pakistan Nursing Council (PNC); Allied Health Professional Council (AHPC),,,,2023-2024,"[{""role"": ""Head"", ""name"": ""Shahzad Ali Khan"", ""job_title"": ""Vice-Chancellor""}, {""role"": ""Senior Administrative Officer"", ""name"": ""Abdullah Khan"", ""job_title"": ""Registrar""}, {""role"": ""International Relations Officer"", ""name"": ""Nadeem  Sajjad Kayani"", ""job_title"": ""Director QA""}]","[{""type"": ""Faculty"", ""name"": ""Allied Health Sciences"", ""fields_of_study"": ""Clinical Psychology, Cosmetology, Dental Technology, Dietetics, Laboratory Techniques, Medical Technology, Nutrition, Optometry, Physical Education, Physical Therapy, Respiratory Therapy, Speech Therapy and Audiology, Sports""}, {""type"": ""Faculty"", ""name"": ""Social Sciences and Interdisciplinary Sciences"", ""fields_of_study"": ""Health Sciences, Psychology""}, {""type"": ""Research Division"", ""name"": ""Research Center for Patient Safety and Quality Care""}, {""type"": ""Research Division"", ""name"": ""Research Centre for Climate Change and Health""}, {""type"": ""Research Division"", ""name"": ""Research Centre for Lung Diseases and Tobacco Control""}, {""type"": ""Research Division"", ""name"": ""Research Centre for Social Health Protection and Management""}, {""type"": ""Research Division"", ""name"": ""Research Centre for Sociology of Health and Environment""}, {""type"": ""School"", ""name"": ""Life Sciences"", ""fields_of_study"": ""Biochemistry, Biotechnology, Environmental Studies, Epidemiology, Food Science, Microbiology, Molecular Biology, Sustainable Development""}, {""type"": ""School"", ""name"": ""Public Health"", ""fields_of_study"": ""Epidemiology, Public Health""}]","[{""degree"": ""Bachelor's Degree"", ""fields_of_study"": ""Public Health""}, {""degree"": ""Master's Degree/ M. Phil"", ""fields_of_study"": ""Public Health""}, {""degree"": ""PhD"", ""fields_of_study"": ""Public Health""}]",[],30-08-2024,2026-04-06T14:45:19.075215,
IAU-024866,HITEC University,,False,Pakistan,https://www.whed.net/institutions/IAU-024866,https://whed.net/detail_institution.php?KDo2MF0sQzBYLUM4YApgCg==,Taxila,,Museum Road Taxila Cantt.,http://www.hitecuni.edu.pk,Private,Founded 2009,,,"73,000 to 99,000 per semester (PKR)",English,"Higher Education Commission, Pakistan",,,,,"[{""role"": ""Head"", ""name"": ""Qamar Zaman"", ""job_title"": ""Vice Chancellor""}, {""role"": ""Senior Administrative Officer"", ""name"": ""Muhammad Hafeez"", ""job_title"": ""Registrar""}]","[{""type"": ""Faculty"", ""name"": ""Engineering and Technology"", ""fields_of_study"": ""Computer Engineering, Computer Science, Electrical Engineering, Mechanical Engineering""}, {""type"": ""Faculty"", ""name"": ""Sciences"", ""fields_of_study"": ""Islamic Studies, Mathematics""}]","[{""degree"": ""Bachelor's Degree"", ""fields_of_study"": ""Computer Engineering, Computer Science, Electrical Engineering, Mechanical Engineering""}, {""degree"": ""Master's Degree/ M. Phil"", ""fields_of_study"": ""Computer Engineering, Computer Science, Electrical Engineering, Mathematics, Mechanical Engineering""}, {""degree"": ""PhD"", ""fields_of_study"": ""Electrical Engineering, Islamic Studies, Mathematics, Mechanical Engineering""}]",[],31-01-2018,2026-04-06T14:45:22.307819,
IAU-008345,ILMA University,,True,Pakistan,https://www.whed.net/institutions/IAU-008345,https://whed.net/detail_institution.php?Jzo2MF0uIyxULTBgYApgCg==,Karachi,75190,"Main Ibrahim Hydri Road, Korangi Creek",https://ilmauniversity.edu.pk,Private,Created in 2001 as Institute of Business and Technology Biztek. Acquired degree-awarding statues in 2006 and current title and status 2017,,,,English,"Higher Education Commission, Pakistan",,co-ed,,,"[{""role"": ""Head"", ""name"": ""Mansoor uz Zafar Dawood"", ""job_title"": ""Vice-Chancellor""}, {""role"": ""International Relations Officer"", ""name"": ""Syed Kashif Rafi"", ""job_title"": ""Registrar and Director International Linkages and Opportunities""}]","[{""type"": ""Faculty"", ""name"": ""Computer Sciences"", ""fields_of_study"": ""Computer Science""}, {""type"": ""Faculty"", ""name"": ""Management Sciences"", ""fields_of_study"": ""Business Administration""}, {""type"": ""Faculty"", ""name"": ""Media & Design"", ""fields_of_study"": ""Media Studies""}, {""type"": ""Faculty"", ""name"": ""Science & Technology"", ""fields_of_study"": ""Information Technology, Software Engineering""}]","[{""degree"": ""Bachelor's Degree"", ""fields_of_study"": ""Banking, Computer Science, E-Business/Commerce, Finance, Human Resources, Management, Marketing, Media Studies, Software Engineering, Transport Management""}, {""degree"": ""Master's Degree/ M. Phil"", ""fields_of_study"": ""Business Administration, Computer Science, Management, Media Studies, Software Engineering""}, {""degree"": ""PhD"", ""fields_of_study"": ""Management""}]","[""IBT Journal of Business Studies (IBTJBS) - E-ISSN: 2409-6520; P-ISSN: 2414-8393"", ""Journal of Information & Communication Technology (JICT), P ISSN: 2415-0169; E ISSN: 2075-7239"", ""Journal of Media & Communication (JMC), P-ISSN: 2707-8906""]",20-07-2020,2026-04-06T14:45:26.772383,
IAU-007756,Imperial College of Business Studies,,False,Pakistan,https://www.whed.net/institutions/IAU-007756,https://whed.net/detail_institution.php?Jzo2MF0tUzxVLUBgYApgCg==,Lahore,53720,"Canal Bank Road, Shahkam Chowk, Bahria Town",http://www.imperialuniversity.edu.pk,Private,Founded 1991. Acquired present status and title 2013.,,,,English,"Higher Education Commission, Pakistan",,,,,"[{""role"": ""Head"", ""name"": ""Basheer Ahmad Samim"", ""job_title"": ""Rector""}]","[{""type"": ""Course/Programme"", ""name"": ""Undergraduate Programme"", ""fields_of_study"": ""Architecture, Business Administration, Civil Engineering, Computer Science, Electrical Engineering, Mechanical Engineering""}]","[{""degree"": ""Bachelor's Degree"", ""fields_of_study"": ""Architecture, Business Administration, Civil Engineering, Computer Science, Electrical Engineering, Mechanical Engineering""}]",[],30-01-2018,2026-04-06T14:45:31.645531,
IAU-007815,Indus University,,False,Pakistan,https://www.whed.net/institutions/IAU-007815,https://whed.net/detail_institution.php?Jzo2MF0tU0BRLTBgYApgCg==,Karachi,,"ST-2D, Block-17, Adjacent National Stadium Gulshan-e-Iqbal Opp Mushriq Centre",http://www.indus.edu.pk,Private,Created 2006 as Indus Institute of Higher Education. Acquired current title 2012.,,,,English,"Higher Education Commission, Pakistan",,co-ed,,,"[{""role"": ""Head"", ""name"": ""Mohammad Ahmed Amin"", ""job_title"": ""Vice-Chancellor""}, {""role"": ""Senior Administrative Officer"", ""name"": ""Yasir Amin"", ""job_title"": ""Registrar""}, {""role"": ""International Relations Officer"", ""name"": ""Ahmed Akmal"", ""job_title"": ""Manager, International Relations""}]","[{""type"": ""Faculty"", ""name"": ""Art and Design"", ""fields_of_study"": ""Design, Fashion Design, Fine Arts, Information Sciences, Interior Design, Media Studies, Textile Design""}, {""type"": ""Faculty"", ""name"": ""Engineering, Science and Technology"", ""fields_of_study"": ""Bioengineering, Civil Engineering, Computer Science, Electrical Engineering, Electronic Engineering, Engineering, Mechanical Engineering, Petroleum and Gas Engineering, Software Engineering, Telecommunications Engineering, Textile Design""}, {""type"": ""Faculty"", ""name"": ""Management Sciences"", ""fields_of_study"": ""Business Administration, Business and Commerce""}, {""type"": ""Faculty"", ""name"": ""Social Sciences"", ""fields_of_study"": ""Education, Social Sciences""}]","[{""degree"": ""Bachelor's Degree"", ""fields_of_study"": ""Business Administration, Business and Commerce, Civil Engineering, Computer Science, Education, Electrical Engineering, Electronic Engineering, Fashion Design, Fine Arts, Interior Design, Mechanical Engineering, Media Studies, Social Sciences, Software Engineering, Telecommunications Engineering, Textile Design""}, {""degree"": ""Master's Degree/ M. Phil"", ""fields_of_study"": ""Business Administration, Civil Engineering, Computer Science, Design, Education, Electrical Engineering, Electronic Engineering, Textile Design""}, {""degree"": ""PhD"", ""fields_of_study"": ""Computer Science, Electrical Engineering, Management""}]","[""Indus Journal of Computing and Communication Technology IJCCT"", ""Indus Journal of Management Sciences""]",19-09-2019,2026-04-06T14:45:34.619308,
IAU-007816,Indus Valley School of Art and Architecture,IVS,False,Pakistan,https://www.whed.net/institutions/IAU-007816,https://whed.net/detail_institution.php?Jzo2MF0tU0BRLUBgYApgCg==,Karachi,75600,"ST 33-2, Scheme5 Block 2 Clifton",https://www.indusvalley.edu.pk,Private,"Founded 1989. An ordinance issued by the Governor of Sindh authorized officially Degree granting 1993, and was subsequently ratified in 1994 as an Act of the Provincial Assembly of Sindh.",January to December (January-May; July-December).,Intermediate (High School) 55% marks 'B' grade or 'A' Level 2 subjects pass other than English,,English,"Higher Education Commission, Pakistan",,,,,"[{""role"": ""Head"", ""name"": ""Faiza Mushtaq"", ""job_title"": ""Dean and Executive Director""}, {""role"": ""Senior Administrative Officer"", ""name"": ""Umair Saeed"", ""job_title"": ""Registrar""}]","[{""type"": ""Faculty"", ""name"": ""Architecture"", ""fields_of_study"": ""Architecture""}, {""type"": ""Faculty"", ""name"": ""Communication Design"", ""fields_of_study"": ""Communication Arts""}, {""type"": ""Faculty"", ""name"": ""Fine Arts"", ""fields_of_study"": ""Ceramic Art, Fine Arts, Painting and Drawing, Photography, Sculpture, Video, Visual Arts""}, {""type"": ""Faculty"", ""name"": ""Foundation year"", ""fields_of_study"": ""Architecture, Design, Fine Arts""}, {""type"": ""Faculty"", ""name"": ""Interior Design"", ""fields_of_study"": ""Interior Design""}, {""type"": ""Faculty"", ""name"": ""Liberal Arts"", ""fields_of_study"": ""Arts and Humanities, History, Philosophy""}, {""type"": ""Faculty"", ""name"": ""Textile Design"", ""fields_of_study"": ""Design, Textile Design""}]","[{""degree"": ""Bachelor's Degree"", ""fields_of_study"": ""Architecture, Communication Arts, Fashion Design, Fine Arts, Interior Design, Textile Design""}, {""degree"": ""Master's Degree/ M. Phil"", ""fields_of_study"": ""Design, Fine Arts""}]","[""IVS Research Journal""]",12-10-2023,2026-04-06T14:45:39.331992,
IAU-024546,Information Technology University of the Punjab,ITU,False,Pakistan,https://www.whed.net/institutions/IAU-024546,https://whed.net/detail_institution.php?KDo2MF0sQzBVLSM4YApgCg==,Lahore,,"6th Floor, Arfa Software Technology Park, Ferozepur Road",http://itu.edu.pk,Public,Created 2012,,,,English,"Higher Education Commission, Pakistan",,,,,"[{""role"": ""Head"", ""name"": ""Umar Saif"", ""job_title"": ""Vice-Chancellor""}, {""role"": ""Senior Administrative Officer"", ""name"": ""Farzana Shahid"", ""job_title"": ""Director Academics""}]","[{""type"": ""Course/Programme"", ""name"": ""Computer Science"", ""fields_of_study"": ""Computer Science""}, {""type"": ""Course/Programme"", ""name"": ""Development Studies"", ""fields_of_study"": ""Development Studies""}, {""type"": ""Course/Programme"", ""name"": ""Electrical Engineering"", ""fields_of_study"": ""Electrical Engineering""}, {""type"": ""Course/Programme"", ""name"": ""Management and Technology"", ""fields_of_study"": ""Engineering Management, Industrial Management, Information Technology""}]","[{""degree"": ""Bachelor's Degree"", ""fields_of_study"": ""Computer Science, Electrical Engineering, Information Technology""}, {""degree"": ""Master's Degree/ M. Phil"", ""fields_of_study"": ""Computer Science, Development Studies, Electrical Engineering""}, {""degree"": ""PhD"", ""fields_of_study"": ""Computer Science, Electrical Engineering""}]",[],30-01-2018,2026-04-06T14:45:43.845513,
IAU-008341,Institute of Business Administration,IBA,False,Pakistan,https://www.whed.net/institutions/IAU-008341,https://whed.net/detail_institution.php?Jzo2MF0uIyxULDBgYApgCg==,Karachi,75270,University Road,http://www.iba.edu.pk,Public,Created 1955 as a USAID financed project. Acquired current status 1994.,September to August,"Undergraduate, Higher Secondary Certificate with minimum 60% up to intermediate level, or 3 'A' levels, minimum one 'B' and two 'Cs'; Postgraduate, at least a Bachelor's degree from a reognized institution.",92 500 to 180 500 (PKR),English,"Higher Education Commission, Pakistan",,co-ed,,,"[{""role"": ""Head"", ""name"": ""Farrukh Iqbal Iqbal"", ""job_title"": ""Director""}, {""role"": ""Senior Administrative Officer"", ""name"": ""Muhammad Nishat"", ""job_title"": ""Associate Dean, Faculty of Business Administration""}]","[{""type"": ""Faculty"", ""name"": ""Business Administration"", ""fields_of_study"": ""Accountancy, Economics, Finance, Law, Management, Marketing, Social Sciences""}, {""type"": ""Faculty"", ""name"": ""Computer Science"", ""fields_of_study"": ""Computer Science, Mathematics""}]","[{""degree"": ""Bachelor's Degree"", ""fields_of_study"": ""Accountancy, Business Administration, Computer Science, Economics, Finance, Mathematics, Social Sciences""}, {""degree"": ""Master's Degree/ M. Phil"", ""fields_of_study"": ""Business Administration, Computer Science, Economics, Mathematics, Statistics""}, {""degree"": ""PhD"", ""fields_of_study"": ""Computer Science, Economics, Mathematics, Statistics""}]","[""Business Review""]",06-03-2018,2026-04-06T14:45:49.250567,
IAU-008346,Institute of Business Management,IOBM,True,Pakistan,https://www.whed.net/institutions/IAU-008346,https://whed.net/detail_institution.php?Jzo2MF0uIyxULUBgYApgCg==,Karachi,75190,Korangi Creek,https://www.iobm.edu.pk,Private,Founded 1995. Acquired present status 1998,,,"67,000 to 100,000 per semester per degree (PKR)",English,"Higher Education Commission, Pakistan",,,,,"[{""role"": ""Head"", ""name"": ""Talib Sayed Karim"", ""job_title"": ""President""}, {""role"": ""Senior Administrative Officer"", ""name"": ""Sabina Mohsin"", ""job_title"": ""Executive Director, Administration, Admissions and Finance""}, {""role"": ""Senior Administrative Officer"", ""name"": ""Tariq Rahim Soomro"", ""job_title"": ""Acting Rector""}]","[{""type"": ""College"", ""name"": ""Business Management (CBM)"", ""fields_of_study"": ""Accountancy, Banking, Business Administration, Economics, Environmental Management, Finance, Industrial Management, Management, Marketing, Media Studies""}, {""type"": ""College"", ""name"": ""Computer Science and Information Systems (CCSIS)"", ""fields_of_study"": ""Computer Science, Economics, Industrial Engineering, Industrial Management, Information Sciences, Mathematics, Statistics""}, {""type"": ""College"", ""name"": ""Economics and Social Development (CESD)"", ""fields_of_study"": ""Business and Commerce, Development Studies, Economics, Education, Islamic Studies, Media Studies, Philosophy, Psychology""}, {""type"": ""College"", ""name"": ""Engineering and Sciences (CES)"", ""fields_of_study"": ""Electrical Engineering, Industrial Engineering""}]","[{""degree"": ""Bachelor's Degree"", ""fields_of_study"": ""Accountancy, Business Administration, Computer Science, Economics, Finance, Management, Mathematics, Media Studies, Psychology""}, {""degree"": ""Master's Degree/ M. Phil"", ""fields_of_study"": ""Business Administration, Computer Science, Economics, Education, Environmental Management, Finance, Industrial Management, Management, Marketing, Mathematics, Media Studies, Psychology, Statistics""}, {""degree"": ""PhD"", ""fields_of_study"": ""Business Administration, Computer Science, Economics, Education, Environmental Management, Management, Mathematics, Psychology, Statistics""}]","[""Pakistan Business Review""]",16-11-2017,2026-04-06T14:45:54.057183,
IAU-008379,Institute of Management Sciences (Lahore),Pak-AIMS,False,Pakistan,https://www.whed.net/institutions/IAU-008379,https://whed.net/detail_institution.php?Jzo2MF0uIyxXLjBgYApgCg==,Lahore,54660,"23-E-III, Gulberg III",http://www.pakaims.edu.pk,Private,Founded 1986. Acquired present status 2002,Sept - Dec; Jan - April; May - August,"Undergraduate: 'A' levels or equivalent, aptitute test and interview; postgraduate: Bachelor's degree or equivalent",,English,"Higher Education Commission, Pakistan",,co-ed,,,"[{""role"": ""Head"", ""name"": ""Khalid Ranjha"", ""job_title"": ""Rector""}, {""role"": ""Senior Administrative Officer"", ""name"": ""Nisar Ahmad"", ""job_title"": ""Dean""}]","[{""type"": ""Faculty"", ""name"": ""Business Administration"", ""fields_of_study"": ""Accountancy, Business Administration, Commercial Law, Finance, Human Resources, Marketing""}, {""type"": ""Faculty"", ""name"": ""Computer Science"", ""fields_of_study"": ""Computer Science, Information Technology, Software Engineering""}]","[{""degree"": ""Bachelor's Degree"", ""fields_of_study"": ""Accountancy, Business Administration, Computer Science, Finance, Information Technology, Software Engineering""}, {""degree"": ""Master's Degree/ M. Phil"", ""fields_of_study"": ""Business Administration, Computer Science, Finance, Human Resources, Management, Marketing""}, {""degree"": ""PhD"", ""fields_of_study"": ""Computer Science""}]",[],30-01-2018,2026-04-06T14:45:57.654506,
IAU-008380,"Institute of Management Sciences, Peshawar",IMSciences,False,Pakistan,https://www.whed.net/institutions/IAU-008380,https://whed.net/detail_institution.php?Jzo2MF0uIyxYLGBgYApgCg==,Peshawar,,"1-A, Sector E / 5 Phase – VII Hayatabad",http://www.imsciences.edu.pk,Public,Founded 2002.,,,,English,"Higher Education Commission, Pakistan",,,,,"[{""role"": ""Head"", ""name"": ""Muhammad Mohsin Khan"", ""job_title"": ""Director IMSciences""}, {""role"": ""Senior Administrative Officer"", ""name"": ""M Iftikhar-ul-Amin"", ""job_title"": ""Deputy Director""}]","[{""type"": ""Centre"", ""name"": ""Excellence in IT (CEIT)"", ""fields_of_study"": ""Computer Science, Information Technology""}, {""type"": ""Course/Programme"", ""name"": ""Public Health"", ""fields_of_study"": ""Public Health""}, {""type"": ""Faculty"", ""name"": ""Business Administration"", ""fields_of_study"": ""Business Administration, Finance, Management, Public Administration""}, {""type"": ""School"", ""name"": ""Liberal Arts"", ""fields_of_study"": ""Development Studies, Economics, Political Sciences""}]","[{""degree"": ""Bachelor's Degree"", ""fields_of_study"": ""Business Administration, Computer Science, Economics, Finance""}, {""degree"": ""Master's Degree/ M. Phil"", ""fields_of_study"": ""Business Administration, Computer Science, Development Studies, Economics, Finance, Information Technology, Management, Public Administration, Public Health""}, {""degree"": ""PhD"", ""fields_of_study"": ""Computer Science, Information Technology, Management""}]","[""Business & Economic Review""]",31-01-2018,2026-04-06T14:46:02.525718,
IAU-024879,Institute of Southern Punjab,ISP,False,Pakistan,https://www.whed.net/institutions/IAU-024879,https://whed.net/detail_institution.php?KDo2MF0sQzBYLVNEYApgCg==,Multan.,,"9-KM, Bosan Road",http://isp.edu.pk,Private,Founded in 2010,,,,English,"Higher Education Commission, Pakistan",,,,,"[{""role"": ""Head"", ""name"": ""Asim Nazir Ahmad"", ""job_title"": ""Rector""}]","[{""type"": ""Department/Division"", ""name"": ""Applied Technology"", ""fields_of_study"": ""Chemical Engineering, Civil Engineering, Computer Science, Electrical Engineering, Electronic Engineering, Information Technology, Mechanical Engineering, Telecommunications Engineering""}, {""type"": ""Department/Division"", ""name"": ""Business Administration"", ""fields_of_study"": ""Accountancy, Business Administration, Business and Commerce, Finance, Human Resources, Management, Marketing, Public Administration""}, {""type"": ""Department/Division"", ""name"": ""Civil Engineering"", ""fields_of_study"": ""Civil Engineering, Construction Engineering, Hydraulic Engineering, Irrigation, Water Science""}, {""type"": ""Department/Division"", ""name"": ""Commerce"", ""fields_of_study"": ""Business and Commerce""}, {""type"": ""Department/Division"", ""name"": ""Economics"", ""fields_of_study"": ""Economics""}, {""type"": ""Department/Division"", ""name"": ""Education"", ""fields_of_study"": ""Education""}, {""type"": ""Department/Division"", ""name"": ""Electrical Engineering"", ""fields_of_study"": ""Electrical Engineering""}, {""type"": ""Department/Division"", ""name"": ""English"", ""fields_of_study"": ""English""}, {""type"": ""Department/Division"", ""name"": ""Fine Arts and Media Science"", ""fields_of_study"": ""Fashion Design, Graphic Design, Interior Design, Media Studies, Performing Arts""}, {""type"": ""Department/Division"", ""name"": ""International Relations"", ""fields_of_study"": ""International Relations and Diplomacy""}, {""type"": ""Department/Division"", ""name"": ""Islamic Studies"", ""fields_of_study"": ""Islamic Studies""}, {""type"": ""Department/Division"", ""name"": ""Mass Communication"", ""fields_of_study"": ""Mass Communication""}, {""type"": ""Department/Division"", ""name"": ""Mathematics"", ""fields_of_study"": ""Mathematics, Statistics""}, {""type"": ""Department/Division"", ""name"": ""Psychology"", ""fields_of_study"": ""Psychology""}, {""type"": ""Department/Division"", ""name"": ""Urdu"", ""fields_of_study"": ""Urdu""}, {""type"": ""School"", ""name"": ""Southern School of Engineering and Technology (SSET)"", ""fields_of_study"": ""Civil Engineering""}]","[{""degree"": ""Bachelor's Degree"", ""fields_of_study"": ""Accountancy, Business Administration, Business and Commerce, Chemical Engineering, Civil Engineering, Computer Science, Construction Engineering, Education, Electrical Engineering, Electronic Engineering, English, Graphic Design, Information Technology, Interior Design, International Relations and Diplomacy, Islamic Studies, Management, Mathematics, Mechanical Engineering, Psychology, Statistics, Telecommunications Engineering, Urdu""}, {""degree"": ""Master's Degree/ M. Phil"", ""fields_of_study"": ""Accountancy, Business Administration, Business and Commerce, Computer Science, Economics, Education, English, Fashion Design, Finance, Graphic Design, Human Resources, Information Technology, Interior Design, International Relations and Diplomacy, Management, Marketing, Mass Communication, Mathematics, Media Studies, Performing Arts, Psychology, Public Administration, Statistics, Telecommunications Engineering""}]",[],30-01-2018,2026-04-06T14:46:05.401358,
IAU-008393,Institute of Space Technology,IST,False,Pakistan,https://www.whed.net/institutions/IAU-008393,https://whed.net/detail_institution.php?Jzo2MF0uIyxZLFBgYApgCg==,Islamabad,44000,P.O. Box 2750,,Public,Founded 2002,,Higher Secondary School Certificate (HSSC); A-Level or Equivalent and entry test,"27,000 to 110,000 per semester per degrees (PKR)",English,"Higher Education Commission, Pakistan; Pakistan Engineering Council (PEC)",,co-ed,,,"[{""role"": ""Head"", ""name"": ""Imran Rahman"", ""job_title"": ""Vice Chancellor""}, {""role"": ""Senior Administrative Officer"", ""name"": ""Ishaat Saboor"", ""job_title"": ""registrar""}]","[{""type"": ""Centre"", ""name"": ""National Centre for Remote Sensing and Geo Informatics"", ""fields_of_study"": ""Astronomy and Space Science, Earth Sciences, Environmental Studies""}, {""type"": ""Department/Division"", ""name"": ""Aeronautics and Astronautics"", ""fields_of_study"": ""Aeronautical and Aerospace Engineering""}, {""type"": ""Department/Division"", ""name"": ""Applied Mathematics and Statistics"", ""fields_of_study"": ""Mathematics, Statistics""}, {""type"": ""Department/Division"", ""name"": ""Electrical Engineering"", ""fields_of_study"": ""Electrical Engineering""}, {""type"": ""Department/Division"", ""name"": ""Humanities and Sciences"", ""fields_of_study"": ""Arts and Humanities""}, {""type"": ""Department/Division"", ""name"": ""Materials Sciences and Engineering"", ""fields_of_study"": ""Materials Engineering""}, {""type"": ""Department/Division"", ""name"": ""Mechanical Engineering"", ""fields_of_study"": ""Mechanical Engineering""}, {""type"": ""Department/Division"", ""name"": ""Space Science"", ""fields_of_study"": ""Aeronautical and Aerospace Engineering, Astronomy and Space Science, Environmental Studies, Meteorology""}]","[{""degree"": ""Bachelor's Degree"", ""fields_of_study"": ""Aeronautical and Aerospace Engineering, Astronomy and Space Science, Electrical Engineering, Materials Engineering, Mechanical Engineering""}, {""degree"": ""Master's Degree/ M. Phil"", ""fields_of_study"": ""Aeronautical and Aerospace Engineering, Astronomy and Space Science, Earth Sciences, Electrical Engineering, Environmental Studies, Materials Engineering, Mathematics, Mechanical Engineering, Meteorology""}, {""degree"": ""PhD"", ""fields_of_study"": ""Aeronautical and Aerospace Engineering, Materials Engineering""}]",[],31-01-2018,2026-04-06T14:46:09.273660,
IAU-009560,International Islamic University,IIU,False,Pakistan,https://www.whed.net/institutions/IAU-009560,https://whed.net/detail_institution.php?Jzo2MF0uMzRWLGBgYApgCg==,Islamabad,44000,PO Box 1243,,Public,"Founded 1980 as Islamic University, acquired present title 1985.",September to June,Intermediate or higher secondary certificate,,Arabic;English,"Higher Education Commission, Pakistan",,,,,"[{""role"": ""Head"", ""name"": ""Masoom Yasinzai"", ""job_title"": ""Rector""}, {""role"": ""Senior Administrative Officer"", ""name"": ""Gulzar Ahmed Khwaja"", ""job_title"": ""Registrar and Advisor to President""}]","[{""type"": ""Faculty"", ""name"": ""Arabic"", ""fields_of_study"": ""Arabic, Linguistics, Literature, Translation and Interpretation""}, {""type"": ""Faculty"", ""name"": ""Basic and Applied Science"", ""fields_of_study"": ""Biotechnology, Computer Science, Environmental Studies, Mathematics, Natural Sciences, Physics, Software Engineering, Statistics""}, {""type"": ""Faculty"", ""name"": ""Engineering and Technology"", ""fields_of_study"": ""Civil Engineering, Electrical Engineering, Laboratory Techniques, Mechanical Engineering""}, {""type"": ""Faculty"", ""name"": ""Management Sciences"", ""fields_of_study"": ""Finance, Management, Marketing""}, {""type"": ""Faculty"", ""name"": ""Shari'ah and Law"", ""fields_of_study"": ""Islamic Law""}, {""type"": ""Faculty"", ""name"": ""Social Sciences"", ""fields_of_study"": ""Anthropology, Architecture, Education, History, International Relations and Diplomacy, Islamic Studies, Mass Communication, Media Studies, Political Sciences, Psychology, Sociology""}, {""type"": ""Faculty"", ""name"": ""Usuluddin (Islamic Studies)"", ""fields_of_study"": ""Islamic Studies""}, {""type"": ""Institute"", ""name"": ""International institute of Islamic Economics"", ""fields_of_study"": ""Economics, Islamic Law""}, {""type"": ""Institute"", ""name"": ""Languages and Literature"", ""fields_of_study"": ""English, Persian, Urdu""}]","[{""degree"": ""Bachelor's Degree"", ""fields_of_study"": ""Anthropology, Arabic, Architecture, Biotechnology, Civil Engineering, Computer Science, Education, Electrical Engineering, English, Environmental Studies, History, International Relations and Diplomacy, Islamic Studies, Mass Communication, Mathematics, Mechanical Engineering, Media Studies, Persian, Political Sciences, Psychology, Sociology, Software Engineering, Statistics, Translation and Interpretation, Urdu""}, {""degree"": ""Master's Degree/ M. Phil"", ""fields_of_study"": ""Anthropology, Arabic, Architecture, Biotechnology, Computer Science, Education, Electrical Engineering, Environmental Studies, History, International Relations and Diplomacy, Islamic Studies, Mass Communication, Mathematics, Mechanical Engineering, Media Studies, Natural Sciences, Physics, Political Sciences, Psychology, Sociology, Software Engineering, Statistics""}, {""degree"": ""PhD"", ""fields_of_study"": ""Architecture, Education, Electrical Engineering, English, History, International Relations and Diplomacy, Islamic Studies, Mathematics, Natural Sciences, Persian, Physics, Political Sciences, Software Engineering, Urdu""}]",[],30-01-2018,2026-04-06T14:46:14.343577,
IAU-024833,Iqra National University,Iqra University Peshawar,False,Pakistan,https://www.whed.net/institutions/IAU-024833,https://whed.net/detail_institution.php?KDo2MF0sQzBYLFMsYApgCg==,Peshawar,,"Phase-II, Hayatabad",http://www.inu.edu.pk,Private,Created 2000,,,,English,"Higher Education Commission, Pakistan",,co-ed,,,"[{""role"": ""Head"", ""name"": ""Shah Jehan"", ""job_title"": ""Vice-Chancellor""}, {""role"": ""Senior Administrative Officer"", ""name"": ""Malik Tamoor Ali"", ""job_title"": ""Registrar""}]","[{""type"": ""Department/Division"", ""name"": ""Allied Health Sciences"", ""fields_of_study"": ""Dental Technology, Health Sciences, Medical Technology, Microbiology, Physical Therapy, Radiology""}, {""type"": ""Department/Division"", ""name"": ""Art and Design"", ""fields_of_study"": ""Design, Fashion Design, Interior Design, Textile Design, Visual Arts""}, {""type"": ""Department/Division"", ""name"": ""Business"", ""fields_of_study"": ""Business Administration, Economics, Management, Media Studies""}, {""type"": ""Department/Division"", ""name"": ""Civil Engineering"", ""fields_of_study"": ""Civil Engineering""}, {""type"": ""Department/Division"", ""name"": ""Computer Science"", ""fields_of_study"": ""Computer Science, Software Engineering, Telecommunications Engineering""}, {""type"": ""Department/Division"", ""name"": ""Electrical Engineering"", ""fields_of_study"": ""Electrical Engineering, Electronic Engineering""}]","[{""degree"": ""Bachelor's Degree"", ""fields_of_study"": ""Business Administration, Civil Engineering, Computer Science, Dental Technology, Economics, Electrical Engineering, Electronic Engineering, Fashion Design, Health Sciences, Interior Design, Media Studies, Medical Technology, Microbiology, Physical Therapy, Radiology, Software Engineering, Telecommunications Engineering, Textile Design""}, {""degree"": ""Master's Degree/ M. Phil"", ""fields_of_study"": ""Business Administration, Civil Engineering, Computer Science, Electrical Engineering, Engineering, Management, Software Engineering""}, {""degree"": ""PhD"", ""fields_of_study"": ""Civil Engineering, Computer Science, Electrical Engineering, Engineering""}]","[""Journal of Emerging Trends in Applied Engineering (JETAE)""]",31-01-2018,2026-04-06T14:46:17.872456,
IAU-009608,Iqra University,IU,False,Pakistan,https://www.whed.net/institutions/IAU-009608,https://whed.net/detail_institution.php?Jzo2MF0uMzhQLmBgYApgCg==,Karachi,75500,Defence View Shaheed-e-Millat Road (Ext.),https://www.iqra.edu.pk,Private,Founded 1998. Acquired present status 2000.,January to December (January-May; June-July; August-December),High School Certificate / A-Levels (minimum 3 courses passed),4400 Tuition fee per Credit Hour (PKR),English,"Higher Education Commission, Pakistan; Government of Sindh; Pakistan Engineering Council (PEC)",,co-ed,,,"[{""role"": ""Head"", ""name"": ""Nassar Ikram"", ""job_title"": ""President and Vice Chancellor""}, {""role"": ""Senior Administrative Officer"", ""name"": ""Mirza Amin ul Haq"", ""job_title"": ""Registrar""}, {""role"": ""International Relations Officer"", ""name"": ""Shafaq Habib"", ""job_title"": ""International Relations Officer""}]","[{""type"": ""Campus"", ""name"": ""Gulshan"", ""fields_of_study"": ""Computer Science, Education, Engineering, Fashion Design, Management, Media Studies""}, {""type"": ""Campus"", ""name"": ""Islamabad"", ""fields_of_study"": ""Computer Science, Electronic Engineering, Fashion Design, Management, Media Studies, Social Sciences""}, {""type"": ""Department/Division"", ""name"": ""Business Administration"", ""fields_of_study"": ""Business Administration, Management""}, {""type"": ""Department/Division"", ""name"": ""Computer Science"", ""fields_of_study"": ""Computer Science, Software Engineering""}, {""type"": ""Department/Division"", ""name"": ""Education"", ""fields_of_study"": ""Education""}, {""type"": ""Department/Division"", ""name"": ""Electronic Engineering"", ""fields_of_study"": ""Electronic Engineering""}, {""type"": ""Department/Division"", ""name"": ""Fashion and Design"", ""fields_of_study"": ""Fashion Design, Media Studies, Textile Design""}]","[{""degree"": ""Bachelor's Degree"", ""fields_of_study"": ""Business Administration, Computer Science, Fashion Design, Media Studies, Software Engineering, Textile Design""}, {""degree"": ""Master's Degree/ M. Phil"", ""fields_of_study"": ""Business Administration, Computer Science, Education, Media Studies""}, {""degree"": ""PhD"", ""fields_of_study"": ""Business Administration, Computer Science, Education, Electronic Engineering""}]","[""South Asian Journal of Management Sciences""]",31-01-2018,2026-04-06T14:46:23.149275,
IAU-030175,Islamia College Peshawar,,False,Pakistan,https://www.whed.net/institutions/IAU-030175,https://whed.net/detail_institution.php?KDo2MF0sU2BRLVM0YApgCg==,Peshawar,,Jamrod Road University Campus,https://www.icp.edu.pk,Public,Created 2008,,,,English,"Higher Education Commission, Pakistan",,,,,"[{""role"": ""Head"", ""name"": ""Ali Muhammad Yousafzai"", ""job_title"": ""Vice-Chancellor""}, {""role"": ""Senior Administrative Officer"", ""name"": ""Muhammad Daud Zahid"", ""job_title"": ""Registrar""}]","[{""type"": ""Faculty"", ""name"": ""Arts and Languages"", ""fields_of_study"": ""Arabic, English, Urdu""}, {""type"": ""Faculty"", ""name"": ""Basic and Social Sciences"", ""fields_of_study"": ""Economics, Education, Management, Political Sciences, Psychology, Statistics""}, {""type"": ""Faculty"", ""name"": ""Natural Sciences"", ""fields_of_study"": ""Botany, Chemistry, Geography, Physics, Zoology""}, {""type"": ""Faculty"", ""name"": ""Religious and Legal Studies"", ""fields_of_study"": ""Islamic Law, Islamic Theology""}, {""type"": ""Faculty"", ""name"": ""Technologies and Engineering Sciences"", ""fields_of_study"": ""Computer Science, Electronic Engineering, Mathematics, Telecommunications Engineering""}]","[{""degree"": ""Bachelor's Degree"", ""fields_of_study"": ""Arabic, Chemistry, Computer Science, Economics, Education, English, Islamic Law, Law, Management, Mathematics, Physics, Psychology, Statistics, Telecommunications Engineering, Urdu, Zoology""}, {""degree"": ""Master's Degree/ M. Phil"", ""fields_of_study"": ""Arabic, Chemistry, Computer Science, Economics, Education, English, Management, Mathematics, Statistics, Urdu, Zoology""}, {""degree"": ""PhD"", ""fields_of_study"": ""Arabic, Chemistry, Economics, Education, Management, Mathematics, Statistics, Urdu, Zoology""}]",[],24-05-2024,2026-04-06T14:46:28.933332,
IAU-009648,Isra University,IU,False,Pakistan,https://www.whed.net/institutions/IAU-009648,https://whed.net/detail_institution.php?Jzo2MF0uMzhULmBgYApgCg==,Hyderabad,,Hala Road,http://www.isra.edu.pk,Private,"Founded 1996, the university is owned, managed and administrated by Isra Foundation. Acquired present status 1997.",,"F.Sc, British Advanced Level Certificate or equivalent for Bachelor degree programmes, Bachelors degree for Masters programmes, Pre-Admission Test followed by Interview on merit basis","687,000 annual (PKR)",English,"Higher Education Commission, Pakistan",,co-ed,,,"[{""role"": ""Head"", ""name"": ""Nazir Ashraf Lagharu"", ""job_title"": ""Vice-Chancellor""}]","[{""type"": ""Campus"", ""name"": ""Islamabad"", ""fields_of_study"": ""Business Administration, Computer Science, Electrical Engineering, Electronic Engineering, Management, Medicine, Physical Therapy, Surgery""}, {""type"": ""Campus"", ""name"": ""Karachi"", ""fields_of_study"": ""Medicine, Ophthalmology, Optometry, Surgery""}, {""type"": ""Faculty"", ""name"": ""Commerce Economics and Management Sciences"", ""fields_of_study"": ""Banking, Business Administration, Finance, Management, Marketing""}, {""type"": ""Faculty"", ""name"": ""Dentistry and Allied Sciences"", ""fields_of_study"": ""Dentistry""}, {""type"": ""Faculty"", ""name"": ""Engineering Science and Technology"", ""fields_of_study"": ""Artificial Intelligence, Computer Networks, Computer Science, Data Processing, Dentistry, Electrical Engineering, Information Technology, Software Engineering, Telecommunications Engineering""}, {""type"": ""Faculty"", ""name"": ""Medicine and Allied Medical Sciences"", ""fields_of_study"": ""Medicine, Nursing, Obstetrics and Gynaecology, Ophthalmology, Paediatrics, Pathology, Physical Therapy, Surgery""}]","[{""degree"": ""Bachelor's Degree"", ""fields_of_study"": ""Business Administration, Computer Networks, Computer Science, Dentistry, Electrical Engineering, Electronic Engineering, Information Technology, Medicine, Nursing, Physiology, Software Engineering, Surgery, Telecommunications Engineering""}, {""degree"": ""Master's Degree/ M. Phil"", ""fields_of_study"": ""Banking, Business Administration, Computer Networks, Computer Science, Dentistry, Electrical Engineering, Electronic Engineering, Finance, Information Technology, Management, Marketing, Software Engineering, Telecommunications Engineering""}, {""degree"": ""PhD"", ""fields_of_study"": ""Computer Science, Health Sciences, Information Technology, Management, Physical Therapy, Telecommunications Engineering""}]",[],30-01-2018,2026-04-06T14:46:32.029937,
IAU-024880,Jinnah Sindh Medical University,Sindh Medical University (JSMU,False,Pakistan,https://www.whed.net/institutions/IAU-024880,https://whed.net/detail_institution.php?KDo2MF0sQzBYLiNgYApgCg==,Karachi,75510,Rafiqui H.J. Shaheed Road,,Public,Founded in 2012,,,,English,"Higher Education Commission, Pakistan",,,,,"[{""role"": ""Head"", ""name"": ""Tariq Rafi"", ""job_title"": ""Vice Chancellor""}, {""role"": ""Senior Administrative Officer"", ""name"": ""Irfan Ashraf"", ""job_title"": ""Registrar""}]","[{""type"": ""College"", ""name"": ""Sindh Medical College"", ""fields_of_study"": ""Medicine, Surgery""}, {""type"": ""Institute"", ""name"": ""APPNA Public health"", ""fields_of_study"": ""Public Health""}, {""type"": ""Institute"", ""name"": ""Health and Business Management"", ""fields_of_study"": ""Business Administration, Health Administration""}, {""type"": ""Institute"", ""name"": ""Pharmaceutical Sciences"", ""fields_of_study"": ""Pharmacy""}, {""type"": ""Institute"", ""name"": ""Sindh Institute of Oral Health Sciences"", ""fields_of_study"": ""Dentistry""}]","[{""degree"": ""Bachelor's Degree"", ""fields_of_study"": ""Business Administration, Dentistry, Health Administration, Medicine, Pharmacy, Surgery""}, {""degree"": ""Master's Degree/ M. Phil"", ""fields_of_study"": ""Health Administration, Public Health""}, {""degree"": ""PhD"", ""fields_of_study"": ""Public Health""}]",[],30-01-2018,2026-04-06T14:46:36.461821,
IAU-009944,Jinnah University for Women,JUW,False,Pakistan,https://www.whed.net/institutions/IAU-009944,https://whed.net/detail_institution.php?Jzo2MF0uM0RULWBgYApgCg==,Karachi,74600,5-C Nazimabad,http://www.juw.edu.pk,Private,Founded 1998.,,Higher School Leaving Certificate,,English;Urdu,"Higher Education Commission, Pakistan",,female,,,"[{""role"": ""Head"", ""name"": ""Naeem Farooqui"", ""job_title"": ""Vice-Chancellor""}, {""role"": ""Senior Administrative Officer"", ""name"": ""Qazi Nawab Manzar"", ""job_title"": ""Registrar""}]","[{""type"": ""Faculty"", ""name"": ""Arts"", ""fields_of_study"": ""Education, English, International Relations and Diplomacy, Islamic Studies, Library Science, Media Studies, Political Sciences, Psychology, Sociology, Urdu, Visual Arts""}, {""type"": ""Faculty"", ""name"": ""Commerce and Business Administration"", ""fields_of_study"": ""Business Administration, Business and Commerce, Economics""}, {""type"": ""Faculty"", ""name"": ""Pharmacy"", ""fields_of_study"": ""Pharmacy""}, {""type"": ""Faculty"", ""name"": ""Science"", ""fields_of_study"": ""Biochemistry, Biological and Life Sciences, Biotechnology, Botany, Chemistry, Computer Science, Environmental Studies, Food Science, Mathematics, Microbiology, Physics, Zoology""}]","[{""degree"": ""Bachelor's Degree""}, {""degree"": ""Master's Degree/ M. Phil""}, {""degree"": ""PhD""}]",[],30-01-2018,2026-04-06T14:46:41.155868,
IAU-010127,Karachi Institute of Economics and Technology,PAF KIET,False,Pakistan,https://www.whed.net/institutions/IAU-010127,https://whed.net/detail_institution.php?KDo2MF0sM2BRLEM8YApgCg==,Karachi,75190,"Main Campus, Korangi Creek",http://www.pafkiet.edu.pk,Private,Established 1997. Obtained status 2000.,,'A' levels (or equivalent) with a score of at least 50% for undergraduate programmes plus aptitude test; Bachelor's degree or equivalent for postgraduate programmes.,,English,"Higher Education Commission, Pakistan",,co-ed,,,"[{""role"": ""Head"", ""name"": ""Tubrez Asif"", ""job_title"": ""President""}, {""role"": ""Senior Administrative Officer"", ""name"": ""Nizam Uddin"", ""job_title"": ""Registrar""}]","[{""type"": ""College"", ""name"": ""Computing and Info Sciences"", ""fields_of_study"": ""Computer Engineering, Computer Networks, Computer Science, Information Technology, Software Engineering, Telecommunications Engineering""}, {""type"": ""College"", ""name"": ""Engineering"", ""fields_of_study"": ""Aeronautical and Aerospace Engineering, Electrical Engineering, Mechanical Engineering""}, {""type"": ""College"", ""name"": ""Management Sciences"", ""fields_of_study"": ""Accountancy, Business Administration, Finance, Management""}, {""type"": ""College"", ""name"": ""Media and Arts"", ""fields_of_study"": ""Communication Arts, Computer Graphics, Fine Arts, Media Studies, Multimedia, Radio and Television Broadcasting""}, {""type"": ""Department/Division"", ""name"": ""English and Communication Skills"", ""fields_of_study"": ""English""}, {""type"": ""Department/Division"", ""name"": ""Humanities and Sciences"", ""fields_of_study"": ""Mathematics""}]","[{""degree"": ""Bachelor's Degree"", ""fields_of_study"": ""Accountancy, Aeronautical and Aerospace Engineering, Business Administration, Computer Graphics, Computer Science, Electrical Engineering, Finance, Fine Arts, Management, Mathematics, Mechanical Engineering, Multimedia, Radio and Television Broadcasting""}, {""degree"": ""Master's Degree/ M. Phil"", ""fields_of_study"": ""Business Administration, Computer Graphics, Computer Science, Management, Software Engineering""}, {""degree"": ""PhD"", ""fields_of_study"": ""Business Administration, Computer Science, Management, Media Studies, Radio and Television Broadcasting""}]",[],30-01-2018,2026-04-06T14:46:44.450506,
IAU-024882,Karachi School of Business and Leadership,KSBL,False,Pakistan,https://www.whed.net/institutions/IAU-024882,https://whed.net/detail_institution.php?KDo2MF0sQzBYLiMoYApgCg==,Karachi,74800,National Stadium Road Opp. Liaquat National Hospital,,Private,Founded in 2013,,,,English,"Higher Education Commission, Pakistan",,,,,"[{""role"": ""Head"", ""name"": ""Zeeshan Ahmed"", ""job_title"": ""Rector and Dean""}]","[{""type"": ""Course/Programme"", ""name"": ""Business Administration"", ""fields_of_study"": ""Business Administration""}]","[{""degree"": ""Bachelor's Degree"", ""fields_of_study"": ""Business Administration""}, {""degree"": ""Master's Degree/ M. Phil"", ""fields_of_study"": ""Business Administration""}]",[],30-01-2018,2026-04-06T14:46:47.846223,
IAU-010138,Karakoram International University,KIU,False,Pakistan,https://www.whed.net/institutions/IAU-010138,https://whed.net/detail_institution.php?KDo2MF0sM2BRLFNAYApgCg==,Gilgit,15100,Campus University Road Gilgit,,Public,Founded 2002.,February - December,Higher Secondary School Certificate,"15,000 per semester (PKR)",English,Higher Education Commission (HEC),,co-ed,,,"[{""role"": ""Head"", ""name"": ""Muhammad Asif Khan Khan"", ""job_title"": ""Vice-Chancellor""}, {""role"": ""Senior Administrative Officer"", ""name"": ""Abdul Hameed Lone"", ""job_title"": ""Registrar""}]","[{""type"": ""Faculty"", ""name"": ""Life Sciences"", ""fields_of_study"": ""Agriculture, Biology, Chemistry, Environmental Studies, Food Science""}, {""type"": ""Faculty"", ""name"": ""Natural Sciences"", ""fields_of_study"": ""Computer Engineering, Earth Sciences, Mathematics, Mining Engineering, Physics, Statistics""}, {""type"": ""Faculty"", ""name"": ""Social Sciences & Humanities"", ""fields_of_study"": ""Behavioural Sciences, Business Administration, Communication Studies, Economics, Education, International Relations and Diplomacy, Media Studies, Modern Languages""}]","[{""degree"": ""Bachelor's Degree"", ""fields_of_study"": ""Education, English""}, {""degree"": ""Master's Degree/ M. Phil"", ""fields_of_study"": ""Behavioural Sciences, Biology, Business Administration, Chemistry, Communication Studies, Computer Engineering, Economics, Education, Environmental Studies, Food Science, International Relations and Diplomacy, Mathematics, Media Studies, Physics""}]","[""Journal of Mountain Area Research""]",16-11-2017,2026-04-06T14:46:51.361495,
IAU-024881,KASB Institute of Technology,KASBIT,False,Pakistan,https://www.whed.net/institutions/IAU-024881,https://whed.net/detail_institution.php?KDo2MF0sQzBYLiMkYApgCg==,Karachi,74400,"84-B, S.M.C.H.S, Off Shahrah-e-Faisal,",http://www.kasbit.edu.pk,Private,Founded 2001,,,"from 121,600 to 500,600 per diploma. (PKR)",English,"Higher Education Commission, Pakistan",,,,,"[{""role"": ""Head"", ""name"": ""Syed KaramatUllah Hussainy"", ""job_title"": ""Director""}]","[{""type"": ""Course/Programme"", ""name"": ""Accouting and Finance"", ""fields_of_study"": ""Accountancy, Finance""}, {""type"": ""Course/Programme"", ""name"": ""Computer Science"", ""fields_of_study"": ""Computer Science""}, {""type"": ""Course/Programme"", ""name"": ""Economics and Research"", ""fields_of_study"": ""Economics""}, {""type"": ""Course/Programme"", ""name"": ""English and Business Communication"", ""fields_of_study"": ""English, Mass Communication""}, {""type"": ""Course/Programme"", ""name"": ""Marketing and Management"", ""fields_of_study"": ""Management, Marketing""}, {""type"": ""Course/Programme"", ""name"": ""Quantitative Departement"", ""fields_of_study"": ""Mathematics, Statistics""}, {""type"": ""Course/Programme"", ""name"": ""Social Sciences"", ""fields_of_study"": ""Social Sciences""}]","[{""degree"": ""Bachelor's Degree"", ""fields_of_study"": ""Business Administration, Business and Commerce""}, {""degree"": ""Master's Degree/ M. Phil"", ""fields_of_study"": ""Business Administration, Management""}, {""degree"": ""PhD"", ""fields_of_study"": ""Management""}]","[""KASBIT Business Journal""]",31-01-2018,2026-04-06T14:46:54.829920,
IAU-024883,"Khushal Khan Khattak University, Karak",KKKUK,False,Pakistan,https://www.whed.net/institutions/IAU-024883,https://whed.net/detail_institution.php?KDo2MF0sQzBYLiMsYApgCg==,Karak,,Opposite Tableghi markaz,https://kkkuk.edu.pk,Public,Founded in 2012,,,,English,"Higher Education Commission, Pakistan",,co-ed,,,"[{""role"": ""Head"", ""name"": ""Muhammad Naseer ud din"", ""job_title"": ""Vice Chancellor""}]","[{""type"": ""Department/Division"", ""name"": ""Communication & Media Studies"", ""fields_of_study"": ""Mass Communication, Media Studies""}, {""type"": ""Department/Division"", ""name"": ""Computer Science and Bioinformatics"", ""fields_of_study"": ""Biotechnology, Computer Science""}, {""type"": ""Department/Division"", ""name"": ""Education and Research"", ""fields_of_study"": ""Education""}, {""type"": ""Department/Division"", ""name"": ""English"", ""fields_of_study"": ""English""}, {""type"": ""Department/Division"", ""name"": ""Geology"", ""fields_of_study"": ""Geology""}, {""type"": ""Department/Division"", ""name"": ""Library and Information Sciences"", ""fields_of_study"": ""Information Sciences, Library Science""}, {""type"": ""Department/Division"", ""name"": ""Management Sciences"", ""fields_of_study"": ""Finance, Human Resources, Management, Marketing""}, {""type"": ""Department/Division"", ""name"": ""Material Physics and Nanotechonology"", ""fields_of_study"": ""Nanotechnology, Physics""}]","[{""degree"": ""Bachelor's Degree"", ""fields_of_study"": ""Biotechnology, Computer Science, English, Finance, Geology, Human Resources, Information Sciences, Library Science, Marketing, Mass Communication, Media Studies, Nanotechnology, Physics""}, {""degree"": ""Master's Degree/ M. Phil"", ""fields_of_study"": ""English, Information Sciences, Library Science, Management, Mass Communication, Media Studies""}]",[],09-09-2024,2026-04-06T14:46:58.343476,
IAU-028760,Khwaja Fareed University of Engineering and Information Technology,,False,Pakistan,https://www.whed.net/institutions/IAU-028760,https://whed.net/detail_institution.php?KDo2MF0sQ0BXLUNgYApgCg==,Rahim Yar Khan,,Abu Dhabi Road,https://kfueit.edu.pk,Public,Created 2014,,,,English,Higher Education Commission (HEC),,,,,"[{""role"": ""Head"", ""name"": ""Muhammad Suleman Tahir"", ""job_title"": ""Vice-Chancellor""}]","[{""type"": ""Faculty"", ""name"": ""Engineering and Technology"", ""fields_of_study"": ""Agricultural Economics, Agricultural Engineering, Agriculture, Agronomy, Animal Husbandry, Biomedical Engineering, Chemical Engineering, Civil Engineering, Computer Engineering, Dietetics, Electrical Engineering, Electronic Engineering, Entomology, Environmental Engineering, Environmental Studies, Food Science, Food Technology, Horticulture, Irrigation, Meat and Poultry, Mechanical Engineering, Microbiology, Software Engineering, Tourism, Water Management""}, {""type"": ""Faculty"", ""name"": ""Information Technology and Management Science"", ""fields_of_study"": ""Accountancy, Artificial Intelligence, Business Administration, Computer Science, Data Processing, Economics, Engineering Management, Finance, Hotel Management, Information Technology, Management, Public Administration, Small Business, Telecommunications Services""}, {""type"": ""Faculty"", ""name"": ""Natural, Health, Humanities and Social Sciences"", ""fields_of_study"": ""Archaeology, Biochemistry, Biotechnology, Botany, Chemistry, Clinical Psychology, Cosmetology, Education, English, Health Administration, History, Islamic Studies, Mathematics, Medical Technology, Microbiology, Optometry, Physical Education, Physics, Radiology, Statistics, Zoology""}]","[{""degree"": ""Bachelor's Degree"", ""fields_of_study"": ""Agricultural Engineering, Agriculture, Biochemistry, Biotechnology, Botany, Business Administration, Chemical Engineering, Chemistry, Civil Engineering, Clinical Psychology, Communication Arts, Computer Engineering, Computer Science, Cosmetology, Data Processing, Dietetics, Economics, Electrical Engineering, English, Environmental Engineering, Environmental Studies, Fine Arts, Food Science, Information Technology, International Relations and Diplomacy, Islamic Studies, Mathematics, Mechanical Engineering, Media Studies, Medical Technology, Microbiology, Optometry, Physical Education, Physics, Public Administration, Radiology, Secondary Education, Software Engineering, Textile Design, Tourism, Zoology""}, {""degree"": ""Master's Degree/ M. Phil"", ""fields_of_study"": ""Agricultural Engineering, Business Administration, Chemical Engineering, Chemistry, Civil Engineering, Computer Engineering, Computer Science, Dietetics, Education, Electrical Engineering, Electronic Engineering, Engineering Management, English, Environmental Studies, Food Technology, Health Administration, Information Technology, Islamic Studies, Management, Mathematics, Mechanical Engineering, Physics, Software Engineering""}, {""degree"": ""PhD"", ""fields_of_study"": ""Chemical Engineering, Chemistry, Computer Engineering, Mathematics, Physics""}]",[],14-06-2022,2026-04-06T14:47:03.713191,
IAU-010343,Khyber Medical University,KMU,False,Pakistan,https://www.whed.net/institutions/IAU-010343,https://whed.net/detail_institution.php?KDo2MF0sM2BTLSMsYApgCg==,Hayatabad,,PDA building Block-4 Phase-5,http://www.kmu.edu.pk,Public,Founded in 2007,,,,English,"Higher Education Commission, Pakistan",,,,,"[{""role"": ""Head"", ""name"": ""Mohammad Hafizullah"", ""job_title"": ""Vice Chancellor""}, {""role"": ""Senior Administrative Officer"", ""name"": ""Jalil-Ur Rahman"", ""job_title"": ""Registrar""}]","[{""type"": ""Institute"", ""name"": ""Basic Medical Sciences (BMS)"", ""fields_of_study"": ""Medicine""}, {""type"": ""Institute"", ""name"": ""Health Profession Education and Research (HPER)"", ""fields_of_study"": ""Health Administration""}, {""type"": ""Institute"", ""name"": ""Medical Sciences (KMS)"", ""fields_of_study"": ""Medicine""}, {""type"": ""Institute"", ""name"": ""Nursing Sciences (NS)"", ""fields_of_study"": ""Nursing""}, {""type"": ""Institute"", ""name"": ""Paramedical Sciences (PMS)"", ""fields_of_study"": ""Paramedical Sciences""}, {""type"": ""Institute"", ""name"": ""Physical Medecine and Rehabilitation (PMR)"", ""fields_of_study"": ""Rehabilitation and Therapy""}, {""type"": ""Institute"", ""name"": ""Public Health and Social Sciences (PHSS)"", ""fields_of_study"": ""Public Health, Social and Preventive Medicine""}]","[{""degree"": ""Bachelor's Degree"", ""fields_of_study"": ""Anaesthesiology, Cardiology, Dentistry, Medicine, Nursing, Paramedical Sciences, Pathology, Radiology, Rehabilitation and Therapy, Surgery""}, {""degree"": ""Master's Degree/ M. Phil"", ""fields_of_study"": ""Biochemistry, Epidemiology, Haematology, Health Administration, Microbiology, Nursing, Pharmacy, Public Health, Rehabilitation and Therapy""}, {""degree"": ""PhD"", ""fields_of_study"": ""Biochemistry, Haematology, Microbiology, Molecular Biology, Pharmacy, Public Health""}]","[""KMUJ: KHYBER MEDICAL UNIVERSITY JOURNAL""]",31-01-2018,2026-04-06T14:47:09.414857,
IAU-010380,King Edward Medical University,KEMU,False,Pakistan,https://www.whed.net/institutions/IAU-010380,https://whed.net/detail_institution.php?KDo2MF0sM2BTLiNgYApgCg==,Lahore,54000,"Nelagumbad, Anarkali",http://kemu.edu.pk,Public,Established 1860 as Medical School. Previously part of University of the Punjab under Faculty of Medicine and Dentistry (known as King Edward Medical College). Acquired current status and title 2005.,October to December; January to March; April to June.,Pakistani FSc (Secondary School Certificate) in pre-medical with an unadjusted score of 715/1100; entrance exam,,English,"Higher Education Commission, Pakistan",,co-ed,,,"[{""role"": ""Head"", ""name"": ""Faisal Masud"", ""job_title"": ""Vice-Chancellor""}, {""role"": ""Senior Administrative Officer"", ""name"": ""Murtaza Haider"", ""job_title"": ""Registrar""}]","[{""type"": ""Department/Division"", ""name"": ""Basic Science"", ""fields_of_study"": ""Anatomy, Biochemistry, Community Health, Forensic Medicine and Dentistry, Pathology, Pharmacology, Physiology""}, {""type"": ""Department/Division"", ""name"": ""Biomedical Sciences"", ""fields_of_study"": ""Biotechnology""}, {""type"": ""Department/Division"", ""name"": ""Medicine and Allied"", ""fields_of_study"": ""Cardiology, Dermatology, Nephrology, Neurology, Paediatrics, Psychiatry and Mental Health, Radiology, Traditional and Complementary Medicine and Therapy, Traditional Eastern Medicine""}, {""type"": ""Department/Division"", ""name"": ""Surgery and Allied"", ""fields_of_study"": ""Anaesthesiology, Cardiology, Ophthalmology, Oral Pathology, Orthodontics, Orthopaedics, Paediatrics, Plastic Surgery, Traditional Eastern Medicine, Urology""}, {""type"": ""School"", ""name"": ""Nursing"", ""fields_of_study"": ""Nursing""}, {""type"": ""School"", ""name"": ""Physiotherapy"", ""fields_of_study"": ""Rehabilitation and Therapy""}]","[{""degree"": ""Bachelor's Degree"", ""fields_of_study"": ""Medicine, Surgery""}, {""degree"": ""Master's Degree/ M. Phil"", ""fields_of_study"": ""Dentistry, Medicine, Surgery""}, {""degree"": ""PhD"", ""fields_of_study"": ""Medicine""}]",[],30-01-2018,2026-04-06T14:47:14.597558,
IAU-010391,Kinnaird College for Women,KCW,False,Pakistan,https://www.whed.net/institutions/IAU-010391,https://whed.net/detail_institution.php?KDo2MF0sM2BTLjMkYApgCg==,Lahore,54800,"93, Jail Road",http://www.kinnaird.edu.pk,Private,Created in 1913 with Intermediate classes. Bachelor's degree classes began 1917. Obtained current title and status 2002.,September to January; January to May.,Satisfactory 'A' level grades or FSc (Pakistani High School Certificate).,,English,"Higher Education Commission, Pakistan",,female,,,"[{""role"": ""Head"", ""name"": ""Rukhsana David"", ""job_title"": ""Principal""}, {""role"": ""Senior Administrative Officer"", ""name"": ""Farooq Babar"", ""job_title"": ""Registrar""}]","[{""type"": ""Faculty"", ""name"": ""Applied Sciences ans Business Studies"", ""fields_of_study"": ""Accountancy, Business Administration, Computer Science, Economics, Finance, Mathematics, Statistics""}, {""type"": ""Faculty"", ""name"": ""Arts Design and Media Studies"", ""fields_of_study"": ""Fine Arts, Media Studies, Textile Design""}, {""type"": ""Faculty"", ""name"": ""Biological and Life Sciences"", ""fields_of_study"": ""Biochemistry, Biotechnology, Botany, Food Science, Psychology, Zoology""}, {""type"": ""Faculty"", ""name"": ""Languages and Literature"", ""fields_of_study"": ""English, French, Linguistics, Literature, Urdu""}, {""type"": ""Faculty"", ""name"": ""Physical and Earth Sciences"", ""fields_of_study"": ""Chemistry, Environmental Studies, Geography, Physics""}, {""type"": ""Faculty"", ""name"": ""Social Sciences and Law"", ""fields_of_study"": ""Education, International Relations and Diplomacy, Political Sciences""}]","[{""degree"": ""Bachelor's Degree"", ""fields_of_study"": ""Accountancy, Biochemistry, Biotechnology, Botany, Business Administration, Chemistry, Computer Science, Economics, Education, English, Environmental Studies, Finance, Fine Arts, Food Science, French, Geography, International Relations and Diplomacy, Linguistics, Literature, Mathematics, Media Studies, Physics, Political Sciences, Psychology, Statistics, Textile Design, Urdu, Zoology""}, {""degree"": ""Master's Degree/ M. Phil"", ""fields_of_study"": ""Accountancy, Biochemistry, Business Administration, English, Environmental Studies, Finance, Food Science, International Relations and Diplomacy, Linguistics, Literature, Media Studies, Political Sciences, Psychology, Statistics, Urdu""}]",[],30-01-2018,2026-04-06T14:47:19.369547,
IAU-010446,Kohat University of Science and Technology,KUST,False,Pakistan,https://www.whed.net/institutions/IAU-010446,https://whed.net/detail_institution.php?KDo2MF0sM2BULSM4YApgCg==,Kohat,26000,"Jarma, Bannu Road",http://www.kust.edu.pk,Public,Founded in 2001,,,,English,"Higher Education Commission, Pakistan",,co-ed,,,"[{""role"": ""Head"", ""name"": ""Nasir Jamal Khattak"", ""job_title"": ""Vice-Chancellor""}, {""role"": ""Senior Administrative Officer"", ""name"": ""Altaf Hussain"", ""job_title"": ""Director Works/Project Director""}]","[{""type"": ""Faculty"", ""name"": ""Biological Sciences"", ""fields_of_study"": ""Biotechnology, Botany, Engineering, Microbiology, Pharmacy, Zoology""}, {""type"": ""Faculty"", ""name"": ""Physical Sciences"", ""fields_of_study"": ""Chemistry, Information Technology, Mathematics, Physics""}, {""type"": ""Faculty"", ""name"": ""Social Sciences"", ""fields_of_study"": ""Business Administration, Economics, Education, English, Journalism, Mass Communication, Religion, Social Work, Sociology""}]","[{""degree"": ""Bachelor's Degree"", ""fields_of_study"": ""Biotechnology, Botany, Business Administration, Chemistry, Economics, Education, Engineering, English, Information Technology, Journalism, Mass Communication, Mathematics, Microbiology, Pharmacy, Physics, Religion, Social Work, Sociology, Zoology""}, {""degree"": ""Master's Degree/ M. Phil"", ""fields_of_study"": ""Biotechnology, Botany, Business Administration, Chemistry, Economics, Education, Engineering, English, Information Technology, Journalism, Mass Communication, Mathematics, Microbiology, Pharmacy, Physics, Religion, Social Work, Sociology, Zoology""}, {""degree"": ""PhD"", ""fields_of_study"": ""Biotechnology, Botany, Business Administration, Chemistry, Economics, Education, Engineering, English, Information Technology, Journalism, Mass Communication, Mathematics, Microbiology, Physics, Religion, Social Work, Sociology, Zoology""}]",[],30-01-2018,2026-04-06T14:47:22.637575,
IAU-010802,Lahore College for Women University,LCWU,False,Pakistan,https://www.whed.net/institutions/IAU-010802,https://whed.net/detail_institution.php?KDo2MF0sM2BYLCMoYApgCg==,Lahore,54600,Jail Road,http://www.lcwu.edu.pk,Public,Founded 1922 as Lahore College for Women. Acquired present status 2002.,September to July,Matriculation Certificate,,English;Urdu,"Higher Education Commission, Pakistan",,,,,"[{""role"": ""Head"", ""name"": ""Rukhsana Kausar"", ""job_title"": ""Vice-Chancellor""}, {""role"": ""Senior Administrative Officer"", ""name"": ""Uzma Batool"", ""job_title"": ""Registrar""}]","[{""type"": ""Faculty"", ""name"": ""Engineering and Technology"", ""fields_of_study"": ""Architecture, Computer Science, Electrical Engineering, Regional Planning, Town Planning""}, {""type"": ""Faculty"", ""name"": ""Humanities and Social Sciences"", ""fields_of_study"": ""History, Home Economics, International Relations and Diplomacy, Islamic Studies, Mass Communication, Philosophy, Political Sciences, Psychology, Social Work, Statistics""}, {""type"": ""Faculty"", ""name"": ""Management and Administrative Sciences"", ""fields_of_study"": ""Economics, Management, Public Administration""}, {""type"": ""Faculty"", ""name"": ""Natural Sciences"", ""fields_of_study"": ""Biotechnology, Botany, Chemistry, Environmental Studies, Geography, Mathematics, Microbiology, Pharmacy, Physics, Zoology""}, {""type"": ""Institute"", ""name"": ""Design and Visual Arts"", ""fields_of_study"": ""Graphic Design, Textile Design, Visual Arts""}, {""type"": ""Institute"", ""name"": ""Education"", ""fields_of_study"": ""Education, Sports, Teacher Training""}, {""type"": ""Institute"", ""name"": ""languages and Culture"", ""fields_of_study"": ""Arabic, English, Persian, Urdu""}, {""type"": ""Institute"", ""name"": ""Leadership and Learning"", ""fields_of_study"": ""Gender Studies, Vocational Counselling""}, {""type"": ""Institute"", ""name"": ""Pharmacy"", ""fields_of_study"": ""Pharmacy""}]","[{""degree"": ""Bachelor's Degree"", ""fields_of_study"": ""Arabic, Architecture, Biotechnology, Botany, Chemistry, Computer Science, Economics, Education, Electrical Engineering, English, Environmental Studies, Gender Studies, Geography, Graphic Design, History, Home Economics, International Relations and Diplomacy, Islamic Studies, Management, Mass Communication, Mathematics, Microbiology, Persian, Pharmacy, Philosophy, Physics, Political Sciences, Psychology, Public Administration, Regional Planning, Social Work, Sports, Statistics, Teacher Training, Textile Design, Town Planning, Urdu, Visual Arts, Vocational Counselling, Zoology""}]",[],30-01-2018,2026-04-06T14:47:27.516784,
IAU-028707,Lahore Garrison University,,False,Pakistan,https://www.whed.net/institutions/IAU-028707,https://whed.net/detail_institution.php?KDo2MF0sQ0BXLCM8YApgCg==,Lahore,,"Main Campus Sector C, DHA Phase-VI",https://lgu.edu.pk,Private,Created 2014,,,,English,Higher Education Commission (HEC),,,,,"[{""role"": ""Head"", ""name"": ""Shahzad Sikander"", ""job_title"": ""Vice-Chancellor""}, {""role"": ""Senior Administrative Officer"", ""name"": ""Arif Hawaid"", ""job_title"": ""Director, Academics""}, {""role"": ""International Relations Officer"", ""name"": ""Muhammad Owais Rana"", ""job_title"": ""Consultant, Internationalization""}]","[{""type"": ""Faculty"", ""name"": ""Basic Sciences"", ""fields_of_study"": ""Analytical Chemistry, Applied Chemistry, Biochemistry, Biology, Biotechnology, Botany, Chemistry, Inorganic Chemistry, Mathematics, Microbiology, Organic Chemistry, Physical Chemistry, Physics, Zoology""}, {""type"": ""Faculty"", ""name"": ""Computer Science"", ""fields_of_study"": ""Computer Science, Information Technology, Software Engineering""}, {""type"": ""Faculty"", ""name"": ""Language"", ""fields_of_study"": ""English, Urdu""}, {""type"": ""Faculty"", ""name"": ""Social Sciences"", ""fields_of_study"": ""Business Administration, Clinical Psychology, Finance, Human Resources, International Relations and Diplomacy, Islamic Studies, Management, Marketing, Mass Communication, Media Studies, Peace and Disarmament, Political Sciences, Psychology, Transport Management""}]","[{""degree"": ""Bachelor's Degree"", ""fields_of_study"": ""Accountancy, Biochemistry, Biotechnology, Botany, Business Administration, Chemistry, Computer Science, Data Processing, English, Information Technology, International Relations and Diplomacy, Mass Communication, Mathematics, Media Studies, Microbiology, Peace and Disarmament, Physics, Psychology, Software Engineering, Urdu, Zoology""}, {""degree"": ""Master's Degree/ M. Phil"", ""fields_of_study"": ""Botany, Business Administration, Chemistry, Clinical Psychology, Computer Science, English, Information Technology, International Relations and Diplomacy, Islamic Studies, Mass Communication, Mathematics, Microbiology, Physics, Psychology, Urdu, Zoology""}, {""degree"": ""PhD"", ""fields_of_study"": ""Urdu""}]",[],10-05-2022,2026-04-06T14:47:31.946858,
IAU-029263,Lahore Leads University,,False,Pakistan,https://www.whed.net/institutions/IAU-029263,https://whed.net/detail_institution.php?KDo2MF0sQ0RSLUMsYApgCg==,Lahore,,Kamahan Road Off DHA Phase V,https://leads.edu.pk,Private,Created 2011,,,,English,Higher Education Commission Pakistan,,,,,"[{""role"": ""Head"", ""name"": ""Nadeem Ahmad Bhatti"", ""job_title"": ""Vice-Chancellor""}]","[{""type"": ""Department/Division"", ""name"": ""Business Administration"", ""fields_of_study"": ""Business Administration, Finance, Human Resources, Logistics Management, Management, Marketing""}, {""type"": ""Department/Division"", ""name"": ""Computer Science and Information Technology"", ""fields_of_study"": ""Computer Science, Information Technology, Software Engineering""}, {""type"": ""Department/Division"", ""name"": ""Economics"", ""fields_of_study"": ""Economics""}, {""type"": ""Department/Division"", ""name"": ""Education"", ""fields_of_study"": ""Education, Primary Education""}, {""type"": ""Department/Division"", ""name"": ""Engineering"", ""fields_of_study"": ""Civil Engineering, Electrical Engineering, Technology""}, {""type"": ""Department/Division"", ""name"": ""English"", ""fields_of_study"": ""English, Linguistics, Literature""}, {""type"": ""Department/Division"", ""name"": ""Islamic Studies"", ""fields_of_study"": ""Islamic Studies""}, {""type"": ""Department/Division"", ""name"": ""Mass Communication"", ""fields_of_study"": ""Mass Communication""}, {""type"": ""Department/Division"", ""name"": ""Mathematics"", ""fields_of_study"": ""Mathematics""}, {""type"": ""Department/Division"", ""name"": ""Physical Education and Sports Sciences"", ""fields_of_study"": ""Physical Education, Sports""}, {""type"": ""Department/Division"", ""name"": ""Politics and International Relations"", ""fields_of_study"": ""International Relations and Diplomacy, Political Sciences""}, {""type"": ""Department/Division"", ""name"": ""Psychology"", ""fields_of_study"": ""Psychology""}, {""type"": ""Department/Division"", ""name"": ""Sociology"", ""fields_of_study"": ""Sociology""}, {""type"": ""Department/Division"", ""name"": ""Urdu"", ""fields_of_study"": ""Urdu""}]","[{""degree"": ""Associate Degree""}, {""degree"": ""Bachelor's Degree"", ""fields_of_study"": ""Business Administration, Civil Engineering, Computer Science, Economics, Electrical Engineering, English, Information Technology, International Relations and Diplomacy, Islamic Studies, Mass Communication, Mathematics, Physical Education, Political Sciences, Primary Education, Psychology, Sociology, Software Engineering, Technology, Urdu""}, {""degree"": ""Master's Degree/ M. Phil"", ""fields_of_study"": ""Business Administration, Civil Engineering, Computer Science, Economics, Education, Electrical Engineering, English, Information Technology, International Relations and Diplomacy, Islamic Studies, Management, Mass Communication, Mathematics, Psychology, Sociology""}]",[],15-12-2022,2026-04-06T14:47:35.540051,
IAU-010803,Lahore School of Economics,Lahore School,False,Pakistan,https://www.whed.net/institutions/IAU-010803,https://whed.net/detail_institution.php?KDo2MF0sM2BYLCMsYApgCg==,Lahore,53200,"Intersection Main Boulevard, Phase VI DHA and Burki Road, Burki",http://www.lahoreschoolofeconomics.edu.pk,Private,Founded 1993. Acquired present status 1997.,September to August,"Undergraduate: High School Diploma or equivalent, entrance examination and Inteview. Bachelors degree with a CGPA of above 3, for Graduate Programmes",,English,"Higher Education Commission, Pakistan",,co-ed,,,"[{""role"": ""Head"", ""name"": ""Shahid Amjad Chaudhry"", ""job_title"": ""Rector""}, {""role"": ""Senior Administrative Officer"", ""name"": ""Mohsin Ijaz Malik"", ""job_title"": ""Senior Deputy Registrar""}, {""role"": ""Senior Administrative Officer"", ""name"": ""Romana Noor"", ""job_title"": ""Registrar""}]","[{""type"": ""Centre"", ""name"": ""Mathematics and Statistical Sciences"", ""fields_of_study"": ""Mathematics, Statistics""}, {""type"": ""Centre"", ""name"": ""Media Studies, Art and Design"", ""fields_of_study"": ""Design, Fine Arts, Media Studies""}, {""type"": ""Centre"", ""name"": ""Research in Economics and Business"", ""fields_of_study"": ""Business and Commerce, Economics""}, {""type"": ""Department/Division"", ""name"": ""Environmental Sciences and Policy"", ""fields_of_study"": ""Environmental Studies""}, {""type"": ""Department/Division"", ""name"": ""Social Sciences"", ""fields_of_study"": ""English, Mass Communication, Media Studies, Political Sciences, Social Sciences""}, {""type"": ""Faculty"", ""name"": ""Business Administration"", ""fields_of_study"": ""Business Administration, Business and Commerce""}, {""type"": ""Faculty"", ""name"": ""Economics"", ""fields_of_study"": ""Accountancy, Economics, Finance, Management, Marketing, Mathematics, Statistics""}]","[{""degree"": ""Bachelor's Degree"", ""fields_of_study"": ""Accountancy, Business Administration, Business and Commerce, Economics, English, Environmental Studies, Finance, Management, Marketing, Mass Communication, Mathematics, Media Studies, Political Sciences, Social Sciences, Statistics""}, {""degree"": ""Master's Degree/ M. Phil"", ""fields_of_study"": ""Business Administration, Development Studies, Economics, Environmental Studies""}, {""degree"": ""PhD"", ""fields_of_study"": ""Business Administration, Economics""}]","[""Lahore Journal of Business"", ""Lahore Journal of Economics"", ""Lahore Journal of Policy Studies"", ""Lahore School Case Study Journal""]",31-01-2018,2026-04-06T14:47:40.974552,
IAU-010804,Lahore University of Management Sciences,LUMS,False,Pakistan,https://www.whed.net/institutions/IAU-010804,https://whed.net/detail_institution.php?KDo2MF0sM2BYLCMwYApgCg==,Lahore,54792,"D.H.A, Lahore Cantt.",http://www.lums.edu.pk,Private,Founded 1984,August/September to June,"Intermediate or secondary certificate and test, SAT I and II. (For MBA, University degree at Bachelor level; work experience)",,English,"Higher Education Commission, Pakistan",,co-ed,,,"[{""role"": ""Head"", ""name"": ""Sohail Naqvi"", ""job_title"": ""Vice-Chancellor""}, {""role"": ""Senior Administrative Officer"", ""name"": ""Mahjabeen Ahmad"", ""job_title"": ""Assistant Manager""}, {""role"": ""International Relations Officer"", ""name"": ""Nuzhat Kamran"", ""job_title"": ""Head, Marketing and External Relations Office""}]","[{""type"": ""School"", ""name"": ""Mushtaq Ahmad Gurmani School of Humanities and Social Science"", ""fields_of_study"": ""Anthropology, Arts and Humanities, Computer Science, Economics, English, History, Mathematics, Political Sciences, Sociology""}, {""type"": ""School"", ""name"": ""Shaikh Ahmad Hassan School of Law"", ""fields_of_study"": ""Law""}, {""type"": ""School"", ""name"": ""Suleman Dawood School of Business"", ""fields_of_study"": ""Accountancy, Business Administration, Finance, Management""}, {""type"": ""School"", ""name"": ""Syed Babar Ali School of Science and Engineering"", ""fields_of_study"": ""Biology, Chemistry, Computer Science, Electrical Engineering, Mathematics, Physics""}]","[{""degree"": ""Bachelor's Degree"", ""fields_of_study"": ""Accountancy, Anthropology, Biology, Chemistry, Computer Engineering, Computer Science, Economics, Electrical Engineering, English, Finance, History, Law, Management, Mathematics, Physics, Political Sciences, Social Sciences, Sociology""}, {""degree"": ""Master's Degree/ M. Phil"", ""fields_of_study"": ""Biology, Business Administration, Chemistry, Computer Science, Economics, Electrical Engineering, Mathematics, Physics""}, {""degree"": ""PhD"", ""fields_of_study"": ""Biology, Chemistry, Computer Science, Electrical Engineering, Management, Mathematics, Physics""}]",[],31-01-2018,2026-04-06T14:47:46.282175,
IAU-010855,"Lasbelaa University of Agriculture, Water and Marine Sciences",LUAWMS,False,Pakistan,https://www.whed.net/institutions/IAU-010855,https://whed.net/detail_institution.php?KDo2MF0sM2BYLTM0YApgCg==,Uthal,90150,District Lasbela,http://www.luawms.edu.pk,Public,Created 2005.,November - March; April - July;,"HSC (Higher School Certificate), with a score of at least 45%; age limit of 21",,English,"Veterinary Accrediation Council and Agriculture Council; Higher Education Commission, Pakistan",,co-ed,,,"[{""role"": ""Head"", ""name"": ""Dost Muhammad Baloch"", ""job_title"": ""Vice-Chancellor""}, {""role"": ""Senior Administrative Officer"", ""name"": ""Ahmed Nawaz Khoso"", ""job_title"": ""Registrar""}]","[{""type"": ""Faculty"", ""name"": ""Agriculture"", ""fields_of_study"": ""Agriculture, Agronomy, Entomology, Food Science, Horticulture, Plant Pathology, Soil Science""}, {""type"": ""Faculty"", ""name"": ""Education"", ""fields_of_study"": ""Education, Educational Administration, Educational Psychology, Educational Research, Primary Education""}, {""type"": ""Faculty"", ""name"": ""English Language and Literature"", ""fields_of_study"": ""English, Linguistics, Literature""}, {""type"": ""Faculty"", ""name"": ""Marine Sciences"", ""fields_of_study"": ""Marine Biology, Marine Science and Oceanography""}, {""type"": ""Faculty"", ""name"": ""Social Science Management and IT"", ""fields_of_study"": ""Computer Science, Economics, Mathematics, Social Sciences, Statistics""}, {""type"": ""Faculty"", ""name"": ""Veterinary and Animal Science"", ""fields_of_study"": ""Animal Husbandry, Veterinary Science""}, {""type"": ""Faculty"", ""name"": ""Water Resources Management"", ""fields_of_study"": ""Irrigation, Water Management, Water Science""}]","[{""degree"": ""Bachelor's Degree"", ""fields_of_study"": ""Agriculture, Business Administration, Computer Science, English, Environmental Studies, Geology, Linguistics, Literature, Marine Science and Oceanography, Veterinary Science, Water Management, Water Science""}, {""degree"": ""Master's Degree/ M. Phil"", ""fields_of_study"": ""Agriculture, Biology, Economics, English, Finance, Fishery, Linguistics, Literature, Marine Biology""}, {""degree"": ""PhD"", ""fields_of_study"": ""Agriculture""}]","[""Balochistan Journal of Linguistics"", ""Lasbela University Journal of Science and Technology"", ""Lasbela University Journal of Social Science""]",30-01-2018,2026-04-06T14:47:51.169548,
IAU-010940,Liaquat University of Medical and Health Sciences,LUMHS,False,Pakistan,https://www.whed.net/institutions/IAU-010940,https://whed.net/detail_institution.php?KDo2MF0sM2BZLSNgYApgCg==,Jamshoro,,Indus Highway,https://www.lumhs.edu.pk,Public,"Founded 1881 as Medical School, 1951 as Medical College, acquired present status 2001.",March to December,Inter Science (Class XII) Biology group or equivalent qualification,,English,"Higher Education Commission, Pakistan; Pakistan Medical and Dental Council",,co-ed,,,"[{""role"": ""Head"", ""name"": ""Ikram Din Ujjan"", ""job_title"": ""Vice-Chancellor""}, {""role"": ""Senior Administrative Officer"", ""name"": ""Haji Muhammad Shaikh"", ""job_title"": ""Registrar""}]","[{""type"": ""Faculty"", ""name"": ""Basic Medical and Health Sciences"", ""fields_of_study"": ""Anatomy, Biochemistry, Biotechnology, Genetics, Health Sciences, Medicine, Molecular Biology, Pathology, Pharmacy, Physiology, Toxicology""}, {""type"": ""Faculty"", ""name"": ""Community and Public Health Sciences"", ""fields_of_study"": ""Community Health, Health Sciences, Homeopathic Medicine, Nursing, Public Health, Traditional Eastern Medicine"", ""more_details"": ""Jamshoro and Hyderabad""}, {""type"": ""Faculty"", ""name"": ""Dentistry"", ""fields_of_study"": ""Dental Hygiene, Dental Technology, Dentistry, Oral Pathology, Orthodontics, Periodontics, Stomatology"", ""more_details"": ""Jamshoro and Hyderabad""}, {""type"": ""Faculty"", ""name"": ""Medicine and Allied Sciences"", ""fields_of_study"": ""Cardiology, Dermatology, Gastroenterology, Health Sciences, Medicine, Nephrology, Neurology, Paediatrics, Pneumology, Psychiatry and Mental Health"", ""more_details"": ""Jamshoro and Hyderabad""}, {""type"": ""Faculty"", ""name"": ""Surgery and Allied Sciences"", ""fields_of_study"": ""Cardiology, Health Sciences, Neurology, Obstetrics and Gynaecology, Ophthalmology, Orthopaedics, Paediatrics, Plastic Surgery, Radiology, Surgery, Urology"", ""more_details"": ""Jamshoro and Hyderabad""}]","[{""degree"": ""Bachelor's Degree"", ""fields_of_study"": ""Dentistry, Medicine, Nursing, Public Health""}, {""degree"": ""Master's Degree/ M. Phil"", ""fields_of_study"": ""Public Health""}]","[""JLUMHS""]",31-01-2018,2026-04-06T14:47:54.632151,
IAU-011540,Mehran University of Engineering and Technology Jamshoro,MUET,False,Pakistan,https://www.whed.net/institutions/IAU-011540,https://whed.net/detail_institution.php?KDo2MF0sMyRVLSNgYApgCg==,Jamshoro,76062,Indus Highway,http://www.muet.edu.pk,Public,"Founded 1963 as Sind University Engineering College, acquired present status and title 1977.",October to August,,"33000 admission fees, 1500 per semester. (PKR)",English,"Higher Education Commission, Pakistan",,,,,"[{""role"": ""Head"", ""name"": ""Mohammad Aslam Uqaili"", ""job_title"": ""Vice-Chancellor""}, {""role"": ""Senior Administrative Officer"", ""name"": ""Abdul Waheed Umrani"", ""job_title"": ""Registrar""}]","[{""type"": ""Faculty"", ""name"": ""Architecture and Civil Engineering"", ""fields_of_study"": ""Architecture, Civil Engineering, Environmental Engineering, Regional Planning, Town Planning, Water Management""}, {""type"": ""Faculty"", ""name"": ""Electrical, Electronic & Computer Engineering"", ""fields_of_study"": ""Biomedical Engineering, Computer Engineering, Electrical and Electronic Engineering, Information Technology, Software Engineering, Telecommunications Engineering""}, {""type"": ""Faculty"", ""name"": ""Engineering"", ""fields_of_study"": ""Chemical Engineering, Civil Engineering, Computer Engineering, Electrical and Electronic Engineering, Industrial Engineering, Mechanical Engineering, Metallurgical Engineering, Mining Engineering, Petroleum and Gas Engineering, Textile Technology""}, {""type"": ""Faculty"", ""name"": ""Technology"", ""fields_of_study"": ""Mathematics, Statistics, Technology""}, {""type"": ""Institute"", ""name"": ""Environmental Engineering and Management"", ""fields_of_study"": ""Environmental Engineering, Environmental Management""}, {""type"": ""Institute"", ""name"": ""Institute of Science, Technology & Development"", ""fields_of_study"": ""Finance, Human Resources, Management, Marketing, Public Relations, Technology""}, {""type"": ""Institute"", ""name"": ""Petroleum & Natural Gas"", ""fields_of_study"": ""Petroleum and Gas Engineering""}, {""type"": ""Institute"", ""name"": ""Water Resources Engineering & Management"", ""fields_of_study"": ""Irrigation, Water Management, Water Science""}]","[{""degree"": ""Bachelor's Degree"", ""fields_of_study"": ""Architecture, Biomedical Engineering, Chemical Engineering, Civil Engineering, Computer Engineering, Electrical and Electronic Engineering, Environmental Engineering, Industrial Engineering, Mechanical Engineering, Metallurgical Engineering, Mining Engineering, Petroleum and Gas Engineering, Regional Planning, Software Engineering, Technology, Telecommunications Engineering, Textile Technology, Town Planning, Water Management, Water Science""}, {""degree"": ""Master's Degree/ M. Phil"", ""fields_of_study"": ""Chemical Engineering, Earth Sciences, Electrical and Electronic Engineering, Environmental Engineering, Information Technology, Irrigation, Public Health, Software Engineering, Telecommunications Engineering, Transport Engineering, Water Management, Water Science""}]","[""Quarterly Mehran University Research Journal of Engineering & Technology""]",30-01-2018,2026-04-06T14:47:58.188608,
IAU-011715,Minhaj University,MUL,False,Pakistan,https://www.whed.net/institutions/IAU-011715,https://whed.net/detail_institution.php?KDo2MF0sMyRXLDM0YApgCg==,Lahore,,"Near Hamdard Chowk, Township",http://www.mul.edu.pk,Private,Created 2003. Obtained status 2005,Oct - Mar; April - July,,,English,"Higher Education Commission, Pakistan",,co-ed,,,"[{""role"": ""Head"", ""name"": ""Muhammad Aslam Ghauri"", ""job_title"": ""Vice-Chancellor""}, {""role"": ""Senior Administrative Officer"", ""name"": ""Muhammad Ahmad"", ""job_title"": ""Registrar""}]","[{""type"": ""Faculty"", ""name"": ""Allied health Sciences"", ""fields_of_study"": ""Food Science, Laboratory Techniques, Nutrition""}, {""type"": ""Faculty"", ""name"": ""Basic Science and Mathematics"", ""fields_of_study"": ""Botany, Chemistry, Mathematics, Physics, Statistics, Zoology""}, {""type"": ""Faculty"", ""name"": ""Computer Science and Information Technology"", ""fields_of_study"": ""Computer Science, Information Technology, Software Engineering""}, {""type"": ""Faculty"", ""name"": ""Economics and Management Sciences"", ""fields_of_study"": ""Banking, Business and Commerce, Finance, Islamic Law, Islamic Studies, Management, Marketing""}, {""type"": ""Faculty"", ""name"": ""Engineering and Technology"", ""fields_of_study"": ""Chemical Engineering""}, {""type"": ""Faculty"", ""name"": ""Humanities"", ""fields_of_study"": ""Criminal Law, Education, History, Library Science, Mass Communication, Philosophy, Religion""}, {""type"": ""Faculty"", ""name"": ""Islamic Studies"", ""fields_of_study"": ""Islamic Studies""}, {""type"": ""Faculty"", ""name"": ""Languages"", ""fields_of_study"": ""Arabic, English, Oriental Languages, South and Southeast Asian Languages, Urdu""}, {""type"": ""Faculty"", ""name"": ""Social Sciences"", ""fields_of_study"": ""International Relations and Diplomacy, Peace and Disarmament, Political Sciences, Social Sciences, Sociology""}]","[{""degree"": ""Bachelor's Degree"", ""fields_of_study"": ""Accountancy, Arabic, Banking, Business and Commerce, Chemistry, Civil Engineering, Economics, Education, Electrical Engineering, English, Fashion Design, Finance, Food Science, History, Information Technology, International Relations and Diplomacy, Islamic Law, Islamic Studies, Laboratory Techniques, Law, Mass Communication, Mathematics, Mechanical Engineering, Nutrition, Physics, Political Sciences, Statistics, Textile Design, Urdu""}, {""degree"": ""Master's Degree/ M. Phil"", ""fields_of_study"": ""Accountancy, Arabic, Banking, Business Administration, Business and Commerce, Chemistry, Computer Science, Economics, Education, English, History, Information Technology, International Relations and Diplomacy, Islamic Law, Islamic Studies, Literature, Mathematics, Physics, Political Sciences, Statistics, Urdu""}, {""degree"": ""PhD"", ""fields_of_study"": ""Chemistry, Computer Science, English, History, Information Technology, International Relations and Diplomacy, Islamic Law, Islamic Studies, Mathematics, Physics, Political Sciences, Statistics, Urdu""}]","[""International Journal of Economics and Organization Sciences"", ""Journal of Professional Research in Social Sciences"", ""Zoraiz (International Journal of Languages)""]",31-01-2018,2026-04-06T14:48:01.820765,
IAU-011940,Mirpur University of Science and Technology,MUST,False,Pakistan,https://www.whed.net/institutions/IAU-011940,https://whed.net/detail_institution.php?KDo2MF0sMyRZLSNgYApgCg==,New Mirpur City,10250,"Allama Iqbal Road,",http://www.must.edu.pk,Public,Founded 1980 as Ali Ahmed Shah University College of Engineering and Technology. Acquired present name and title 2008.,,,,English,"Higher Education Commission, Pakistan",,,,,"[{""role"": ""Head"", ""name"": ""Habib- ur-Rehman"", ""job_title"": ""Vice-Chancellor""}, {""role"": ""Senior Administrative Officer"", ""name"": ""Muhammad Waris"", ""job_title"": ""Registrar""}]","[{""type"": ""College"", ""name"": ""AKSON College of Health Sciences"", ""fields_of_study"": ""Health Sciences""}, {""type"": ""Faculty"", ""name"": ""Arts"", ""fields_of_study"": ""Business Administration, Education, English, Home Economics, Home Economics Education, Islamic Studies, Law""}, {""type"": ""Faculty"", ""name"": ""Engineering"", ""fields_of_study"": ""Civil Engineering, Computer Engineering, Electrical Engineering, Mechanical Engineering, Power Engineering, Software Engineering""}, {""type"": ""Faculty"", ""name"": ""Sciences"", ""fields_of_study"": ""Biotechnology, Botany, Chemistry, Computer Science, Information Technology, Mathematics, Physics, Zoology""}]","[{""degree"": ""Bachelor's Degree"", ""fields_of_study"": ""Banking, Biotechnology, Botany, Business Administration, Chemistry, Civil Engineering, Computer Engineering, Computer Science, Economics, Education, Electrical Engineering, English, Finance, Home Economics, Information Technology, Islamic Studies, Mass Communication, Mathematics, Mechanical Engineering, Physics, Power Engineering, Software Engineering, Zoology""}, {""degree"": ""Master's Degree/ M. Phil"", ""fields_of_study"": ""Biotechnology, Botany, Chemistry, Civil Engineering, Computer Engineering, Computer Science, Education, Electrical Engineering, Islamic Studies, Management, Mathematics, Mechanical Engineering, Physics, Zoology""}, {""degree"": ""PhD"", ""fields_of_study"": ""Biotechnology, Botany, Chemistry, Electrical Engineering, Management, Mathematics, Physics""}]",[],30-01-2018,2026-04-06T14:48:06.024309,
IAU-012001,Mohammad Ali Jinnah University,MAJU,False,Pakistan,https://www.whed.net/institutions/IAU-012001,https://whed.net/detail_institution.php?KDo2MF0sMyhQLCMkYApgCg==,Karachi,75400,"Lal Kothi Bus Stop, Main Shahrah-e-Faisal, 22-E Block-6, PECHS",,Private,"Founded 1998, acquired present status 2000. Follows the modern American system of education. Its former campus in Islamabad was transformed into Capital University of Science and Technology in 2015.",September to May,"Bachelor's Degree. Minimum score 19 on ACT, 500 on TOEFL, or clear Jinnah's admission test",,English,"Higher Education Commission, Pakistan",,co-ed,,,"[{""role"": ""Head"", ""name"": ""Zubair A. Shaikh"", ""job_title"": ""President""}, {""role"": ""Senior Administrative Officer"", ""name"": ""Muhammad Kashif Khan"", ""job_title"": ""Registrar""}]","[{""type"": ""Campus"", ""name"": ""Karachi"", ""fields_of_study"": ""Biotechnology, Computer Engineering, Computer Science, Economics, Electrical Engineering, Finance, Management, Social Sciences""}, {""type"": ""Faculty"", ""name"": ""Business Administration and Social Sciences"", ""fields_of_study"": ""Accountancy, Business Administration, Economics, Finance, Law, Management, Marketing, Psychology""}, {""type"": ""Faculty"", ""name"": ""Computing"", ""fields_of_study"": ""Bioengineering, Biotechnology, Computer Engineering, Computer Science, Mathematics, Microbiology""}, {""type"": ""Faculty"", ""name"": ""Engineering"", ""fields_of_study"": ""Civil Engineering, Electrical Engineering, Electronic Engineering, Engineering Management, Mechanical Engineering""}, {""type"": ""Faculty"", ""name"": ""Life Sciences"", ""fields_of_study"": ""Biological and Life Sciences, Biotechnology""}]","[{""degree"": ""Bachelor's Degree"", ""fields_of_study"": ""Accountancy, Banking, Biological and Life Sciences, Biotechnology, Business Administration, Civil Engineering, Computer Engineering, Computer Science, Economics, Electrical Engineering, Finance, Mathematics, Mechanical Engineering, Media Studies, Microbiology, Psychology, Social Sciences, Software Engineering""}, {""degree"": ""Master's Degree/ M. Phil"", ""fields_of_study"": ""Biological and Life Sciences, Biotechnology, Civil Engineering, Computer Engineering, Computer Science, Electrical Engineering, Management, Mathematics, Mechanical Engineering, Microbiology""}, {""degree"": ""PhD"", ""fields_of_study"": ""Biotechnology, Civil Engineering, Computer Engineering, Computer Science, Electrical Engineering, Management, Mathematics, Mechanical Engineering""}]",[],31-01-2018,2026-04-06T14:48:11.172266,
IAU-012008,Mohi-ud-Din Islamic University,MIU,False,Pakistan,https://www.whed.net/institutions/IAU-012008,https://whed.net/detail_institution.php?KDo2MF0sMyhQLCNAYApgCg==,Nerian Sharif,,P.O. & Tehsil: Trarkhel Distt: Sudhnoti,http://www.miu.edu.pk,Private,Founded 2000,,,,English,"Higher Education Commission, Pakistan",,,,,"[{""role"": ""Head"", ""name"": ""Asif Mumtaz"", ""job_title"": ""Vice-Chancellor""}, {""role"": ""Senior Administrative Officer"", ""name"": ""Muhammad Ehtasham Aamir"", ""job_title"": ""Registrar""}]","[{""type"": ""Department/Division"", ""name"": ""Biotechnology"", ""fields_of_study"": ""Biotechnology""}, {""type"": ""Department/Division"", ""name"": ""Botany"", ""fields_of_study"": ""Botany""}, {""type"": ""Department/Division"", ""name"": ""Chemistry"", ""fields_of_study"": ""Chemistry""}, {""type"": ""Department/Division"", ""name"": ""Computer Science"", ""fields_of_study"": ""Computer Science""}, {""type"": ""Department/Division"", ""name"": ""Education"", ""fields_of_study"": ""Education""}, {""type"": ""Department/Division"", ""name"": ""English"", ""fields_of_study"": ""English""}, {""type"": ""Department/Division"", ""name"": ""Health and Physical Education"", ""fields_of_study"": ""Health Sciences, Physical Education""}, {""type"": ""Department/Division"", ""name"": ""Humanities"", ""fields_of_study"": ""Business Administration, Library Science, Sociology""}, {""type"": ""Department/Division"", ""name"": ""Islamic Studies"", ""fields_of_study"": ""Islamic Studies""}, {""type"": ""Department/Division"", ""name"": ""Law"", ""fields_of_study"": ""Law""}, {""type"": ""Department/Division"", ""name"": ""Management Sciences"", ""fields_of_study"": ""Accountancy, Banking, Business Administration, Management""}, {""type"": ""Department/Division"", ""name"": ""Mathematics"", ""fields_of_study"": ""Mathematics""}]","[{""degree"": ""Bachelor's Degree"", ""fields_of_study"": ""Biotechnology, Botany, Business Administration, Chemistry, Computer Science, Education, English, Health Sciences, Islamic Studies, Law, Library Science, Management, Mathematics, Physical Education, Sociology""}, {""degree"": ""Master's Degree/ M. Phil"", ""fields_of_study"": ""Banking, Biotechnology, Botany, Business Administration, Chemistry, Computer Science, Education, English, Health Sciences, Islamic Studies, Law, Management, Mathematics, Physical Education, Sociology""}]",[],31-01-2018,2026-04-06T14:48:15.758188,
IAU-028396,"Muhammad Nawaz Shareeff University of Agriculture, Multan",,False,Pakistan,https://www.whed.net/institutions/IAU-028396,https://whed.net/detail_institution.php?KDo2MF0sQ0BTLjM4YApgCg==,Multan,,Old Shujaabad Road,https://www.mnsuam.edu.pk,Public,Created 2013,,,,English,"Higher Education Commission, Pakistan",,,,,"[{""role"": ""Head"", ""name"": ""Asif Ali"", ""job_title"": ""Vice-Chancellor""}, {""role"": ""Senior Administrative Officer"", ""name"": ""Imran Mahmood"", ""job_title"": ""Registrar""}]","[{""type"": ""Faculty"", ""name"": ""Agricultural Engineering"", ""fields_of_study"": ""Agricultural Engineering""}, {""type"": ""Faculty"", ""name"": ""Agriculture and Environmental Science"", ""fields_of_study"": ""Agronomy, Dietetics, Environmental Studies, Food Science, Food Technology, Home Economics, Horticulture, Nutrition, Soil Science""}, {""type"": ""Faculty"", ""name"": ""Social Sciences and Humanities"", ""fields_of_study"": ""Agricultural Business, Agricultural Economics, Computer Science, English, Information Technology, Islamic Studies, Mathematics, Statistics""}, {""type"": ""Faculty"", ""name"": ""Veterinary and Animal Sciences"", ""fields_of_study"": ""Animal Husbandry, Aquaculture, Fishery, Meat and Poultry, Microbiology, Public Health, Zoology""}, {""type"": ""Institute"", ""name"": ""Plant Breeding and Biotechnology"", ""fields_of_study"": ""Biotechnology, Plant Pathology""}, {""type"": ""Institute"", ""name"": ""Plant Protection"", ""fields_of_study"": ""Plant and Crop Protection""}]","[{""degree"": ""Bachelor's Degree"", ""fields_of_study"": ""Agricultural Business, Agricultural Economics, Agricultural Engineering, Animal Husbandry, Computer Science, English, Food Technology, Home Economics, Horticulture, Information Technology, Meat and Poultry, Microbiology, Nutrition, Soil Science, Zoology""}, {""degree"": ""Master's Degree/ M. Phil"", ""fields_of_study"": ""Agricultural Business, Agricultural Economics, Fishery, Food Science, Horticulture, Meat and Poultry, Public Health, Soil Science""}, {""degree"": ""PhD"", ""fields_of_study"": ""Food Science, Soil Science""}]",[],25-01-2022,2026-04-06T14:48:19.291670,
IAU-029889,"Muhammad Nawaz Sharif University of Engineering and Technology, Multan",,False,Pakistan,https://www.whed.net/institutions/IAU-029889,https://whed.net/detail_institution.php?KDo2MF0sQ0RYLiNEYApgCg==,Multan,,QasimPur Colony BCG Chowk,https://mnsuet.edu.pk,Public,Created 2014,,,,English,Higher Education Commission,,,,,"[{""role"": ""Head"", ""name"": ""Muhammad Kamran"", ""job_title"": ""Vice-Chancellor""}]","[{""type"": ""Department/Division"", ""name"": ""Basic Sciences and Humanities"", ""fields_of_study"": ""Chemistry, Environmental Studies, Mathematics, Physics""}, {""type"": ""Department/Division"", ""name"": ""Chemical Engineering and Technology"", ""fields_of_study"": ""Chemical Engineering""}, {""type"": ""Department/Division"", ""name"": ""Civil Engineering and Technology"", ""fields_of_study"": ""Civil Engineering, Construction Engineering""}, {""type"": ""Department/Division"", ""name"": ""Computer Science"", ""fields_of_study"": ""Computer Science""}, {""type"": ""Department/Division"", ""name"": ""Electrical Engineering and Technology"", ""fields_of_study"": ""Electrical Engineering""}, {""type"": ""Department/Division"", ""name"": ""Management Sciences"", ""fields_of_study"": ""Business Administration""}, {""type"": ""Department/Division"", ""name"": ""Mechanical Engineering and Technology"", ""fields_of_study"": ""Mechanical Engineering""}]","[{""degree"": ""Bachelor's Degree"", ""fields_of_study"": ""Business Administration, Chemical Engineering, Chemistry, Civil Engineering, Computer Science, Electrical Engineering, Engineering, Environmental Studies, Mathematics, Mechanical Engineering, Physics""}, {""degree"": ""Master's Degree/ M. Phil"", ""fields_of_study"": ""Chemical Engineering, Electrical Engineering""}, {""degree"": ""PhD"", ""fields_of_study"": ""Chemical Engineering""}]",[],12-12-2023,2026-04-06T14:48:24.141373,
IAU-030609,Muslim Youth University,MY University,False,Pakistan,https://www.whed.net/institutions/IAU-030609,https://whed.net/detail_institution.php?KDo2MF0sU2BWLCNEYApgCg==,Islamabad,,Japan Road,https://myu.edu.pk,Private,Founded 2013,,,,English,"Higher Education Commission, Pakistan",,,,,"[{""role"": ""Head"", ""name"": ""Saeed Ul Hasan Chishti"", ""job_title"": ""Vice Chancellor""}, {""role"": ""Senior Administrative Officer"", ""name"": ""Ghulam Yaseen"", ""job_title"": ""Registrar""}]","[{""type"": ""Faculty"", ""name"": ""Allied Health Sciences"", ""fields_of_study"": ""Health Sciences""}, {""type"": ""Faculty"", ""name"": ""Basic and Applied Sciences"", ""fields_of_study"": ""Computer Engineering, Computer Science""}, {""type"": ""Faculty"", ""name"": ""Engineering and Technology"", ""fields_of_study"": ""Civil Engineering, Electrical Engineering""}, {""type"": ""Faculty"", ""name"": ""Fashion Designing and Fine Arts"", ""fields_of_study"": ""Fashion Design, Fine Arts""}, {""type"": ""Faculty"", ""name"": ""Languages and Literature"", ""fields_of_study"": ""English, Literature, Urdu""}, {""type"": ""Faculty"", ""name"": ""Law"", ""fields_of_study"": ""Law""}, {""type"": ""Faculty"", ""name"": ""Management Sciences"", ""fields_of_study"": ""Management""}, {""type"": ""Faculty"", ""name"": ""Natural Sciences"", ""fields_of_study"": ""Biological and Life Sciences""}, {""type"": ""Faculty"", ""name"": ""Pharmacy"", ""fields_of_study"": ""Pharmacy""}, {""type"": ""Faculty"", ""name"": ""Social Sciences and Humanities"", ""fields_of_study"": ""Arts and Humanities, Business Administration, Social Sciences""}, {""type"": ""Institute"", ""name"": ""Islamic Studies and Sharia"", ""fields_of_study"": ""Islamic Law, Islamic Studies, Islamic Theology""}]","[{""degree"": ""Associate Degree""}, {""degree"": ""Bachelor's Degree"", ""fields_of_study"": ""Artificial Intelligence, Biotechnology, Botany, Business Administration, Civil Engineering, Clinical Psychology, Computer Graphics, Computer Science, Cybersecurity, Economics, Education, Electrical Engineering, English, Home Economics, Hotel and Restaurant, International Relations and Diplomacy, Islamic Studies, Law, Library Science, Pharmacy, Physical Education, Physical Therapy, Psychology, Sociology, Software Engineering, Sports, Zoology""}, {""degree"": ""Master's Degree/ M. Phil"", ""fields_of_study"": ""Biological and Life Sciences, Civil Engineering, Computer Science, Cybersecurity, Education, Electrical Engineering, English, International Relations and Diplomacy, Islamic Studies, Literature, Management, Mathematics, Physical Education, Psychology, Sports, Urdu""}, {""degree"": ""PhD"", ""fields_of_study"": ""Civil Engineering, Computer Science, Education, English, International Relations and Diplomacy, Islamic Studies, Literature, Management, Urdu""}]",[],04-04-2025,2026-04-06T14:48:28.966671,
IAU-012423,National College of Arts,NCA Lahore,False,Pakistan,https://www.whed.net/institutions/IAU-012423,https://whed.net/detail_institution.php?KDo2MF0sMyhULEMsYApgCg==,Lahore,54000,4 Shahra-e-Quaid-e-Azam,http://www.nca.edu.pk,Public,Founded 1875 as Mayo School of Art. Acquired present status and title 1958.,,,,English,"Higher Education Commission, Pakistan",,,,,"[{""role"": ""Head"", ""name"": ""Murtaza Jafri"", ""job_title"": ""Principal""}, {""role"": ""Senior Administrative Officer"", ""name"": ""Nadeem Hasan Khan"", ""job_title"": ""Registrar""}]","[{""type"": ""Department/Division"", ""name"": ""Architecture"", ""fields_of_study"": ""Architecture""}, {""type"": ""Department/Division"", ""name"": ""Cultural Studies"", ""fields_of_study"": ""History, Museum Studies""}, {""type"": ""Department/Division"", ""name"": ""Design"", ""fields_of_study"": ""Ceramic Art, Design, Interior Design, Painting and Drawing, Textile Design""}, {""type"": ""Department/Division"", ""name"": ""Film and TV"", ""fields_of_study"": ""Cinema and Television, Film""}, {""type"": ""Department/Division"", ""name"": ""Fine Arts"", ""fields_of_study"": ""Fine Arts, Painting and Drawing, Printing and Printmaking, Sculpture, Visual Arts""}, {""type"": ""Department/Division"", ""name"": ""Musicology"", ""fields_of_study"": ""Music, Musicology""}]","[{""degree"": ""Bachelor's Degree"", ""fields_of_study"": ""Architecture, Cultural Studies, Design, Film, Fine Arts, Museum Studies, Musicology""}, {""degree"": ""Master's Degree/ M. Phil"", ""fields_of_study"": ""Cinema and Television, Communication Arts, Design, Film, Mass Communication, Multimedia, Museum Studies, Visual Arts""}, {""degree"": ""PhD"", ""fields_of_study"": ""Communication Arts, Cultural Studies""}]",[],30-01-2018,2026-04-06T14:48:32.586742,
IAU-012424,National College of Business Administration and Economics,NCBA&E,False,Pakistan,https://www.whed.net/institutions/IAU-012424,https://whed.net/detail_institution.php?KDo2MF0sMyhULEMwYApgCg==,Lahore,54660,"40-E /1, Gulberg III",http://www.ncbae.edu.pk,Private,Founded 1994,,,,English,"Higher Education Commission, Pakistan",,,,,"[{""role"": ""Head"", ""name"": ""Munir Ahmad"", ""job_title"": ""Rector""}, {""role"": ""Senior Administrative Officer"", ""name"": ""B.A. Chishty"", ""job_title"": ""Registrar""}]","[{""type"": ""Department/Division"", ""name"": ""Applied Economics"", ""fields_of_study"": ""Economics""}, {""type"": ""Department/Division"", ""name"": ""Applied Mathematics"", ""fields_of_study"": ""Applied Mathematics, Mathematics""}, {""type"": ""Department/Division"", ""name"": ""Applied Statistics"", ""fields_of_study"": ""Statistics""}, {""type"": ""Department/Division"", ""name"": ""Business Administration"", ""fields_of_study"": ""Accountancy, Business Administration, Finance, Human Resources, Marketing""}, {""type"": ""Department/Division"", ""name"": ""Computer Science"", ""fields_of_study"": ""Computer Science, Information Technology""}, {""type"": ""Department/Division"", ""name"": ""Environmental Management"", ""fields_of_study"": ""Environmental Studies""}, {""type"": ""Department/Division"", ""name"": ""Sports Management"", ""fields_of_study"": ""Sports Management""}]","[{""degree"": ""Bachelor's Degree"", ""fields_of_study"": ""Applied Mathematics, Computer Science, Economics, Environmental Studies, Mathematics, Sports Management, Statistics""}, {""degree"": ""Master's Degree/ M. Phil"", ""fields_of_study"": ""Applied Mathematics, Computer Science, Economics, Environmental Studies, Mathematics, Statistics""}, {""degree"": ""PhD"", ""fields_of_study"": ""Applied Mathematics, Computer Science, Economics, Environmental Studies, Management, Mathematics, Statistics""}]",[],30-01-2018,2026-04-06T14:48:36.168959,
IAU-024885,National Defence University,,False,Pakistan,https://www.whed.net/institutions/IAU-024885,https://whed.net/detail_institution.php?KDo2MF0sQzBYLiM0YApgCg==,Islamabad,,Sector E-9,http://www.ndu.edu.pk,Public,Founded in 1987,,,,English,"Higher Education Commission, Pakistan",,,,,"[{""role"": ""Head"", ""name"": ""Rizwan Akhtar"", ""job_title"": ""President""}, {""role"": ""Senior Administrative Officer"", ""name"": ""Hassan Jalil Shah"", ""job_title"": ""Registrar""}]","[{""type"": ""Faculty"", ""name"": ""Contemporary Studies."", ""fields_of_study"": ""Government, International Relations and Diplomacy, International Studies, Leadership, Management, Peace and Disarmament, Public Administration""}]","[{""degree"": ""Bachelor's Degree"", ""fields_of_study"": ""Government, International Relations and Diplomacy, International Studies, Leadership, Management, Peace and Disarmament, Public Administration""}, {""degree"": ""Master's Degree/ M. Phil"", ""fields_of_study"": ""Government, International Relations and Diplomacy, International Studies, Leadership, Management, Peace and Disarmament, Public Administration""}, {""degree"": ""PhD"", ""fields_of_study"": ""Government, International Relations and Diplomacy, International Studies, Leadership, Management, Peace and Disarmament, Public Administration""}]",[],30-01-2018,2026-04-06T14:48:41.208208,
IAU-012526,National Textile University,NTU,False,Pakistan,https://www.whed.net/institutions/IAU-012526,https://whed.net/detail_institution.php?KDo2MF0sMyhVLEM4YApgCg==,Faisalabad,37610,"Mannawala, Sheikhupura Road",http://www.ntu.edu.pk,Private,Founded 1959 as Institute of Textile Technology. Acquired present status 2002.,,,,English,"Higher Education Commission, Pakistan",,co-ed,,,"[{""role"": ""Head"", ""name"": ""Tanveer Hussain"", ""job_title"": ""Rector""}, {""role"": ""Senior Administrative Officer"", ""name"": ""Zafar Javed"", ""job_title"": ""Registrar""}]","[{""type"": ""Faculty"", ""name"": ""Engineering & Technology"", ""fields_of_study"": ""Materials Engineering, Polymer and Plastics Technology, Textile Technology, Weaving""}, {""type"": ""Faculty"", ""name"": ""Humanities and Social Sciences"", ""fields_of_study"": ""Fashion Design, Textile Design""}, {""type"": ""Faculty"", ""name"": ""Management Sciences"", ""fields_of_study"": ""Business Administration, Management""}, {""type"": ""Faculty"", ""name"": ""Science"", ""fields_of_study"": ""Computer Science, Organic Chemistry""}]","[{""degree"": ""Bachelor's Degree"", ""fields_of_study"": ""Business Administration, Computer Science, Fashion Design, Information Technology, Materials Engineering, Polymer and Plastics Technology, Software Engineering, Textile Design, Textile Technology, Visual Arts""}, {""degree"": ""Master's Degree/ M. Phil"", ""fields_of_study"": ""Business Administration, Computer Science, Mathematics, Textile Design, Textile Technology""}, {""degree"": ""PhD"", ""fields_of_study"": ""Computer Science, Organic Chemistry, Textile Technology""}]",[],30-01-2018,2026-04-06T14:48:46.567360,
IAU-012545,National University of Computer and Emerging Sciences,FAST-NU/NUCES,False,Pakistan,https://www.whed.net/institutions/IAU-012545,https://whed.net/detail_institution.php?KDo2MF0sMyhVLSM0YApgCg==,Islamabad,44000,"FAST House, Rohtas Road, G-9/4",,Private,Founded 1980. Sponsored by the Foundation for Advancement of Science and Technology (FAST). Acquired present status 2000.,August/September to June,Intermediate/higher secondary certificate/ A level and entry test,"Admission : 15,000. Per credit hour : 6,700 to 7,000 (PKR)",English,"Pakistan Engineering Council; Higher Education Commission, Pakistan",,co-ed,,,"[{""role"": ""Head"", ""name"": ""Amir Muhammed"", ""job_title"": ""Rector""}, {""role"": ""Senior Administrative Officer"", ""name"": ""Mohammad Latif Virk"", ""job_title"": ""Registrar""}]","[{""type"": ""Campus"", ""name"": ""Chiniot-Faisalabad"", ""fields_of_study"": ""Accountancy, Business Administration, Computer Science, Electrical Engineering, Finance""}, {""type"": ""Campus"", ""name"": ""Islamabad"", ""fields_of_study"": ""Accountancy, Business Administration, Computer Engineering, Computer Science, Electrical Engineering, Finance, Management""}, {""type"": ""Campus"", ""name"": ""Karachi"", ""fields_of_study"": ""Accountancy, Business Administration, Computer Engineering, Computer Science, Electrical Engineering, Finance, Management""}, {""type"": ""Campus"", ""name"": ""Lahore"", ""fields_of_study"": ""Accountancy, Business Administration, Civil Engineering, Computer Engineering, Computer Science, Finance, Management, Mathematics""}, {""type"": ""Campus"", ""name"": ""Peshawar"", ""fields_of_study"": ""Computer Engineering, Computer Science, Electrical Engineering""}]","[{""degree"": ""Bachelor's Degree"", ""fields_of_study"": ""Accountancy, Business Administration, Civil Engineering, Computer Science, Electrical Engineering, Finance""}, {""degree"": ""Master's Degree/ M. Phil"", ""fields_of_study"": ""Accountancy, Applied Linguistics, Business Administration, Civil Engineering, Computer Networks, Computer Science, Data Processing, Electrical Engineering, Finance, Management, Mathematics, Software Engineering""}, {""degree"": ""PhD"", ""fields_of_study"": ""Computer Science, Electrical Engineering, Management, Mathematics, Software Engineering""}]",[],30-01-2018,2026-04-06T14:48:52.079499,
IAU-026481,National University of Medical Sciences,NUMS,False,Pakistan,https://www.whed.net/institutions/IAU-026481,https://whed.net/detail_institution.php?KDo2MF0sQzhULiMkYApgCg==,Rawalpindi,46000,The Mall,http://numspak.edu.pk,Public,Established through an Act of Parliament in Oct 2015.,"MPhil, PhD, BSc Nursing, MBBS, BDS, BSc Cardiac Perfusion, Medical Lab Technology, Medical Imaging Technology: Jan to Dec. Master in Public Health: Aug to June","PhD (Pathology, Biochemistry): Eighteen years of education in the relevant field (M.Phil./ FCPS or equivalent qualification as recognized by HEC); MBBS/ equivalent recognized by the concerned regulatory authority. (BDS/ Non MBBS can apply for Molecular Medicine only); Valid registration with PM&DC; Minimum academic score of CGPA 3.0 (out of 4.0 in semester system) or 60 % marks in annual system (M.Phil., FCPS or equivalent degree); GAT subject test with minimum 60% marks. If the test is not available in GAT subject list of HEC, then NUMS will conduct Ph.D. entrance test and qualifying score will be 70%. M.Phil (Anatomy, Physiology, Biochemistry, Community Medicine, Pharmacology, Chemical Pathology, Microbiology, Oral Pathology. Dental Materials, Hematology): Sixteen years of education in the relevant discipline; MBBS/ equivalent duly recognized by the concerned regulatory authority; BDS can apply in Dental Material and Molecular Medicine only; Valid registration with PM&DC; Non-MBBS can apply for Molecular Medicine only; GAT (General) with minimum 50% of cumulative score; GAT will be valid for a period of two years. Master in Public Health:(18 Years Education): MBBS/BDS; Pharma D; BSc(Hons) Allied Health Science; BSN/ MSc Nursing; DVM; Master degree in a relevant subject such as Anthropology, Business Administration, Economics, Human nutrition, Microbiology, Physiology, Psychology, Public Health Engineering, Sociology, Statistics/Biostatistics and Zoology. MBBS/BDS/Nursing: Local Students: F.Sc (Pre-Medical) / A Level or Equivalent qualification; Minimum score 60% aggregate marks (Matric / F.Sc (Pre-Medical) / A Level or Equivalent qualification); University Entry Test. Foreign Seats: Equivalence by IBCC (in case of foreign qualification). B.Sc (Cardiac Perfusion, Medical Lab Technology, Medical Imaging Technology): F.Sc (Pre-Medical ) / A Level or Equivalent qualification; Minimum score 50% aggregate marks; NUMS Entrance test; Open merit from all over Pakistan. BS (Social Sciences of Health): F.Sc (Pre-Medical or Pre-Engineering), F.A., ICS, I.Com, A Levels, High School Diploma, International Baccalaureate or equivalent qualification with minimum 60% aggregate marks; NAT (General) with minimum 50% of cumulative score OR NUMS Admission Test; Interview","55,000 - 220,000 per annum, depending on degree type (PKR)",English,Higher Education Commission of Pakistan (HEC); Pakistan Medical and Dental Council (PM&DC); Pakistan Nursing Council (PNC); Pakistan Veterinary Medical Council (PVMC),,,,,"[{""role"": ""Head"", ""name"": ""Syed Muhammad Imran Majeed"", ""job_title"": ""Vice-Chancellor""}, {""role"": ""Senior Administrative Officer"", ""name"": ""Muhammad Salman Ashraf"", ""job_title"": ""Pro Vice-Chancellor (Administration)""}, {""role"": ""International Relations Officer"", ""name"": ""Muhammad Ismail"", ""job_title"": ""Director Quality Assurance""}]","[{""type"": ""Faculty"", ""name"": ""Basic Medical Sciences"", ""fields_of_study"": ""Medicine""}, {""type"": ""Faculty"", ""name"": ""Biomedical Engineering"", ""fields_of_study"": ""Bioengineering""}, {""type"": ""Faculty"", ""name"": ""Cardiovascular Sciences"", ""fields_of_study"": ""Cardiology""}, {""type"": ""Faculty"", ""name"": ""Dental Sciences"", ""fields_of_study"": ""Dentistry""}, {""type"": ""Faculty"", ""name"": ""Education and Health Professions Education"", ""fields_of_study"": ""Education, Health Education""}, {""type"": ""Faculty"", ""name"": ""Health Management Sciences"", ""fields_of_study"": ""Health Administration""}, {""type"": ""Faculty"", ""name"": ""Medicine and Allied Sciences"", ""fields_of_study"": ""Medicine""}, {""type"": ""Faculty"", ""name"": ""Neurosciences"", ""fields_of_study"": ""Neurology""}, {""type"": ""Faculty"", ""name"": ""Nursing"", ""fields_of_study"": ""Nursing""}, {""type"": ""Faculty"", ""name"": ""Ophthalmology"", ""fields_of_study"": ""Ophthalmology""}, {""type"": ""Faculty"", ""name"": ""Pathology"", ""fields_of_study"": ""Pathology""}, {""type"": ""Faculty"", ""name"": ""Radiology and Imaging"", ""fields_of_study"": ""Radiology""}, {""type"": ""Faculty"", ""name"": ""Rehabilitation Sciences"", ""fields_of_study"": ""Rehabilitation and Therapy""}, {""type"": ""Faculty"", ""name"": ""Social Sciences and Humanities"", ""fields_of_study"": ""Arts and Humanities, Social Sciences""}, {""type"": ""Faculty"", ""name"": ""Surgery and Allied Sciences"", ""fields_of_study"": ""Surgery""}, {""type"": ""Faculty"", ""name"": ""Veterinary Sciences"", ""fields_of_study"": ""Veterinary Science""}]","[{""degree"": ""Bachelor's Degree"", ""fields_of_study"": ""Biotechnology, Dentistry, Genetics, Medical Technology, Medicine, Microbiology, Nursing""}, {""degree"": ""Master's Degree/ M. Phil"", ""fields_of_study"": ""Anatomy, Biochemistry, Community Health, Dentistry, Haematology, Microbiology, Molecular Biology, Oral Pathology, Pathology, Pharmacology, Physiology, Public Health""}, {""degree"": ""PhD"", ""fields_of_study"": ""Biochemistry, Molecular Biology, Pathology, Physiology""}]",[],21-05-2019,2026-04-06T14:48:54.950053,
IAU-012550,National University of Modern Languages,NUML,False,Pakistan,https://www.whed.net/institutions/IAU-012550,https://whed.net/detail_institution.php?KDo2MF0sMyhVLTNgYApgCg==,Islamabad,44000,Sector H-9,,Public,"Founded 1970 as National Institute of Modern Languages, acquired present status 2000.",January to December (January-June; July-December),"Intermediate or higher secondary certificate, entry test and interview for Language Proficiency and undergraduate courses; Bachelor's Degree, test and interview for Post Graduate Courses; Master in 1st division and GRE test for Masters and PhD.",,English,"Higher Education Commission, Pakistan",None,co-ed,,,"[{""role"": ""Head"", ""name"": ""Shahid Mahmood Kayani"", ""job_title"": ""Rector""}, {""role"": ""Senior Administrative Officer"", ""name"": ""Syed Waqas Ali Kausar"", ""job_title"": ""Registrar""}]","[{""type"": ""Campus"", ""name"": ""Faisalabad"", ""fields_of_study"": ""Business Administration, Economics, English""}, {""type"": ""Campus"", ""name"": ""Hyderabad"", ""fields_of_study"": ""Business Administration, Business and Commerce, Education, English, Finance, International Studies, Mass Communication, Urdu""}, {""type"": ""Campus"", ""name"": ""Karachi"", ""fields_of_study"": ""Business Administration, Economics, Education, English, International Studies, Mass Communication""}, {""type"": ""Campus"", ""name"": ""Lahore"", ""fields_of_study"": ""Business Administration, Economics, English, Mass Communication""}, {""type"": ""Campus"", ""name"": ""Multan"", ""fields_of_study"": ""Business Administration, Economics, English, Finance""}, {""type"": ""Campus"", ""name"": ""Peshawar"", ""fields_of_study"": ""Business Administration, Economics, English, Finance""}, {""type"": ""Campus"", ""name"": ""Quetta"", ""fields_of_study"": ""Business Administration, Education, English""}, {""type"": ""Faculty"", ""name"": ""Engineering and Computer Science"", ""fields_of_study"": ""Computer Science, Electrical Engineering, Engineering, Information Technology, Software Engineering, Telecommunications Engineering""}, {""type"": ""Faculty"", ""name"": ""English Studies"", ""fields_of_study"": ""English""}, {""type"": ""Faculty"", ""name"": ""Management Sciences"", ""fields_of_study"": ""Accountancy, Business Administration, Economics, Finance, Management""}, {""type"": ""Faculty"", ""name"": ""Social Sciences"", ""fields_of_study"": ""Arabic, Chinese, Cultural Studies, Education, French, History, International Relations and Diplomacy, Islamic Studies, Mass Communication, Persian, Public Administration, Turkish, Urdu""}]","[{""degree"": ""Bachelor's Degree"", ""fields_of_study"": ""Accountancy, Arabic, Business Administration, Business and Commerce, Economics, Electrical Engineering, English, Finance, Mass Communication, Modern Languages, Software Engineering, Turkish, Urdu""}, {""degree"": ""Master's Degree/ M. Phil"", ""fields_of_study"": ""Arabic, Business Administration, Chinese, Computer Science, Education, English, Finance, French, Human Resources, Information Technology, Islamic Studies, Linguistics, Management, Marketing, Modern Languages, Persian, Social Sciences, Sociology, Translation and Interpretation, Urdu""}, {""degree"": ""PhD"", ""fields_of_study"": ""Arabic, Education, English, Islamic Studies, Management, Persian, Urdu""}]","[""Daryaft"", ""Journal of Educational Research"", ""Journal of Management & Technology"", ""Research Magazine"", ""Takhleeqi Adab""]",30-01-2018,2026-04-06T14:49:00.576775,
IAU-012553,National University of Sciences and Technology,NUST,False,Pakistan,https://www.whed.net/institutions/IAU-012553,https://whed.net/detail_institution.php?KDo2MF0sMyhVLTMsYApgCg==,Islamabad,297,Sector H-12 Campus,,Public,Founded 1991 by the Ministry of Science and Technology.,September to August,Undergraduate: Minimum 60% aggregate marks each in Matric and in FSC (excluding NCC marks) equivalent exams. No deviation in this regard is allowed. Postgraduate: sixteen years of schooling or 4 years (130 credit hours) calculated after FA/FSC/A Level mandatory for admission in MS/M Phil programme leading to PhD and MBA. The previous (terminal) degree or academic transcript on the basis of which applicant is eligible to apply for MS Engineering/IT/ M Phil leading to PhD must be PEC/HEC/PM&DC (as applicable) recognized with a minimum CGPA of 2.50 of 4.00 (3.50 of 5.00) or 1st Division (60% marks).,"​Admission Processing Fee ​: 35,000​​Security Deposit : 10,000​Semester Fee ​:82,000 (​Engineering/IT, Bio Sciences & Natural Sciences)95,000 (Architecture, Social Sciences & Business Studies ​) (PKR)",English,"Higher Education Commission, Pakistan, Pakistan Engineering Council (PEC), Pakistan Medical and Dental Council (PMD&C), National Computing Education and Accreditation Council (NCEAC)",,co-ed,,,"[{""role"": ""Head"", ""name"": ""Javed Mahmood Bukhari"", ""job_title"": ""Rector""}, {""role"": ""Senior Administrative Officer"", ""name"": ""Abid Ejaz Kahloon"", ""job_title"": ""Pro-Rector, Planning and Resources""}, {""role"": ""Senior Administrative Officer"", ""name"": ""Osman Hasan"", ""job_title"": ""Pro-Rector, Academics""}, {""role"": ""International Relations Officer"", ""name"": ""Awais Mehmood Kamboh"", ""job_title"": ""Director, Quality Assurance""}]","[{""type"": ""Centre"", ""name"": ""Advanced Research in Electrical and Thermal Energy"", ""fields_of_study"": ""Electrical Engineering, Energy Engineering, Thermal Engineering"", ""more_details"": ""US Pakistan Center for Advanced Studies in Energy USPCAS-E""}, {""type"": ""Centre"", ""name"": ""Computational Science and Engineering (CS&E)"", ""fields_of_study"": ""Computer Engineering, Electrical and Electronic Engineering"", ""more_details"": ""Research Center for Modeling & Simulation (RCMS) - Islamabad""}, {""type"": ""Centre"", ""name"": ""Counseling and Career Advisory"", ""fields_of_study"": ""Educational and Student Counselling"", ""more_details"": ""College of Aeronautical Engineering (CAE) - Risalpur""}, {""type"": ""Centre"", ""name"": ""Peace & Conflict Studies and UN Peacekeeping Training"", ""fields_of_study"": ""International Law, International Studies, Peace and Disarmament, Political Sciences"", ""more_details"": ""Centre for International Peace & Stability (CIPS) – Islamabad""}, {""type"": ""College"", ""name"": ""Aeronautical Engineering"", ""fields_of_study"": ""Aeronautical and Aerospace Engineering"", ""more_details"": ""CAE -Risalpur""}, {""type"": ""College"", ""name"": ""Civil Engineering"", ""fields_of_study"": ""Civil Engineering"", ""more_details"": ""Military College of Civil Engineering (MCE) - Risalpur""}, {""type"": ""College"", ""name"": ""Electrical and Mechanical Engineering"", ""fields_of_study"": ""Computer Engineering, Electrical Engineering, Mechanical Engineering, Software Engineering"", ""more_details"": ""CE&ME-Rawalpindi""}, {""type"": ""College"", ""name"": ""Marine Engineering"", ""fields_of_study"": ""Marine Engineering"", ""more_details"": ""Pakistan Navy Engineering College, PNEC-Karachi""}, {""type"": ""College"", ""name"": ""Telecommunications Engineering"", ""fields_of_study"": ""Telecommunications Engineering"", ""more_details"": ""Military College of Signals (MCS) - Rawalpindi""}, {""type"": ""School"", ""name"": ""Advanced Mathematics, Physics and Chemistry"", ""fields_of_study"": ""Chemistry, Mathematics, Physics"", ""more_details"": ""School of Natural Sciences (SNS)-Islamabad""}, {""type"": ""School"", ""name"": ""Art, Design and Architecture"", ""fields_of_study"": ""Architecture, Design, Fine Arts"", ""more_details"": ""School of Art, Design and Architecture (SADA)-Islamabad""}, {""type"": ""School"", ""name"": ""Biotechnology"", ""fields_of_study"": ""Biotechnology, Public Health"", ""more_details"": ""Atta-ur-Rahman School of Applied Biosciences (ASAB)-Islamabad""}, {""type"": ""School"", ""name"": ""Business"", ""fields_of_study"": ""Business Education"", ""more_details"": ""NUST Business School (NBS) - Islamabad""}, {""type"": ""School"", ""name"": ""Chemical and Materials Engineering"", ""fields_of_study"": ""Chemical Engineering, Materials Engineering"", ""more_details"": ""School of Chemical & Materials Engineering (SCME) - Islamabad""}, {""type"": ""School"", ""name"": ""Civil and Environmental Engineering"", ""fields_of_study"": ""Civil Engineering, Construction Engineering, Environmental Engineering, Surveying and Mapping, Water Management"", ""more_details"": ""School of Civil & Environmental Engineering (SCEE-NIT, NICE, IESE & IGIS) – Islamabad""}, {""type"": ""School"", ""name"": ""Electrical and Computer Engineering"", ""fields_of_study"": ""Computer Engineering, Electrical Engineering"", ""more_details"": ""School of Electrical Engineering and Computer Science (SEECS) - Islamabad""}, {""type"": ""School"", ""name"": ""Mechanical and Manufacturing Engineering"", ""fields_of_study"": ""Mechanical Engineering"", ""more_details"": ""School of Mechanical & Manufacturing Engineering (SMME) - Islamabad""}, {""type"": ""School"", ""name"": ""Social Sciences & Humanities"", ""fields_of_study"": ""Behavioural Sciences, Development Studies, Economics, Government, Mass Communication"", ""more_details"": ""School of Social Sciences and Humanities,  (S3H) - Islamabad""}, {""type"": ""School"", ""name"": ""System of Education for Army Cadets / Young Officers (YOs)"", ""fields_of_study"": ""Education"", ""more_details"": ""NUST Institute of Peace & Conflict Studies (NIPCONS) – Rawalpindi""}]","[{""degree"": ""Bachelor's Degree"", ""fields_of_study"": ""Aeronautical and Aerospace Engineering, Architecture, Biotechnology, Business Administration, Business and Commerce, Chemical Engineering, Civil Engineering, Computer Engineering, Design, Economic and Finance Policy, Economics, Electrical Engineering, Engineering, Environmental Engineering, Geological Engineering, Management Systems, Mass Communication, Materials Engineering, Mathematics, Physics, Public Administration, Software Engineering""}, {""degree"": ""Master's Degree/ M. Phil"", ""fields_of_study"": ""Aeronautical and Aerospace Engineering, Biomedical Engineering, Biotechnology, Chemical Engineering, Chemistry, Clinical Psychology, Computer Engineering, Construction Engineering, Design, Development Studies, Economics, Educational and Student Counselling, Electrical Engineering, Energy Engineering, Engineering, Engineering Management, Environmental Management, Geological Engineering, Human Resources, Information Technology, Management, Mass Communication, Mathematics, Mechanical Engineering, Nanotechnology, Naval Architecture, Peace and Disarmament, Physics, Robotics, Software Engineering, Thermal Engineering, Transport Engineering, Urban Studies, Water Management, Water Science""}, {""degree"": ""PhD"", ""fields_of_study"": ""Aeronautical and Aerospace Engineering, Biotechnology, Business Administration, Chemical Engineering, Chemistry, Computer Engineering, Construction Engineering, Design, Economics, Electrical and Electronic Engineering, Electrical Engineering, Energy Engineering, Engineering Management, Environmental Engineering, Geological Engineering, Information Sciences, Information Technology, Materials Engineering, Mathematics, Mechanical Engineering, Nanotechnology, Peace and Disarmament, Physics, Psychology, Regional Planning, Robotics, Software Engineering, Telecommunications Engineering, Urban Studies, Water Management""}]","[""NUST Energy Solutions"", ""NUST Journal of Business and Economics"", ""NUST Journal of Engineering Sciences (NJES)"", ""NUST Journal of Natural Sciences"", ""Technocrat - Journal of Science and Technology""]",05-01-2021,2026-04-06T14:49:04.820478,
IAU-024886,Nazeer Hussain University,NHU,False,Pakistan,https://www.whed.net/institutions/IAU-024886,https://whed.net/detail_institution.php?KDo2MF0sQzBYLiM4YApgCg==,Karachi,,ST-2 Block-4 Federal B Area Near Karimabad,http://www.nhu.edu.pk,Private,Founded in 2012,,,"45,000 to 70,000 per degree per semester (PKR)",English,"Higher Education Commission, Pakistan",,,,,"[{""role"": ""Head"", ""name"": ""Bilal Ahmad Alvi"", ""job_title"": ""Vice Chancellor""}]","[{""type"": ""Department/Division"", ""name"": ""Architecture and the Built Environnement"", ""fields_of_study"": ""Architectural and Environmental Design, Architecture, Town Planning""}, {""type"": ""Department/Division"", ""name"": ""Business and Management Studies"", ""fields_of_study"": ""Business Administration, Management""}, {""type"": ""Department/Division"", ""name"": ""Education"", ""fields_of_study"": ""Education""}, {""type"": ""Department/Division"", ""name"": ""Engineering Practices and Sciences"", ""fields_of_study"": ""Computer Science, Electrical Engineering, Electronic Engineering, Mechanical Engineering, Telecommunications Engineering""}, {""type"": ""Department/Division"", ""name"": ""Media Sciences"", ""fields_of_study"": ""Media Studies""}, {""type"": ""Department/Division"", ""name"": ""Pharmacy"", ""fields_of_study"": ""Pharmacy""}]","[{""degree"": ""Bachelor's Degree"", ""fields_of_study"": ""Architectural and Environmental Design, Architecture, Business Administration, Computer Science, Education, Electrical Engineering, Electronic Engineering, Management, Mechanical Engineering, Media Studies""}, {""degree"": ""Master's Degree/ M. Phil"", ""fields_of_study"": ""Business Administration, Education""}]",[],30-01-2018,2026-04-06T14:49:08.782646,
IAU-012588,NED University of Engineering and Technology,NEDUET,False,Pakistan,https://www.whed.net/institutions/IAU-012588,https://whed.net/detail_institution.php?KDo2MF0sMyhVLiNAYApgCg==,Karachi,75270,University Road,http://www.neduet.edu.pk,Public,"Founded 1922 as NED Engineering College, acquired present status and title 1977.",,Higher secondary certificate (Pre-Engineering),,English,"Pakistan Engineering Council; Pakistan Council of Architecture and Town Planners; Higher Education Commission, Pakistan",,co-ed,,,"[{""role"": ""Head"", ""name"": ""Sarosh Hashmat Lodi"", ""job_title"": ""Vice-Chancellor""}, {""role"": ""Senior Administrative Officer"", ""name"": ""Syed Ghazanfar Hussain"", ""job_title"": ""Registrar""}]","[{""type"": ""Faculty"", ""name"": ""Biomedical Engineering"", ""fields_of_study"": ""Bioengineering, Biomedical Engineering, Food Science, Food Technology""}, {""type"": ""Faculty"", ""name"": ""Chemical and Process Engineering"", ""fields_of_study"": ""Chemical Engineering, Materials Engineering, Metallurgical Engineering, Polymer and Plastics Technology""}, {""type"": ""Faculty"", ""name"": ""Civil Engineering and Architecture"", ""fields_of_study"": ""Architecture, Civil Engineering, Engineering, Environmental Engineering, Petroleum and Gas Engineering, Urban Studies""}, {""type"": ""Faculty"", ""name"": ""Electrical and Computer Engineering"", ""fields_of_study"": ""Computer Engineering, Electrical and Electronic Engineering""}, {""type"": ""Faculty"", ""name"": ""Information Science and Humanities"", ""fields_of_study"": ""Arabic, Arts and Humanities, Chemistry, Computer Science, Information Technology, Linguistics, Management, Mathematics, Natural Sciences, Physics""}, {""type"": ""Faculty"", ""name"": ""Maritime Engineering"", ""fields_of_study"": ""Marine Engineering""}, {""type"": ""Faculty"", ""name"": ""Mechanical and Manufacturing Engineering"", ""fields_of_study"": ""Automotive Engineering, Industrial Engineering, Mechanical Engineering, Textile Technology""}]","[{""degree"": ""Bachelor's Degree"", ""fields_of_study"": ""Architecture, Automotive Engineering, Biomedical Engineering, Chemical Engineering, Chemistry, Civil Engineering, Computer Engineering, Computer Science, Electrical and Electronic Engineering, Engineering, Environmental Engineering, Food Science, Food Technology, Industrial Engineering, Marine Engineering, Materials Engineering, Mathematics, Mechanical Engineering, Petroleum and Gas Engineering, Physics, Polymer and Plastics Technology, Textile Technology, Urban Studies""}, {""degree"": ""Master's Degree/ M. Phil"", ""fields_of_study"": ""Architecture, Arts and Humanities, Automotive Engineering, Biomedical Engineering, Chemical Engineering, Chemistry, Civil Engineering, Computer Engineering, Computer Science, Electrical and Electronic Engineering, Environmental Engineering, Industrial Engineering, Marine Engineering, Materials Engineering, Mathematics, Mechanical Engineering, Physics, Textile Technology, Urban Studies""}, {""degree"": ""PhD"", ""fields_of_study"": ""Architecture, Biomedical Engineering, Civil Engineering, Computer Engineering, Computer Science, Electrical and Electronic Engineering, Environmental Engineering, Industrial Engineering, Materials Engineering, Mathematics, Mechanical Engineering, Textile Technology, Urban Studies""}]","[""Journal of Social Sciences & Interdisciplinary Research"", ""Journal of Research in Architecture & Planning"", ""NEDUET Journal of Research""]",31-01-2018,2026-04-06T14:49:14.297195,
IAU-012656,Newports Institute of Communications and Economics,NICE,False,Pakistan,https://www.whed.net/institutions/IAU-012656,https://whed.net/detail_institution.php?KDo2MF0sMyhWLTM4YApgCg==,Karachi,,"40-L, PECHS Block-6,",http://www.newports.edu.pk,Private,Founded 2002.,,,,English,"Higher Education Commission, Pakistan.",,,,,"[{""role"": ""Head"", ""name"": ""Abdul  Rehman Memon"", ""job_title"": ""Rector""}, {""role"": ""Senior Administrative Officer"", ""name"": ""Salman Jamal"", ""job_title"": ""Registrar""}]","[{""type"": ""Department/Division"", ""name"": ""Business Administration"", ""fields_of_study"": ""Business Administration, Business and Commerce""}, {""type"": ""Department/Division"", ""name"": ""Computer Science"", ""fields_of_study"": ""Computer Science""}, {""type"": ""Department/Division"", ""name"": ""Education"", ""fields_of_study"": ""Education""}]","[{""degree"": ""Bachelor's Degree"", ""fields_of_study"": ""Business Administration, Business and Commerce, Computer Science, Education""}, {""degree"": ""Master's Degree/ M. Phil"", ""fields_of_study"": ""Business Administration, Computer Science, Education""}]",[],16-11-2017,2026-04-06T14:49:17.326659,
IAU-024627,NFC Institute of Engineering and Technology,,False,Pakistan,https://www.whed.net/institutions/IAU-024627,https://whed.net/detail_institution.php?KDo2MF0sQzBWLEM8YApgCg==,Multan,,"Opposite Pak Arab Fertilizers, Khanewal Road",http://nfciet.edu.pk,Public,Created in 2012,,,,English,Higher Education Commission (HEC),,,,,"[{""role"": ""Head"", ""name"": ""Akhtar Ali Malik"", ""job_title"": ""Vice-Chancellor""}]","[{""type"": ""Course/Programme"", ""name"": ""Architecture"", ""fields_of_study"": ""Architecture""}, {""type"": ""Course/Programme"", ""name"": ""Business Administration"", ""fields_of_study"": ""Business Administration""}, {""type"": ""Course/Programme"", ""name"": ""Computer Science"", ""fields_of_study"": ""Computer Science""}, {""type"": ""Course/Programme"", ""name"": ""Engineering"", ""fields_of_study"": ""Chemical Engineering, Civil Engineering, Electrical Engineering, Engineering, Mechanical Engineering, Petroleum and Gas Engineering""}, {""type"": ""Course/Programme"", ""name"": ""Environmental Science"", ""fields_of_study"": ""Environmental Engineering, Environmental Studies""}]","[{""degree"": ""Bachelor's Degree""}, {""degree"": ""Master's Degree/ M. Phil""}]",[],30-01-2018,2026-04-06T14:49:22.117046,
IAU-024884,"NFC Institute of Engineering and Technology, Multan",NFCIET,False,Pakistan,https://www.whed.net/institutions/IAU-024884,https://whed.net/detail_institution.php?KDo2MF0sQzBYLiMwYApgCg==,Multan,,PO Fertilizer Khanewal Road,http://www.nfciet.edu.pk,Public,Founded in 2012,,,"40,100 to 70,850 per degree per year (PKR)",English,"Higher Education Commission, Pakistan",,,,,"[{""role"": ""Head"", ""name"": ""Akhtar Ali Malik"", ""job_title"": ""Vice Chancellor""}, {""role"": ""Senior Administrative Officer"", ""name"": ""Nasrullah Khan Babar"", ""job_title"": ""Registrar""}]","[{""type"": ""Department/Division"", ""name"": ""Architecture Design"", ""fields_of_study"": ""Architecture""}, {""type"": ""Department/Division"", ""name"": ""Business Administration"", ""fields_of_study"": ""Business Administration""}, {""type"": ""Department/Division"", ""name"": ""Chemical Engineering"", ""fields_of_study"": ""Chemical Engineering""}, {""type"": ""Department/Division"", ""name"": ""Civil Engineering"", ""fields_of_study"": ""Civil Engineering""}, {""type"": ""Department/Division"", ""name"": ""Computer Science"", ""fields_of_study"": ""Computer Science""}, {""type"": ""Department/Division"", ""name"": ""Electrical Engineering"", ""fields_of_study"": ""Electrical Engineering""}, {""type"": ""Department/Division"", ""name"": ""Environnemental Engineering"", ""fields_of_study"": ""Environmental Engineering""}, {""type"": ""Department/Division"", ""name"": ""Mechanical Engineering"", ""fields_of_study"": ""Mechanical Engineering""}, {""type"": ""Department/Division"", ""name"": ""Petroleum and Gas Engineering"", ""fields_of_study"": ""Petroleum and Gas Engineering""}]","[{""degree"": ""Bachelor's Degree"", ""fields_of_study"": ""Business Administration, Chemical Engineering, Civil Engineering, Computer Science, Electrical Engineering, Environmental Engineering, Mechanical Engineering""}]",[],31-01-2018,2026-04-06T14:49:27.863914,
IAU-012840,Northern University,NU,False,Pakistan,https://www.whed.net/institutions/IAU-012840,https://whed.net/detail_institution.php?KDo2MF0sMyhYLSNgYApgCg==,Nowshera,,"Wattar Walai Ziarat, Kaka Sahib Road",http://www.northern.edu.pk,Private,Founded in 2002,,,"from 14,000 to 272,000 total fee per degree (PKR)",English,"Higher Education Commission, Pakistan",,,,,"[{""role"": ""Head"", ""name"": ""Abdul Majeed"", ""job_title"": ""Rector""}, {""role"": ""Senior Administrative Officer"", ""name"": ""Mohammad Ashraf"", ""job_title"": ""Registrar""}]","[{""type"": ""Faculty"", ""name"": ""Administrative Sciences"", ""fields_of_study"": ""Business Administration""}, {""type"": ""Faculty"", ""name"": ""Arts and Social Sciences"", ""fields_of_study"": ""Economics, Education, English, Fashion Design, Finance, Home Economics, Islamic Studies, Journalism, Psychology, Textile Design, Urdu""}, {""type"": ""Faculty"", ""name"": ""Engineering and Information Technology"", ""fields_of_study"": ""Computer Science, Electrical and Electronic Engineering, Information Technology, Telecommunications Engineering""}, {""type"": ""Faculty"", ""name"": ""Sciences"", ""fields_of_study"": ""Environmental Engineering, Mathematics""}]","[{""degree"": ""Bachelor's Degree"", ""fields_of_study"": ""Computer Science, Electrical and Electronic Engineering, Fashion Design, Home Economics, Information Technology, Telecommunications Engineering, Textile Design""}, {""degree"": ""Master's Degree/ M. Phil"", ""fields_of_study"": ""Economics, Education, Electrical and Electronic Engineering, Environmental Engineering, Finance, Information Technology, Islamic Studies, Journalism, Psychology, Urdu""}, {""degree"": ""PhD"", ""fields_of_study"": ""Computer Science, Education""}]",[],30-01-2018,2026-04-06T14:49:31.945685,
IAU-029168,Nur International University,,False,Pakistan,https://www.whed.net/institutions/IAU-029168,https://whed.net/detail_institution.php?KDo2MF0sQ0RRLUNAYApgCg==,Lahore,,17 km Raiwind Road,https://www.niu.edu.pk,Private,Created 2015,Autumn to Spring,,,English,Higher Education Commission,,,539,2022-2023,"[{""role"": ""Head"", ""name"": ""Salem Rehman"", ""job_title"": ""Vice-Chancellor""}, {""role"": ""International Relations Officer"", ""name"": ""Najma Najam"", ""job_title"": ""Pro Vice-Chancellor""}]","[{""type"": ""Faculty"", ""name"": ""Applied Sciences"", ""fields_of_study"": ""Dietetics, Food Science, Food Technology, Laboratory Techniques, Medical Technology, Nutrition, Physical Therapy, Respiratory Therapy, Speech Therapy and Audiology""}, {""type"": ""Faculty"", ""name"": ""Basic Sciences"", ""fields_of_study"": ""Biochemistry, Biotechnology, Physiology""}, {""type"": ""Faculty"", ""name"": ""Humanities and Social Sciences"", ""fields_of_study"": ""Economics, Psychology""}, {""type"": ""Faculty"", ""name"": ""Managment Sciences"", ""fields_of_study"": ""Business Administration""}]","[{""degree"": ""Bachelor's Degree"", ""fields_of_study"": ""Biochemistry, Biotechnology, Business Administration, Economics, Laboratory Techniques, Nutrition, Physical Therapy, Psychology, Speech Therapy and Audiology""}, {""degree"": ""Master's Degree/ M. Phil"", ""fields_of_study"": ""Biochemistry, Business Administration, Economics, Nutrition, Physiology""}]",[],21-11-2022,2026-04-06T14:49:37.350745,
IAU-031400,Pak-Austria Fachhochschule: Institute of Applied Sciences and Technology,,False,Pakistan,https://www.whed.net/institutions/IAU-031400,https://whed.net/detail_institution.php?KDo2MF0sUyRULCNgYApgCg==,Haripur,,Khanpur Road$ Mang,https://paf-iast.edu.pk,Public,Created 2019 as collaborative initiative with Austrian and Chinese universities.,,,,English,Higher Education Commission,,,,,"[{""role"": ""Head"", ""name"": ""Mohammad Mujahid"", ""job_title"": ""Rector""}, {""role"": ""International Relations Officer"", ""name"": ""Rizwan Ahmad"", ""job_title"": ""Head of International Office""}]","[{""type"": ""Faculty"", ""name"": ""Computing, Art, Architecture and Design"", ""fields_of_study"": ""Architecture, Artificial Intelligence, Cinema and Television, Computer Science, Cybersecurity, Data Processing, Fashion Design, Fine Arts, Software Engineering, Textile Design""}, {""type"": ""Faculty"", ""name"": ""Engineering, Sciences and Technology"", ""fields_of_study"": ""Applied Chemistry, Biomedical Engineering, Chemical Engineering, Computer Engineering, Electrical Engineering, Materials Engineering, Mechanical Engineering, Metallurgical Engineering, Robotics""}, {""type"": ""Faculty"", ""name"": ""Health and Allied Sciences"", ""fields_of_study"": ""Bioinformatics, Biomedicine, Biotechnology, Health Administration, Laboratory Techniques, Microbiology, Pharmacy, Physical Therapy, Psychology""}, {""type"": ""Faculty"", ""name"": ""Management and Social Sciences"", ""fields_of_study"": ""Accountancy, Business Administration, Business and Commerce, Business Computing, English, Entrepreneurship""}]","[{""degree"": ""Bachelor's Degree"", ""fields_of_study"": ""Accountancy, Applied Chemistry, Architecture, Artificial Intelligence, Bioinformatics, Biomedical Engineering, Biomedicine, Biotechnology, Business Administration, Business and Commerce, Business Computing, Chemical Engineering, Cinema and Television, Computer Engineering, Computer Science, Cybersecurity, Data Processing, English, Entrepreneurship, Fashion Design, Fine Arts, Health Administration, Interior Design, Laboratory Techniques, Mechanical Engineering, Metallurgical Engineering, Microbiology, Pharmacy, Physical Therapy, Production Engineering, Psychology, Robotics, Software Engineering, Textile Design""}, {""degree"": ""Master's Degree/ M. Phil"", ""fields_of_study"": ""Artificial Intelligence, Biomedicine, Biotechnology, Business Administration, Computer Networks, Data Processing, Electronics and Automation, Energy Engineering, Environmental Engineering, Geological Engineering, Information Management, Materials Engineering, Mechanical Engineering, Mining Engineering, Railway Engineering, Software Engineering, Transport Engineering""}]",[],06-03-2026,2026-04-06T14:49:41.120797,
IAU-013267,Pakistan Institute of Development Economics,PIDE,False,Pakistan,https://www.whed.net/institutions/IAU-013267,https://whed.net/detail_institution.php?KDo2MF0sMyxSLUM8YApgCg==,Islamabad,44000,Quaid-i-Azam University Campus PO Box 1091,,Public,Created in 1957 in Karachi. Obtained status of an autonomous research organization. Acquired current status 2006.,,Undergraduate degree; TEOFL qualification.,,English,"Higher Education Commission, Pakistan",,co-ed,,,"[{""role"": ""Head"", ""name"": ""Asad Zaman"", ""job_title"": ""Vice-Chancellor""}, {""role"": ""Senior Administrative Officer"", ""name"": ""Muhammad Safiruddin"", ""job_title"": ""Registrar (Acting)""}]","[{""type"": ""Department/Division"", ""name"": ""Business Studies"", ""fields_of_study"": ""Business Administration, Business and Commerce""}, {""type"": ""Department/Division"", ""name"": ""Development Studies"", ""fields_of_study"": ""Anthropology, Development Studies""}, {""type"": ""Department/Division"", ""name"": ""Econometrics and Statistics"", ""fields_of_study"": ""Econometrics, Statistics""}, {""type"": ""Department/Division"", ""name"": ""Economics"", ""fields_of_study"": ""Economics""}, {""type"": ""Department/Division"", ""name"": ""Economics and Finance"", ""fields_of_study"": ""Finance""}, {""type"": ""Department/Division"", ""name"": ""Environmental Economics"", ""fields_of_study"": ""Environmental Studies""}, {""type"": ""Department/Division"", ""name"": ""Health Economics"", ""fields_of_study"": ""Health Administration""}, {""type"": ""School"", ""name"": ""PIDE School of Public Policy (PSPP)"", ""fields_of_study"": ""Economic and Finance Policy, Social Policy""}]","[{""degree"": ""Master's Degree/ M. Phil"", ""fields_of_study"": ""Anthropology, Business Administration, Business and Commerce, Demography and Population, Development Studies, Econometrics, Economic and Finance Policy, Economics, Environmental Studies, Finance, Health Administration, Social Policy, Statistics""}, {""degree"": ""PhD"", ""fields_of_study"": ""Economics""}]","[""The Pakistan Development Review""]",30-01-2018,2026-04-06T14:49:46.938021,
IAU-013268,Pakistan Institute of Engineering and Applied Sciences,PIEAS,False,Pakistan,https://www.whed.net/institutions/IAU-013268,https://whed.net/detail_institution.php?KDo2MF0sMyxSLUNAYApgCg==,Islamabad,44000,P.O. Nilore,,Public,Founded in 1967,,,,English,"Higher Education Commission, Pakistan",,,,,"[{""role"": ""Head"", ""name"": ""Nasir M. Mirza"", ""job_title"": ""Rector""}]","[{""type"": ""Department/Division"", ""name"": ""Chemical Engineering"", ""fields_of_study"": ""Chemical Engineering""}, {""type"": ""Department/Division"", ""name"": ""Communication and Management Sciences"", ""fields_of_study"": ""Management, Mass Communication""}, {""type"": ""Department/Division"", ""name"": ""Computer and Information Sciences"", ""fields_of_study"": ""Computer Science, Information Technology""}, {""type"": ""Department/Division"", ""name"": ""Electrical Engineering"", ""fields_of_study"": ""Electrical Engineering""}, {""type"": ""Department/Division"", ""name"": ""Mechanical Engineering"", ""fields_of_study"": ""Mechanical Engineering""}, {""type"": ""Department/Division"", ""name"": ""Medical Sciences"", ""fields_of_study"": ""Radiology""}, {""type"": ""Department/Division"", ""name"": ""Metallurgy and Materials Engineering"", ""fields_of_study"": ""Materials Engineering, Metallurgical Engineering""}, {""type"": ""Department/Division"", ""name"": ""Nuclear Engineering"", ""fields_of_study"": ""Nuclear Engineering""}, {""type"": ""Department/Division"", ""name"": ""Physics and Applied Mathematics"", ""fields_of_study"": ""Applied Mathematics, Physics""}]","[{""degree"": ""Bachelor's Degree"", ""fields_of_study"": ""Computer Science, Electrical Engineering, Mechanical Engineering""}, {""degree"": ""Master's Degree/ M. Phil"", ""fields_of_study"": ""Chemical Engineering, Computer Science, Electrical Engineering, Management, Mass Communication, Materials Engineering, Mechanical Engineering, Nuclear Engineering, Physics, Radiology""}, {""degree"": ""PhD"", ""fields_of_study"": ""Chemical Engineering, Computer Science, Materials Engineering, Mechanical Engineering, Nuclear Engineering, Physics""}]",[],30-01-2018,2026-04-06T14:49:50.133329,
IAU-024903,Pakistan Institute of Fashion and Design,PIFD,False,Pakistan,https://www.whed.net/institutions/IAU-024903,https://whed.net/detail_institution.php?KDo2MF0sQzBZLCMsYApgCg==,Lahore,,"51-J/3, Johar Town, P.O.Box 542782",http://www.pifd.edu.pk,Public,Founded in 2011,,,"107,000 per semester (PKR)",English,"Higher Education Commission, Pakistan",,,,,[],"[{""type"": ""Department/Division"", ""name"": ""Ceramic and Glass Design"", ""fields_of_study"": ""Ceramics and Glass Technology""}, {""type"": ""Department/Division"", ""name"": ""Fashion Design"", ""fields_of_study"": ""Fashion Design""}, {""type"": ""Department/Division"", ""name"": ""Fashion Marketing and Mershandising"", ""fields_of_study"": ""Marketing""}, {""type"": ""Department/Division"", ""name"": ""Furniture Design and Manufacture"", ""fields_of_study"": ""Furniture Design""}, {""type"": ""Department/Division"", ""name"": ""Gems and Jeweelry Design"", ""fields_of_study"": ""Jewellery Art""}, {""type"": ""Department/Division"", ""name"": ""Leather Accessoires and Footwear"", ""fields_of_study"": ""Design""}, {""type"": ""Department/Division"", ""name"": ""Textile Design"", ""fields_of_study"": ""Textile Design""}]","[{""degree"": ""Master's Degree/ M. Phil"", ""fields_of_study"": ""Design, Fine Arts""}]",[],30-01-2018,2026-04-06T14:49:53.331817,
IAU-013430,"Peoples University of Medical and Health Sciences for Women, Nawabshah-Shaheed Benazirabad",PUMHSW,False,Pakistan,https://www.whed.net/institutions/IAU-013430,https://whed.net/detail_institution.php?KDo2MF0sMyxULFNgYApgCg==,Shaheed Benazirabad,,Nawabshah,http://www.pumhs.edu.pk,Public,Created 1974 as part of Liaquat University of Medical and Health Sciences. Acquired current title and status 2010.,,,10000 to 100000 per year (PKR),English,"Higher Education Commission, Pakistan",,female,,,"[{""role"": ""Head"", ""name"": ""Azam Hussain Yousifani"", ""job_title"": ""Vice-Chancellor""}, {""role"": ""Senior Administrative Officer"", ""name"": ""Muhammad Saleh Khaskheli"", ""job_title"": ""Registar""}]","[{""type"": ""Faculty"", ""name"": ""Basic and Allied Sciences"", ""fields_of_study"": ""Anatomy, Biochemistry, Forensic Medicine and Dentistry, Pathology, Pharmacology, Physiology""}, {""type"": ""Faculty"", ""name"": ""Community and Allied Sciences"", ""fields_of_study"": ""Community Health, Nursing, Public Health, Rehabilitation and Therapy""}, {""type"": ""Faculty"", ""name"": ""Medicine and Allied Sciences"", ""fields_of_study"": ""Cardiology, Dermatology, Neurology, Paediatrics, Psychiatry and Mental Health, Venereology""}, {""type"": ""Faculty"", ""name"": ""Surgery and Allied Sciences"", ""fields_of_study"": ""Anaesthesiology, Neurology, Obstetrics and Gynaecology, Operations Research, Ophthalmology, Orthopaedics, Otorhinolaryngology, Paediatrics, Radiology, Surgery, Urology""}]","[{""degree"": ""Bachelor's Degree"", ""fields_of_study"": ""Nursing, Pharmacology, Public Health, Rehabilitation and Therapy, Surgery""}, {""degree"": ""Master's Degree/ M. Phil"", ""fields_of_study"": ""Anaesthesiology, Anatomy, Biochemistry, Cardiology, Dermatology, Neurology, Nursing, Obstetrics and Gynaecology, Ophthalmology, Orthopaedics, Paediatrics, Pathology, Pharmacology, Radiology, Surgery, Urology""}]",[],30-01-2018,2026-04-06T14:49:56.392750,
IAU-020015,Pir Mehr Ali Shah Arid Agriculture University,University of Arid Agriculture (PMAS-Arid,False,Pakistan,https://www.whed.net/institutions/IAU-020015,https://whed.net/detail_institution.php?KDo2MF0sQ2BQLDM0YApgCg==,Rawalpindi,46300,"Shamsabad, Murree Road",http://www.uaar.edu.pk,Public,"Founded 1979 as the Barani (Rain-fed) Agricultural College, Rawalpindi affiliated with the University of Agriculture, Faisalabad. Acquired present status and title 1994. Former University of Arid Agriculture now Pir Mehr Ali Shah Arid Agriculture University.",October to July (Optional Summer session),Higher secondary school certificate,,English,"Higher Education Commission, Pakistan",Muslim,co-ed,,,"[{""role"": ""Head"", ""name"": ""Rai Niaz Ahmad"", ""job_title"": ""Vice-Chancellor""}, {""role"": ""Senior Administrative Officer"", ""name"": ""Sarwat N. Mirza"", ""job_title"": ""Registrar""}]","[{""type"": ""Faculty"", ""name"": ""Agricultural Engineering and Technology"", ""fields_of_study"": ""Energy Engineering, Environmental Engineering, Farm Management, Horticulture, Water Management""}, {""type"": ""Faculty"", ""name"": ""Crop & Food Sciences"", ""fields_of_study"": ""Agricultural Engineering, Agricultural Equipment, Agronomy, Entomology, Food Technology, Genetics, Horticulture, Plant Pathology, Soil Science""}, {""type"": ""Faculty"", ""name"": ""Forestry, Range Management & Wildlife"", ""fields_of_study"": ""Environmental Studies, Forestry, Management, Wildlife""}, {""type"": ""Faculty"", ""name"": ""Sciences"", ""fields_of_study"": ""Agricultural Economics, Biochemistry, Botany, Mathematics, Statistics, Zoology""}, {""type"": ""Faculty"", ""name"": ""Social Sciences"", ""fields_of_study"": ""Anthropology, Arts and Humanities, Continuing Education, Economics, Home Economics, Sociology, Women's Studies""}, {""type"": ""Faculty"", ""name"": ""Veterinary & Animal Sciences"", ""fields_of_study"": ""Cattle Breeding, Meat and Poultry, Pathology, Veterinary Science""}, {""type"": ""Institute"", ""name"": ""Information Technology"", ""fields_of_study"": ""Computer Science, Information Technology"", ""more_details"": ""Barani""}, {""type"": ""Institute"", ""name"": ""Management Sciences"", ""fields_of_study"": ""Management""}]","[{""degree"": ""Bachelor's Degree"", ""fields_of_study"": ""Agriculture, Biochemistry, Business Administration, Computer Science, Economics, Education, Forestry, Information Technology, Nutrition, Soil Science""}, {""degree"": ""Master's Degree/ M. Phil"", ""fields_of_study"": ""Agricultural Economics, Agricultural Engineering, Agronomy, Anthropology, Biochemistry, Botany, Business Administration, Cattle Breeding, Computer Science, Economics, Energy Engineering, Entomology, Environmental Engineering, Environmental Studies, Farm Management, Food Technology, Forestry, Genetics, Horticulture, Information Technology, Management, Meat and Poultry, Pathology, Plant Pathology, Sociology, Soil Science, Statistics, Veterinary Science, Water Management, Wildlife, Zoology""}, {""degree"": ""PhD"", ""fields_of_study"": ""Agricultural Economics, Agriculture, Agronomy, Biochemistry, Biological and Life Sciences, Botany, Cattle Breeding, Computer Science, Economics, Energy Engineering, Entomology, Environmental Engineering, Environmental Studies, Farm Management, Food Technology, Forestry, Genetics, Horticulture, Information Technology, Management, Meat and Poultry, Pathology, Plant Pathology, Sociology, Soil Science, Statistics, Veterinary Science, Water Management, Wildlife, Zoology""}]","[""Pakistan Journal of Arid Agriculture""]",30-01-2018,2026-04-06T14:50:01.248977,
IAU-013729,Preston University,,False,Pakistan,https://www.whed.net/institutions/IAU-013729,https://whed.net/detail_institution.php?KDo2MF0sMyxXLENEYApgCg==,Karachi,,"F-92, Block F, North Nazimabad, Near Ziauddin Hospital",http://preston.edu.pk,Private,Created 1984. Acquired current status 2002.,,,,English,"Higher Education Commission, Pakistan",,,,,"[{""role"": ""Head"", ""name"": ""Abdul Basit"", ""job_title"": ""Chancellor""}]","[{""type"": ""Faculty"", ""name"": ""Business Administration"", ""fields_of_study"": ""Accountancy, Business Administration, Environmental Management, Finance, Health Administration, Human Resources, Management, Marketing, Tourism""}, {""type"": ""Faculty"", ""name"": ""Computer Science"", ""fields_of_study"": ""Computer Science, Software Engineering, Telecommunications Engineering""}, {""type"": ""Faculty"", ""name"": ""Education"", ""fields_of_study"": ""Education""}, {""type"": ""Faculty"", ""name"": ""Industry and Technology"", ""fields_of_study"": ""Chemical Engineering, Civil Engineering, Electrical and Electronic Engineering, Mechanical Engineering, Technology""}, {""type"": ""Faculty"", ""name"": ""Natural and Applied Sciences"", ""fields_of_study"": ""Biology, Electronic Engineering, Mathematics, Telecommunications Engineering""}, {""type"": ""Faculty"", ""name"": ""Social Sciences"", ""fields_of_study"": ""Economics, International Relations and Diplomacy, Psychology""}, {""type"": ""Institute"", ""name"": ""Disaster Research"", ""fields_of_study"": ""Environmental Management, Occupational Health""}, {""type"": ""Institute"", ""name"": ""Nano Science and Technology"", ""fields_of_study"": ""Nanotechnology, Technology""}]","[{""degree"": ""Bachelor's Degree"", ""fields_of_study"": ""Biology, Biomedicine, Business Administration, Chemical Engineering, Civil Engineering, Computer Science, Economics, Education, Electrical and Electronic Engineering, Electronic Engineering, Environmental Management, Finance, Health Administration, Human Resources, International Relations and Diplomacy, Management, Marketing, Mathematics, Mechanical Engineering, Nanotechnology, Petroleum and Gas Engineering, Psychology, Technology, Telecommunications Engineering, Tourism""}, {""degree"": ""Master's Degree/ M. Phil"", ""fields_of_study"": ""Biology, Business Administration, Economics, Education, Electronic Engineering, Environmental Management, International Relations and Diplomacy, Mathematics, Multimedia, Occupational Health, Physics, Psychology, Software Engineering, Telecommunications Engineering""}]",[],16-11-2017,2026-04-06T14:50:04.132041,
IAU-024887,Qarshi University,,False,Pakistan,https://www.whed.net/institutions/IAU-024887,https://whed.net/detail_institution.php?KDo2MF0sQzBYLiM8YApgCg==,Lahore,54000,"8-Km Thokar Niaz baig, Canal Bank Road, Opposite lzmir Town",http://qu.edu.pk,Private,Founded in 2011,,,"80,500 to 111,500 per diploma per semester (PKR)",English,"Higher Education Commission, Pakistan",,,,,"[{""role"": ""Head"", ""name"": ""Rashid Lone"", ""job_title"": ""Vice Chancellor""}]","[{""type"": ""Faculty"", ""name"": ""Commerce"", ""fields_of_study"": ""Business and Commerce""}, {""type"": ""Faculty"", ""name"": ""Eastern Medecine"", ""fields_of_study"": ""Medicine""}, {""type"": ""Faculty"", ""name"": ""Mathematics and Information Technology"", ""fields_of_study"": ""Mathematics and Computer Science""}, {""type"": ""Faculty"", ""name"": ""Social and Management Sciences"", ""fields_of_study"": ""Social Sciences""}]","[{""degree"": ""Bachelor's Degree"", ""fields_of_study"": ""Accountancy, Business Administration, Business and Commerce, Computer Science, Finance, Information Technology, Medicine, Software Engineering""}]",[],30-01-2018,2026-04-06T14:50:09.495220,
IAU-013833,"Quaid-e-Awam University of Engineering, Sciences and Technology",QUEST,False,Pakistan,https://www.whed.net/institutions/IAU-013833,https://whed.net/detail_institution.php?KDo2MF0sMyxYLFMsYApgCg==,Nawabshah,,,,Public,Founded 1974. Acquired present title 1996.,January to December,Higher secondary school certificate,,English,"Higher Education Commission, Pakistan",,co-ed,,,"[{""role"": ""Head"", ""name"": ""Saleem Raza Samo"", ""job_title"": ""Vice-Chancellor""}, {""role"": ""Senior Administrative Officer"", ""name"": ""Mushtaque Sohail Soomro"", ""job_title"": ""Registrar""}]","[{""type"": ""Course/Programme"", ""name"": ""Engineering"", ""fields_of_study"": ""Chemical Engineering, Civil Engineering, Computer Engineering, Electrical Engineering, Electronic Engineering, Energy Engineering, Environmental Engineering, Mechanical Engineering, Telecommunications Engineering""}, {""type"": ""Course/Programme"", ""name"": ""Science and Technology"", ""fields_of_study"": ""Computer Science, Information Technology, Mathematics, Software Engineering, Statistics""}]","[{""degree"": ""Bachelor's Degree"", ""fields_of_study"": ""Chemical Engineering, Civil Engineering, Computer Engineering, Computer Science, Electrical Engineering, Electronic Engineering, Energy Engineering, Environmental Engineering, Information Technology, Mathematics, Mechanical Engineering, Statistics, Technology, Telecommunications Engineering""}, {""degree"": ""Master's Degree/ M. Phil"", ""fields_of_study"": ""Civil Engineering, Computer Engineering, Electrical Engineering, Electronic Engineering, Energy Engineering, Environmental Engineering, Information Technology, Mathematics, Mechanical Engineering""}, {""degree"": ""PhD"", ""fields_of_study"": ""Civil Engineering, Computer Engineering, Electrical Engineering, Electronic Engineering, Energy Engineering, Environmental Engineering, Information Technology, Mathematics, Mechanical Engineering""}]","[""Quaid-E-Awam University Research Journal of Engineering, Science and Technology""]",31-01-2018,2026-04-06T14:50:13.928596,
IAU-013834,Quaid-i-Azam University,QAU,False,Pakistan,https://www.whed.net/institutions/IAU-013834,https://whed.net/detail_institution.php?KDo2MF0sMyxYLFMwYApgCg==,Islamabad,45320,PO Box 1090,,Public,"Founded 1965 as University of Islamabad, acquired present status 1967 and present title 1976. A postgraduate institution.",January to December (January-June; July-December),University degree,"95,690 to 96,930 a year (PKR)",English,"Higher Education Commission, Pakistan",,,,,"[{""role"": ""Head"", ""name"": ""Javed Ashraf"", ""job_title"": ""Vice-Chancellor""}, {""role"": ""Senior Administrative Officer"", ""name"": ""Shafiq-ur- Rehman"", ""job_title"": ""Registrar""}]","[{""type"": ""Faculty"", ""name"": ""Biological Sciences"", ""fields_of_study"": ""Animal Husbandry, Biochemistry, Biotechnology, Environmental Engineering, Microbiology, Pharmacy, Plant Pathology""}, {""type"": ""Faculty"", ""name"": ""Medicine (Affiliated)"", ""fields_of_study"": ""Medicine""}, {""type"": ""Faculty"", ""name"": ""Natural Sciences"", ""fields_of_study"": ""Chemistry, Computer Science, Earth Sciences, Electronic Engineering, Information Technology, Mathematics, Physics, Statistics""}, {""type"": ""Faculty"", ""name"": ""Social Sciences"", ""fields_of_study"": ""Anthropology, Asian Studies, Cultural Studies, Economics, Gender Studies, History, International Relations and Diplomacy, Law, Linguistics, Management, Peace and Disarmament, Political Sciences, Psychology, Sociology""}]","[{""degree"": ""Bachelor's Degree"", ""fields_of_study"": ""Animal Husbandry, Anthropology, Asian Studies, Biochemistry, Biotechnology, Chemistry, Computer Science, Cultural Studies, Earth Sciences, Economics, Electronic Engineering, Environmental Engineering, Gender Studies, History, Information Technology, International Relations and Diplomacy, Law, Linguistics, Management, Mathematics, Medicine, Microbiology, Peace and Disarmament, Pharmacy, Physics, Plant Pathology, Political Sciences, Psychology, Sociology, Statistics""}, {""degree"": ""Master's Degree/ M. Phil"", ""fields_of_study"": ""Animal Husbandry, Anthropology, Asian Studies, Biochemistry, Biotechnology, Chemistry, Computer Science, Cultural Studies, Earth Sciences, Economics, Electronic Engineering, Environmental Engineering, Gender Studies, History, Information Technology, International Relations and Diplomacy, Law, Linguistics, Management, Mathematics, Medicine, Microbiology, Peace and Disarmament, Pharmacy, Physics, Plant Pathology, Political Sciences, Psychology, Sociology, Statistics""}]","[""Journal of Natural Sciences"", ""Journal of Social Sciences""]",31-01-2018,2026-04-06T14:50:19.238043,
IAU-013863,Qurtuba University of Science and Information Technology,QUSIT,False,Pakistan,https://www.whed.net/institutions/IAU-013863,https://whed.net/detail_institution.php?KDo2MF0sMyxYLUMsYApgCg==,Dera Ismail Khan,29050,Sheikh Yusuf Road,http://www.qurtuba.edu.pk,Private,Founded 2001.,,Intermediate or higher secondary certificate,,English,"Higher Education Commission, Pakistan",,co-ed,,,"[{""role"": ""Head"", ""name"": ""Abdul Aziz Khan Niazi"", ""job_title"": ""President""}]","[{""type"": ""Department/Division"", ""name"": ""Engineering"", ""fields_of_study"": ""Civil Engineering, Electrical Engineering""}, {""type"": ""Department/Division"", ""name"": ""International Relations and Political Science"", ""fields_of_study"": ""International Relations and Diplomacy, Political Sciences""}, {""type"": ""Department/Division"", ""name"": ""Law"", ""fields_of_study"": ""Law""}, {""type"": ""Department/Division"", ""name"": ""Linguistics, Literature and Religious Studies"", ""fields_of_study"": ""English, Islamic Theology, Linguistics, Literature, Urdu""}, {""type"": ""Department/Division"", ""name"": ""Management Sciences"", ""fields_of_study"": ""Business Administration, Economics, Management""}, {""type"": ""Department/Division"", ""name"": ""Sciences and IT"", ""fields_of_study"": ""Botany, Chemistry, Computer Science, Mathematics, Physics, Zoology""}, {""type"": ""Department/Division"", ""name"": ""Teacher's Education"", ""fields_of_study"": ""Education""}]","[{""degree"": ""Bachelor's Degree"", ""fields_of_study"": ""Botany, Business Administration, Chemistry, Computer Science, Economics, Education, English, International Relations and Diplomacy, Law, Management, Mathematics, Physics, Political Sciences, Zoology""}, {""degree"": ""Master's Degree/ M. Phil"", ""fields_of_study"": ""Botany, Business Administration, Chemistry, Economics, Education, English, International Relations and Diplomacy, Law, Management, Mathematics, Physics, Political Sciences, Urdu, Zoology""}, {""degree"": ""PhD"", ""fields_of_study"": ""Education, International Relations and Diplomacy, Management, Political Sciences, Urdu""}]","[""Journal of Managerial Sciences"", ""The Dialogue""]",31-01-2018,2026-04-06T14:50:24.880149,
IAU-014009,Riphah International University,RIU,False,Pakistan,https://www.whed.net/institutions/IAU-014009,https://whed.net/detail_institution.php?KDo2MF0sMzBQLCNEYApgCg==,Islamabad,,"Sector I-14, Hajj Complex",http://www.riphah.edu.pk,Private,Founded in 2002,September to August,Secondary school certificate,,English,"Higher Education Commission, Pakistan; Pakistan Medical and Dental Council; Pakistan Engineering Council; Pharmacy Council of Pakistan",,co-ed,,,"[{""role"": ""Head"", ""name"": ""Anis Ahmad"", ""job_title"": ""Vice-Chancellor""}, {""role"": ""International Relations Officer"", ""name"": ""Muhammad Hafeez"", ""job_title"": ""Registrar and International Relations Officer""}]","[{""type"": ""Campus"", ""name"": ""Lahore"", ""fields_of_study"": ""Business Administration, Clinical Psychology, Computer Science, Engineering, Literature, Management, Modern Languages, Pharmacy, Psychology, Rehabilitation and Therapy, Technology, Veterinary Science""}, {""type"": ""Course/Programme"", ""name"": ""Northern Consortium-UK (NCUK)"", ""fields_of_study"": ""Business Administration, Engineering, Fine Arts""}, {""type"": ""Department/Division"", ""name"": ""Biomedical Engineering"", ""fields_of_study"": ""Biomedical Engineering""}, {""type"": ""Department/Division"", ""name"": ""Computing"", ""fields_of_study"": ""Computer Science, Information Technology, Software Engineering""}, {""type"": ""Department/Division"", ""name"": ""Dental Sciences"", ""fields_of_study"": ""Dentistry""}, {""type"": ""Department/Division"", ""name"": ""Electrical Engineering"", ""fields_of_study"": ""Electrical Engineering""}, {""type"": ""Department/Division"", ""name"": ""Healthcare Improvement and Safety"", ""fields_of_study"": ""Health Administration, Health Education""}, {""type"": ""Department/Division"", ""name"": ""Information Security"", ""fields_of_study"": ""Information Sciences""}, {""type"": ""Department/Division"", ""name"": ""Management Sciences"", ""fields_of_study"": ""Business and Commerce, Management""}, {""type"": ""Department/Division"", ""name"": ""Mathematics and Statistics"", ""fields_of_study"": ""Mathematics, Statistics""}, {""type"": ""Department/Division"", ""name"": ""Media Sciences"", ""fields_of_study"": ""Journalism, Mass Communication, Media Studies""}, {""type"": ""Department/Division"", ""name"": ""Medical Sciences"", ""fields_of_study"": ""Health Sciences, Medicine, Surgery""}, {""type"": ""Department/Division"", ""name"": ""Pharmaceutical Sciences"", ""fields_of_study"": ""Pharmacology, Pharmacy""}, {""type"": ""Department/Division"", ""name"": ""Physics"", ""fields_of_study"": ""Physics""}, {""type"": ""Department/Division"", ""name"": ""Public Policy"", ""fields_of_study"": ""Political Sciences""}, {""type"": ""Department/Division"", ""name"": ""Rehabilitation Sciences"", ""fields_of_study"": ""Rehabilitation and Therapy""}, {""type"": ""Department/Division"", ""name"": ""Social Sciences"", ""fields_of_study"": ""Journalism, Social Policy, Social Sciences""}]","[{""degree"": ""Bachelor's Degree"", ""fields_of_study"": ""Biomedical Engineering, Business Administration, Business and Commerce, Computer Science, Dentistry, Electrical Engineering, Engineering, English, Health Sciences, Information Technology, Mass Communication, Mathematics, Media Studies, Medicine, Pharmacy, Physics, Psychiatry and Mental Health, Psychology, Software Engineering, Speech Therapy and Audiology, Statistics, Surgery""}, {""degree"": ""Master's Degree/ M. Phil"", ""fields_of_study"": ""Anaesthesiology, Anatomy, Biochemistry, Biomedical Engineering, Business Administration, Business and Commerce, Cardiology, Clinical Psychology, Computer Graphics, Dentistry, Electrical Engineering, English, Haematology, Health Education, Histology, Journalism, Linguistics, Literature, Management, Mass Communication, Mathematics, Media Studies, Microbiology, Molecular Biology, Neurology, Orthopaedics, Pathology, Pharmacology, Pharmacy, Physics, Physiology, Pneumology, Political Sciences, Psychology, Radio and Television Broadcasting, Seismology, Software Engineering, Sports, Statistics, Visual Arts""}, {""degree"": ""PhD"", ""fields_of_study"": ""Computer Science, Electrical Engineering, Management, Mathematics, Medicine, Pharmacy, Physics, Statistics""}]","[""RCIB’s Journal of Islamic Business and Management"", ""The Journal of Islamic International Medical College (JIIMC)"", ""The Journal of Riphah College of Rehabilitation Sciences (JRCRS)""]",30-01-2018,2026-04-06T14:50:29.945772,
IAU-030179,Salim Habib University,,False,Pakistan,https://www.whed.net/institutions/IAU-030179,https://whed.net/detail_institution.php?KDo2MF0sU2BRLVNEYApgCg==,Karachi,74900,NC-24 Deh Dih Korangi Creek,https://shu.edu.pk,Private,Created 2015,,,,English,"Higher Education Commission, Pakistan",,,,,"[{""role"": ""Head"", ""name"": ""Syed Irfan Hyder"", ""job_title"": ""Vice-Chancellor""}, {""role"": ""International Relations Officer"", ""name"": ""Syed Waqar-ul-Hasan"", ""job_title"": ""Director, Quality Enhancement Cell""}]","[{""type"": ""Faculty"", ""name"": ""Computer Science"", ""fields_of_study"": ""Computer Science""}, {""type"": ""Faculty"", ""name"": ""Engineering"", ""fields_of_study"": ""Biomedical Engineering""}, {""type"": ""Faculty"", ""name"": ""Management Sciences"", ""fields_of_study"": ""Accountancy, Business Administration, Business Computing, Finance""}, {""type"": ""Faculty"", ""name"": ""Pharmacy"", ""fields_of_study"": ""Pharmacy""}, {""type"": ""Faculty"", ""name"": ""Science"", ""fields_of_study"": ""Biological and Life Sciences""}]","[{""degree"": ""Bachelor's Degree"", ""fields_of_study"": ""Accountancy, Biological and Life Sciences, Biomedical Engineering, Business Administration, Business Computing, Computer Science, Pharmacy""}, {""degree"": ""Master's Degree/ M. Phil"", ""fields_of_study"": ""Biological and Life Sciences, Biomedical Engineering, Business Administration, Pharmacy""}]",[],07-06-2024,2026-04-06T14:50:35.337329,
IAU-014518,Sardar Bahadur Khan Women's University,SBK,False,Pakistan,https://www.whed.net/institutions/IAU-014518,https://whed.net/detail_institution.php?KDo2MF0sMzBVLDNAYApgCg==,Quetta,,Brewery Road,http://www.sbkwu.edu.pk,Public,Founded 2004 as Balochistan's first women's university.,,Entrance exam,,English,"Higher Education Commission, Pakistan",,female,,,"[{""role"": ""Head"", ""name"": ""Rukhsana Jabeen"", ""job_title"": ""Vice-Chancellor""}, {""role"": ""Senior Administrative Officer"", ""name"": ""Naheed Haque"", ""job_title"": ""Registrar""}]","[{""type"": ""Faculty"", ""name"": ""Basic Sciences"", ""fields_of_study"": ""Chemistry, Environmental Engineering, Mathematics""}, {""type"": ""Faculty"", ""name"": ""Life Sciences"", ""fields_of_study"": ""Biotechnology, Plant Pathology, Zoology""}, {""type"": ""Faculty"", ""name"": ""Management and Computer Science"", ""fields_of_study"": ""Business and Commerce, Computer Science, Economics, Management""}, {""type"": ""Faculty"", ""name"": ""Social Sciences"", ""fields_of_study"": ""Education, English, Fine Arts, Islamic Studies, Sociology, Urdu, Welfare and Protective Services""}]","[{""degree"": ""Bachelor's Degree"", ""fields_of_study"": ""Biochemistry, Biotechnology, Botany, Business and Commerce, Chemistry, Computer Science, Economics, Education, English, Environmental Engineering, Fine Arts, Gender Studies, Information Technology, Islamic Studies, Journalism, Mathematics, Media Studies, Microbiology, Political Sciences, Psychology, Public Administration, Social Work, Sociology, Statistics, Urdu, Zoology""}, {""degree"": ""Master's Degree/ M. Phil"", ""fields_of_study"": ""Business and Commerce, Chemistry, Computer Science, Economics, Education, English, Fine Arts, Islamic Studies, Journalism, Management, Mathematics, Media Studies, Psychology, Urdu, Zoology""}]",[],30-01-2018,2026-04-06T14:50:39.835032,
IAU-014524,Sarhad University of Science and Information Technology,,False,Pakistan,https://www.whed.net/institutions/IAU-014524,https://whed.net/detail_institution.php?KDo2MF0sMzBVLEMwYApgCg==,Peshawar,,"Landi Akhun Ahmad, Hayatabad Link, Ring Road",http://www.suit.edu.pk,Private,Founded in 2001,,,,English,"Higher Education Commission, Pakistan",,,,,"[{""role"": ""Head"", ""name"": ""Salim ur Rehman"", ""job_title"": ""Vice-Chancellor""}, {""role"": ""Senior Administrative Officer"", ""name"": ""Muhammad Nasir"", ""job_title"": ""Registrar""}]","[{""type"": ""Department/Division"", ""name"": ""Engineering"", ""fields_of_study"": ""Civil Engineering, Electrical Engineering, Engineering, Mechanical Engineering""}, {""type"": ""Department/Division"", ""name"": ""Life Sciences"", ""fields_of_study"": ""Biotechnology, Microbiology, Pharmacy, Physical Therapy""}, {""type"": ""Department/Division"", ""name"": ""Management Sciences"", ""fields_of_study"": ""Business Administration, Management""}, {""type"": ""Department/Division"", ""name"": ""Sciences"", ""fields_of_study"": ""Chemistry, Computer Science, Information Technology, Telecommunications Engineering""}, {""type"": ""Department/Division"", ""name"": ""Social Sciences"", ""fields_of_study"": ""Arts and Humanities, Education, Fashion Design, Library Science, Social Sciences, Sports, Textile Design, Urdu""}]","[{""degree"": ""Bachelor's Degree"", ""fields_of_study"": ""Banking, Biotechnology, Botany, Business Administration, Business and Commerce, Chemistry, Civil Engineering, Economics, Education, Electrical Engineering, Electronic Engineering, Finance, Mechanical Engineering, Microbiology, Pharmacy, Physical Therapy, Software Engineering, Telecommunications Engineering""}, {""degree"": ""Master's Degree/ M. Phil"", ""fields_of_study"": ""Biotechnology, Botany, Business Administration, Chemistry, Economics, Education, Electronic Engineering, Fashion Design, Library Science, Management, Microbiology, Physical Therapy, Sports, Telecommunications Engineering, Textile Design, Urdu""}, {""degree"": ""PhD"", ""fields_of_study"": ""Biotechnology, Computer Science, Economics, Education, Electrical Engineering, Management, Microbiology""}]","[""Sarhad Journal of Management Sciences"", ""Sarhad University International Journal of Basic and Applied Sciences""]",30-03-2020,2026-04-06T14:50:43.638683,
IAU-015214,Shah Abdul Latif University,SALU,False,Pakistan,https://www.whed.net/institutions/IAU-015214,https://whed.net/detail_institution.php?KDo2MF0sMzRSLDMwYApgCg==,Khairpur,66020,Old National Highway,http://www.salu.edu.pk,Public,Created 19765 as a campus of the University of Sindh. Acquired current status 1987.,January to June; August to December,"Higher secondary certificate (HSC) or equivalent, or entrance exam.",,English;Urdu;Sindhi,"Higher Education Commission, Pakistan",,,7697,2012-2013,"[{""role"": ""Head"", ""name"": ""Parveen Shah"", ""job_title"": ""Vice-Chancellor""}, {""role"": ""Senior Administrative Officer"", ""name"": ""Asad Raza Abidi"", ""job_title"": ""Registrar""}, {""role"": ""International Relations Officer"", ""name"": ""Ghulam Ali Mallah"", ""job_title"": ""Director, Planning and Development""}]","[{""type"": ""Faculty"", ""name"": ""Arts and Languages"", ""fields_of_study"": ""English, Islamic Studies, Linguistics, Literature, Modern Languages, Urdu""}, {""type"": ""Faculty"", ""name"": ""Education"", ""fields_of_study"": ""Education, Teacher Training""}, {""type"": ""Faculty"", ""name"": ""Management Sciences"", ""fields_of_study"": ""Business Administration, Business and Commerce, Public Administration""}, {""type"": ""Faculty"", ""name"": ""Natural Sciences"", ""fields_of_study"": ""Biochemistry, Botany, Chemistry, Computer Science, Microbiology, Pharmacy, Zoology""}, {""type"": ""Faculty"", ""name"": ""Physical Sciences"", ""fields_of_study"": ""Archaeology, Computer Science, Electronic Engineering, Geography, Mathematics, Physics, Statistics""}, {""type"": ""Faculty"", ""name"": ""Social Sciences"", ""fields_of_study"": ""Economics, Gender Studies, International Relations and Diplomacy, Law, Media Studies, Political Sciences, Sociology""}]","[{""degree"": ""Bachelor's Degree"", ""fields_of_study"": ""Archaeology, Biochemistry, Botany, Business Administration, Business and Commerce, Chemistry, Computer Science, Economics, Education, Electronic Engineering, Fine Arts, Geography, International Relations and Diplomacy, Islamic Studies, Law, Linguistics, Literature, Mathematics, Media Studies, Microbiology, Natural Sciences, Pharmacy, Physics, Political Sciences, Public Administration, Social Sciences, Sociology, Statistics, Urdu, Zoology""}, {""degree"": ""Master's Degree/ M. Phil"", ""fields_of_study"": ""Archaeology, Biochemistry, Botany, Business Administration, Business and Commerce, Chemistry, Computer Science, Economics, Education, Electronic Engineering, Gender Studies, Geography, International Relations and Diplomacy, Islamic Studies, Law, Linguistics, Literature, Mathematics, Media Studies, Microbiology, Physics, Political Sciences, Public Administration, Sociology, Statistics, Teacher Training, Urdu, Zoology""}, {""degree"": ""PhD"", ""fields_of_study"": ""Archaeology, Biochemistry, Botany, Business Administration, Business and Commerce, Chemistry, Computer Science, Economics, International Relations and Diplomacy, Linguistics, Literature, Mathematics, Microbiology, Political Sciences, Public Administration, Zoology""}]","[""ALMAS"", ""Ancient Sindh"", ""English Language Forum (ELF)"", ""SALU-Commerce & Economics Review"", ""Scientific Sindh""]",16-11-2017,2026-04-06T14:50:48.562738,
IAU-024890,Shaheed Benazir Bhutto University Shaheed Benazirabad,SBBU,False,Pakistan,https://www.whed.net/institutions/IAU-024890,https://whed.net/detail_institution.php?KDo2MF0sQzBYLjNgYApgCg==,Nawabshah,,Civil Lines,http://www.sbbusba.edu.pk,Public,Founded in 2010,,,,English,"Higher Education Commission, Pakistan",,,,,"[{""role"": ""Head"", ""name"": ""Amanat Ali Jalbani"", ""job_title"": ""Vice Chancellor""}, {""role"": ""Senior Administrative Officer"", ""name"": ""Najamuddin Sohu"", ""job_title"": ""Registrar""}]","[{""type"": ""Faculty"", ""name"": ""Management and Business Administration"", ""fields_of_study"": ""Business Administration, Economics, Statistics""}, {""type"": ""Faculty"", ""name"": ""Science and Technology"", ""fields_of_study"": ""Chemistry, Genetics, Information Technology, Molecular Biology""}, {""type"": ""Faculty"", ""name"": ""Social Sciences"", ""fields_of_study"": ""Education, English, Media Studies, Native Language""}]","[{""degree"": ""Bachelor's Degree"", ""fields_of_study"": ""Business Administration, Chemistry, Economics, Education, English, Genetics, Information Technology, Media Studies, Native Language, Statistics""}, {""degree"": ""Master's Degree/ M. Phil"", ""fields_of_study"": ""Business Administration, Education""}]",[],22-02-2021,2026-04-06T14:50:53.929248,
IAU-024888,"Shaheed Benazir Bhutto University, Sheringal",SBBU,False,Pakistan,https://www.whed.net/institutions/IAU-024888,https://whed.net/detail_institution.php?KDo2MF0sQzBYLiNAYApgCg==,sheringal,,District Dir (Upper),http://www.sbbu.edu.pk,Public,Founded in 2009,,,,English,"Higher Education Commission, Pakistan",,,,,"[{""role"": ""Head"", ""name"": ""Badshah Hussain"", ""job_title"": ""Vice Chancellor""}]","[{""type"": ""Department/Division"", ""name"": ""Agriculture"", ""fields_of_study"": ""Agriculture""}, {""type"": ""Department/Division"", ""name"": ""Animal Sciences"", ""fields_of_study"": ""Animal Husbandry, Fishery, Food Science, Veterinary Science""}, {""type"": ""Department/Division"", ""name"": ""Biotechnology"", ""fields_of_study"": ""Biotechnology""}, {""type"": ""Department/Division"", ""name"": ""Botany"", ""fields_of_study"": ""Botany""}, {""type"": ""Department/Division"", ""name"": ""Chemistry"", ""fields_of_study"": ""Chemistry""}, {""type"": ""Department/Division"", ""name"": ""Computer Sciences"", ""fields_of_study"": ""Computer Science""}, {""type"": ""Department/Division"", ""name"": ""Education"", ""fields_of_study"": ""Education""}, {""type"": ""Department/Division"", ""name"": ""English"", ""fields_of_study"": ""English""}, {""type"": ""Department/Division"", ""name"": ""Environmental Sciences"", ""fields_of_study"": ""Environmental Studies""}, {""type"": ""Department/Division"", ""name"": ""Forestry"", ""fields_of_study"": ""Forestry""}, {""type"": ""Department/Division"", ""name"": ""Geology"", ""fields_of_study"": ""Geology""}, {""type"": ""Department/Division"", ""name"": ""Islamiat"", ""fields_of_study"": ""Islamic Studies""}, {""type"": ""Department/Division"", ""name"": ""Law"", ""fields_of_study"": ""Law""}, {""type"": ""Department/Division"", ""name"": ""Management Studies"", ""fields_of_study"": ""Management""}, {""type"": ""Department/Division"", ""name"": ""Pharmacy"", ""fields_of_study"": ""Pharmacy""}, {""type"": ""Department/Division"", ""name"": ""Sociology"", ""fields_of_study"": ""Sociology""}, {""type"": ""Department/Division"", ""name"": ""Zoology"", ""fields_of_study"": ""Zoology""}]","[{""degree"": ""Bachelor's Degree"", ""fields_of_study"": ""Agriculture, Biotechnology, Botany, Chemistry, Computer Science, Education, English, Environmental Studies, Forestry, Geology, Islamic Studies, Law, Management, Pharmacy, Sociology, Zoology""}, {""degree"": ""Master's Degree/ M. Phil"", ""fields_of_study"": ""Botany, Chemistry, Computer Science, Education, English, Islamic Studies, Mathematics, Political Sciences, Social Work, Sociology, Zoology""}]",[],30-01-2018,2026-04-06T14:50:58.640365,
IAU-024902,Shaheed Benazir Bhutto University of Veterinary and Animal Sciences,SBBUVAS,False,Pakistan,https://www.whed.net/institutions/IAU-024902,https://whed.net/detail_institution.php?KDo2MF0sQzBZLCMoYApgCg==,Nawabshah,,"Main Nawabshah road, Sakrand, District Shaheed Benazirabad",http://www.sbbuvas.edu.pk,Public,Founded in 2012,,,,English,"Higher Education Commission, Pakistan",,,,,"[{""role"": ""Head"", ""name"": ""Khuda Bakhsh Mirbahar"", ""job_title"": ""Vice Chancellor""}]","[{""type"": ""Faculty"", ""name"": ""Animal Production and Technology"", ""fields_of_study"": ""Animal Husbandry""}, {""type"": ""Faculty"", ""name"": ""Biosciences"", ""fields_of_study"": ""Biotechnology""}, {""type"": ""Faculty"", ""name"": ""Fisheries and Wildlife"", ""fields_of_study"": ""Fishery""}, {""type"": ""Faculty"", ""name"": ""Information Technology"", ""fields_of_study"": ""Information Technology""}, {""type"": ""Faculty"", ""name"": ""Livestock Business Management"", ""fields_of_study"": ""Food Science""}, {""type"": ""Faculty"", ""name"": ""Vetereninary Sciences"", ""fields_of_study"": ""Veterinary Science""}]","[{""degree"": ""Bachelor's Degree"", ""fields_of_study"": ""Veterinary Science""}]",[],30-01-2018,2026-04-06T14:51:02.027420,
IAU-006435,Shaheed Benazir Bhutto Women University,SBBWU,False,Pakistan,https://www.whed.net/institutions/IAU-006435,https://whed.net/detail_institution.php?Jzo2MF0tQzBTLTBgYApgCg==,Peshawar,,"University Avenue, LARAMA, Charsadda Road",https://sbbwu.edu.pk/sbbwu,Public,Founded 2004 as Frontier Women University. Acquired present status and title 2010.,,,,English,"Higher Education Commission, Pakistan",,female,,,"[{""role"": ""Head"", ""name"": ""Safia Ahmed"", ""job_title"": ""Vice-Chancellor""}, {""role"": ""Senior Administrative Officer"", ""name"": ""Roheena Afshan"", ""job_title"": ""Provost""}, {""role"": ""Senior Administrative Officer"", ""name"": ""Zuhra Shehzad"", ""job_title"": ""Registrar""}]","[{""type"": ""Department/Division"", ""name"": ""Art & Design"", ""fields_of_study"": ""Design, Fashion Design, Fine Arts, Graphic Design""}, {""type"": ""Department/Division"", ""name"": ""Bio-Informatics"", ""fields_of_study"": ""Computer Science""}, {""type"": ""Department/Division"", ""name"": ""Biochemistry"", ""fields_of_study"": ""Biochemistry""}, {""type"": ""Department/Division"", ""name"": ""Chemistry"", ""fields_of_study"": ""Chemistry""}, {""type"": ""Department/Division"", ""name"": ""Computer Science"", ""fields_of_study"": ""Computer Science""}, {""type"": ""Department/Division"", ""name"": ""Economics"", ""fields_of_study"": ""Economics""}, {""type"": ""Department/Division"", ""name"": ""Education"", ""fields_of_study"": ""Education""}, {""type"": ""Department/Division"", ""name"": ""English Language and Literature"", ""fields_of_study"": ""English, Literature""}, {""type"": ""Department/Division"", ""name"": ""History"", ""fields_of_study"": ""History""}, {""type"": ""Department/Division"", ""name"": ""Islamic Studies"", ""fields_of_study"": ""Islamic Studies""}, {""type"": ""Department/Division"", ""name"": ""Law"", ""fields_of_study"": ""Law""}, {""type"": ""Department/Division"", ""name"": ""Management Sciences"", ""fields_of_study"": ""Business Administration, Public Administration""}, {""type"": ""Department/Division"", ""name"": ""Mathematics"", ""fields_of_study"": ""Mathematics""}, {""type"": ""Department/Division"", ""name"": ""Microbiology"", ""fields_of_study"": ""Epidemiology, Genetics, Microbiology""}, {""type"": ""Department/Division"", ""name"": ""Physics"", ""fields_of_study"": ""Applied Physics, Physics""}, {""type"": ""Department/Division"", ""name"": ""Political Science"", ""fields_of_study"": ""Political Sciences""}, {""type"": ""Department/Division"", ""name"": ""Psychology"", ""fields_of_study"": ""Psychology""}, {""type"": ""Department/Division"", ""name"": ""Statistics"", ""fields_of_study"": ""Statistics""}, {""type"": ""Department/Division"", ""name"": ""Urdu"", ""fields_of_study"": ""Urdu""}, {""type"": ""Department/Division"", ""name"": ""Zoologie"", ""fields_of_study"": ""Zoology""}]","[{""degree"": ""Bachelor's Degree"", ""fields_of_study"": ""Biochemistry, Business Administration, Computer Science, Economics, Fashion Design, Fine Arts, Microbiology, Physics, Psychology""}, {""degree"": ""Master's Degree/ M. Phil"", ""fields_of_study"": ""Business Administration, Computer Science, Economics, English, Islamic Studies, Law, Mathematics, Physics, Political Sciences, Psychology, Statistics""}, {""degree"": ""PhD"", ""fields_of_study"": ""Islamic Studies, Psychology""}]","[""FWU Journal of Social Sciences""]",30-01-2018,2026-04-06T14:51:07.686888,
IAU-024892,Shaheed Mohtarma Benazir Bhutto Medical University,,False,Pakistan,https://www.whed.net/institutions/IAU-024892,https://whed.net/detail_institution.php?KDo2MF0sQzBYLjMoYApgCg==,Larkana,,,,Public,Founded in 2008,,,,English,"Higher Education Commission, Pakistan",,,,,"[{""role"": ""Head"", ""name"": ""Nusrat Shah"", ""job_title"": ""Vice-Chancellor""}, {""role"": ""Senior Administrative Officer"", ""name"": ""Safdar Ali Shaikh"", ""job_title"": ""Registrar""}, {""role"": ""International Relations Officer"", ""name"": ""Altamash Sheeraz"", ""job_title"": ""Director, Quality Enhancement Cell""}]","[{""type"": ""College"", ""name"": ""Benazir College of Nursing"", ""fields_of_study"": ""Nursing""}, {""type"": ""College"", ""name"": ""Bibi Aseefa Dental College"", ""fields_of_study"": ""Dentistry""}, {""type"": ""College"", ""name"": ""Chandka Medical College"", ""fields_of_study"": ""Medicine""}, {""type"": ""College"", ""name"": ""Ghulam Muhammad Mahar Medical College"", ""fields_of_study"": ""Medicine"", ""more_details"": ""Sukkur""}, {""type"": ""Institute"", ""name"": ""Pharmacy"", ""fields_of_study"": ""Pharmacy""}, {""type"": ""Institute"", ""name"": ""Physiotherapy and Rehabilitation Sciences"", ""fields_of_study"": ""Rehabilitation and Therapy""}]","[{""degree"": ""Bachelor's Degree"", ""fields_of_study"": ""Dentistry, Dermatology, Medicine, Neurology, Nursing, Ophthalmology, Orthopaedics, Pharmacy, Surgery, Urology""}, {""degree"": ""Master's Degree/ M. Phil"", ""fields_of_study"": ""Biochemistry, Microbiology, Pathology, Pharmacology, Physiology, Public Health""}, {""degree"": ""PhD"", ""fields_of_study"": ""Biochemistry, Epidemiology, Physiology""}]",[],18-10-2021,2026-04-06T14:51:12.307245,
IAU-015215,Shaheed Zulfikar Ali Bhutto Institute of Science and Technology,SZABIST,False,Pakistan,https://www.whed.net/institutions/IAU-015215,https://whed.net/detail_institution.php?KDo2MF0sMzRSLDM0YApgCg==,Karachi,75600,"99, 100 & 79, Block 5, Clifton",https://www.szabist.edu.pk,Private,Founded 1995,"August to June, (September-January; February-June; July- August) for Undergraduate and Postgraduate programmes","Intermediate or Higher Secondary Certificate, A level or equivalent. (For MBA and MS, First Degree or equivalent)",,English,"Provincial Assembly; Government of Sindh; Higher Education Commission, Pakistan",,,,,"[{""role"": ""Head"", ""name"": ""Shahnaz Wazir Ali"", ""job_title"": ""President""}, {""role"": ""Senior Administrative Officer"", ""name"": ""Nasreen Haque"", ""job_title"": ""Vice President Development and Finance""}, {""role"": ""International Relations Officer"", ""name"": ""Naila Shah"", ""job_title"": ""Manager, External Relations and Financial Assistance""}]","[{""type"": ""Campus"", ""name"": ""Gharo"", ""fields_of_study"": ""Business Administration, Computer Science, Management""}, {""type"": ""Campus"", ""name"": ""Hyderabad"", ""fields_of_study"": ""Accountancy, Business Administration, Business and Commerce, Computer Science, Finance, Social Sciences, Software Engineering""}, {""type"": ""Campus"", ""name"": ""Islamabad"", ""fields_of_study"": ""Accountancy, Business Administration, Business and Commerce, Computer Science, Development Studies, Finance, Management, Media Studies, Social Sciences, Sociology, Software Engineering""}, {""type"": ""Campus"", ""name"": ""Karachi"", ""fields_of_study"": ""Accountancy, Business Administration, Computer Science, Finance, Law, Media Studies, Software Engineering""}, {""type"": ""Campus"", ""name"": ""Larkana"", ""fields_of_study"": ""Accountancy, Business Administration, Business and Commerce, Computer Science, Finance, Information Technology, Management, Social Sciences""}, {""type"": ""Campus Abroad"", ""name"": ""Dubai"", ""fields_of_study"": ""Accountancy, Business Administration, Computer Science, Finance, Management, Media Studies""}, {""type"": ""Faculty"", ""name"": ""Biosciences"", ""fields_of_study"": ""Natural Sciences""}, {""type"": ""Faculty"", ""name"": ""Computing"", ""fields_of_study"": ""Computer Science, E-Business/Commerce, Software Engineering""}, {""type"": ""Faculty"", ""name"": ""Education"", ""fields_of_study"": ""Education, Leadership, Management, Psychology""}, {""type"": ""Faculty"", ""name"": ""English"", ""fields_of_study"": ""English""}, {""type"": ""Faculty"", ""name"": ""Law"", ""fields_of_study"": ""Law""}, {""type"": ""Faculty"", ""name"": ""Life Sciences"", ""fields_of_study"": ""Biotechnology, Public Health""}, {""type"": ""Faculty"", ""name"": ""Management Sciences"", ""fields_of_study"": ""Accountancy, Business Administration, Finance, Human Resources, Information Management, Information Technology, Leadership, Management, Marketing""}, {""type"": ""Faculty"", ""name"": ""Mechatronic"", ""fields_of_study"": ""Electronic Engineering, Mechanical Engineering""}, {""type"": ""Faculty"", ""name"": ""Media Sciences"", ""fields_of_study"": ""Advertising and Publicity, Media Studies""}, {""type"": ""Faculty"", ""name"": ""Robotics and Artificial Intelligence"", ""fields_of_study"": ""Artificial Intelligence, Robotics""}, {""type"": ""Faculty"", ""name"": ""Social Sciences"", ""fields_of_study"": ""Clinical Psychology, Development Studies, Social Sciences""}]","[{""degree"": ""Bachelor's Degree"", ""fields_of_study"": ""Accountancy, Artificial Intelligence, Biological and Life Sciences, Biotechnology, Business Administration, Business and Commerce, Computer Science, Electronic Engineering, Finance, Law, Leadership, Mechanical Engineering, Media Studies, Natural Sciences, Public Health, Social Sciences, Software Engineering""}, {""degree"": ""Master's Degree/ M. Phil"", ""fields_of_study"": ""Accountancy, Advertising and Publicity, Biological and Life Sciences, Biotechnology, Business Administration, Business and Commerce, Computer Science, Development Studies, Education, Electronic Engineering, Finance, Leadership, Management, Marketing, Media Studies, Public Health, Social Sciences, Sociology""}, {""degree"": ""PhD"", ""fields_of_study"": ""Biological and Life Sciences, Computer Science, Education, Leadership, Management, Social Sciences""}]","[""Journal of Independent Studies and Research (JISR)"", ""Phoenix""]",24-10-2022,2026-04-06T14:51:16.741182,
IAU-030176,Shaheed Zulfiqar Ali Bhutto Medical University,SZAB Medical University,False,Pakistan,https://www.whed.net/institutions/IAU-030176,https://whed.net/detail_institution.php?KDo2MF0sU2BRLVM4YApgCg==,Islamabad,44000,"Sector G-8/3, Ravi Road",,Public,Created 2013,,,,English,"Higher Education Commission, Pakistan",,,,,"[{""role"": ""Head"", ""name"": ""Tariq Iqbal"", ""job_title"": ""Vice-Chancellor""}, {""role"": ""Senior Administrative Officer"", ""name"": ""Shahab Ud Din"", ""job_title"": ""Registrar""}]","[{""type"": ""College"", ""name"": ""Medical Technology"", ""fields_of_study"": ""Dental Hygiene, Laboratory Techniques, Medical Auxiliaries, Medical Technology""}, {""type"": ""Faculty"", ""name"": ""Basic Medical Sciences"", ""fields_of_study"": ""Haematology, Histology, Microbiology, Molecular Biology, Pathology, Pharmacology, Physiology, Public Health""}, {""type"": ""Faculty"", ""name"": ""Dentistry and Allied Disciplines"", ""fields_of_study"": ""Dentistry, Orthodontics, Periodontics""}, {""type"": ""Faculty"", ""name"": ""Medicine and Allied Disciplines"", ""fields_of_study"": ""Anaesthesiology, Cardiology, Dermatology, Gastroenterology, Haematology, Histology, Internal Medicine, Medicine, Nephrology, Neurology, Oncology, Paediatrics, Pneumology, Psychiatry and Mental Health, Radiology, Rheumatology""}, {""type"": ""Faculty"", ""name"": ""Surgery and Allied Disciplines"", ""fields_of_study"": ""Cardiology, Obstetrics and Gynaecology, Ophthalmology, Orthopaedics, Otorhinolaryngology, Paediatrics, Plastic Surgery, Surgery, Urology""}, {""type"": ""School"", ""name"": ""Nursing"", ""fields_of_study"": ""Nursing""}]","[{""degree"": ""Bachelor's Degree"", ""fields_of_study"": ""Dentistry, Medical Technology, Medicine, Nursing""}, {""degree"": ""Master's Degree/ M. Phil"", ""fields_of_study"": ""Haematology, Histology, Microbiology, Molecular Biology, Pathology, Pharmacology, Physiology, Public Health""}, {""degree"": ""PhD"", ""fields_of_study"": ""Molecular Biology""}]",[],27-05-2024,2026-04-06T14:51:21.955291,
IAU-022871,Shifa Tameer-e-Millat University,STMU,False,Pakistan,https://www.whed.net/institutions/IAU-022871,https://whed.net/detail_institution.php?KDo2MF0sQyhYLVMkYApgCg==,Islamabad,44000,"gate n°1, Shifa International Hospital, Pitras Bukhari Road, H-8/4",,Private,Founded in 2009,,,,English,"Higher Education Commission, Pakistan.",,,,,"[{""role"": ""Head"", ""name"": ""Mohammad Iqbal Khan"", ""job_title"": ""Vice-Chancellor""}, {""role"": ""Senior Administrative Officer"", ""name"": ""M Ziauddin"", ""job_title"": ""Deputy Registrar""}]","[{""type"": ""College"", ""name"": ""Medicine"", ""fields_of_study"": ""Medicine""}, {""type"": ""College"", ""name"": ""Nursing"", ""fields_of_study"": ""Nursing""}, {""type"": ""College"", ""name"": ""Pharmaceutical Sciences"", ""fields_of_study"": ""Pharmacy""}, {""type"": ""Department/Division"", ""name"": ""Management  Sciences"", ""fields_of_study"": ""Business Administration, Social Sciences""}, {""type"": ""Department/Division"", ""name"": ""Medical Technology"", ""fields_of_study"": ""Medical Technology""}, {""type"": ""Department/Division"", ""name"": ""Physical Therapy"", ""fields_of_study"": ""Physical Therapy""}, {""type"": ""Faculty"", ""name"": ""Health Sciences"", ""fields_of_study"": ""Health Sciences""}, {""type"": ""Faculty"", ""name"": ""Nursing and Midwifery"", ""fields_of_study"": ""Midwifery, Nursing""}, {""type"": ""Faculty"", ""name"": ""Pharmaceutical Sciences"", ""fields_of_study"": ""Pharmacy""}, {""type"": ""Institute"", ""name"": ""Medical Technology"", ""fields_of_study"": ""Medical Technology""}]","[{""degree"": ""Bachelor's Degree"", ""fields_of_study"": ""Business Administration, Health Sciences, Pharmacy""}, {""degree"": ""Master's Degree/ M. Phil"", ""fields_of_study"": ""Health Sciences, Medicine, Midwifery, Nursing, Paediatrics, Surgery""}]",[],31-01-2018,2026-04-06T14:51:26.112111,
IAU-015447,Sindh Agricultural University,SAU,False,Pakistan,https://www.whed.net/institutions/IAU-015447,https://whed.net/detail_institution.php?KDo2MF0sMzRULSM8YApgCg==,Tandojam,,,,Public,Founded 1939 as King George V Institute of Agriculture at Sakrand. Moved to Tandojam 1954 and became University 1977. A State institution enjoying considerable autonomy in both financial and academic matters. Financed through the University Grants Commission.,October to July (October-February; March-July),Intermediate or higher secondary certificate (Science group),,English,"Higher Education Commission, Pakistan",,co-ed,,,"[{""role"": ""Head"", ""name"": ""Memon Mujeeb-u-ddin Sahrai"", ""job_title"": ""Vice-Chancellor""}, {""role"": ""Senior Administrative Officer"", ""name"": ""Hafizullah Memon"", ""job_title"": ""Registrar""}]","[{""type"": ""Centre"", ""name"": ""Information Technology"", ""fields_of_study"": ""Information Technology""}, {""type"": ""Faculty"", ""name"": ""Agricultural Engineering"", ""fields_of_study"": ""Agricultural Engineering, Energy Engineering, Engineering, Environmental Engineering, Farm Management, Irrigation, Water Management""}, {""type"": ""Faculty"", ""name"": ""Agricultural Social Sciences"", ""fields_of_study"": ""Agriculture, English, Islamic Studies, Rural Studies, Social Sciences, Statistics""}, {""type"": ""Faculty"", ""name"": ""Animal Husbandry and Veterinary Sciences"", ""fields_of_study"": ""Animal Husbandry, Aquaculture, Fishery, Meat and Poultry, Veterinary Science""}, {""type"": ""Faculty"", ""name"": ""Crop Production"", ""fields_of_study"": ""Agronomy, Biotechnology, Crop Production, Horticulture, Soil Conservation, Soil Management, Soil Science""}, {""type"": ""Faculty"", ""name"": ""Crop Protection"", ""fields_of_study"": ""Entomology, Plant and Crop Protection, Plant Pathology, Soil Conservation, Soil Management, Soil Science""}, {""type"": ""Institute"", ""name"": ""Food Sciences and Technology"", ""fields_of_study"": ""Food Science, Food Technology""}]","[{""degree"": ""Bachelor's Degree"", ""fields_of_study"": ""Agriculture, Agronomy, Animal Husbandry, Aquaculture, Biotechnology, Crop Production, English, Entomology, Fishery, Food Science, Food Technology, Horticulture, Information Technology, Irrigation, Islamic Studies, Meat and Poultry, Plant and Crop Protection, Plant Pathology, Rural Studies, Social Sciences, Soil Conservation, Soil Management, Soil Science, Statistics, Veterinary Science""}, {""degree"": ""Master's Degree/ M. Phil"", ""fields_of_study"": ""Agricultural Engineering, Agriculture, Energy Engineering, Engineering, Environmental Engineering, Farm Management, Irrigation, Social Sciences, Veterinary Science, Water Management""}, {""degree"": ""PhD"", ""fields_of_study"": ""Agricultural Engineering, Crop Production, Energy Engineering, Engineering, Farm Management, Irrigation, Veterinary Science, Water Management""}]","[""Agricultural Engineering and Veterinary Sciences"", ""Pakistan Journal of Agriculture"", ""Sindh Agriculture University News""]",30-01-2018,2026-04-06T14:51:31.546516,
IAU-023037,Sindh Madressatul Islam University,SMI University (SMIU,False,Pakistan,https://www.whed.net/institutions/IAU-023037,https://whed.net/detail_institution.php?KDo2MF0sQyxQLFM8YApgCg==,Karachi,74000,Aiwan-e-Tijarat Road,https://www.smiu.edu.pk,Public,"Created as a school in 1885, became college in 1943 and university in 2012.",,See Website,,English;Urdu,"Higher Education Commission, Pakistan",Muslim,co-ed,1937,2018-2019,"[{""role"": ""Head"", ""name"": ""Mujeebuddin Sahrai"", ""job_title"": ""Vice-Chancellor""}, {""role"": ""Senior Administrative Officer"", ""name"": ""Sajid Ali"", ""job_title"": ""Deputy Registrar""}]","[{""type"": ""Department/Division"", ""name"": ""Business Administration"", ""fields_of_study"": ""Business Administration""}, {""type"": ""Department/Division"", ""name"": ""Computer Science"", ""fields_of_study"": ""Computer Science""}, {""type"": ""Department/Division"", ""name"": ""Education"", ""fields_of_study"": ""Education""}, {""type"": ""Department/Division"", ""name"": ""Environmental Sciences"", ""fields_of_study"": ""Environmental Studies""}, {""type"": ""Department/Division"", ""name"": ""Media Studies"", ""fields_of_study"": ""Media Studies, Social Sciences""}]","[{""degree"": ""Bachelor's Degree"", ""fields_of_study"": ""Business Administration, Computer Science, Education, Environmental Studies, Finance, Media Studies, Social Sciences""}, {""degree"": ""Master's Degree/ M. Phil"", ""fields_of_study"": ""Business Administration, Computer Science, Education, Environmental Studies, Management, Media Studies, Public Administration, Social Sciences""}, {""degree"": ""PhD"", ""fields_of_study"": ""Computer Science""}]",[],04-01-2019,2026-04-06T14:51:35.730773,
IAU-015460,Sir Syed University of Engineering and Technology,SSUET,True,Pakistan,https://www.whed.net/institutions/IAU-015460,https://whed.net/detail_institution.php?KDo2MF0sMzRULUNgYApgCg==,Karachi,75300,University Road,https://www.ssuet.edu.pk,Private,"Created in 1993, Sir Syed University of Engineering and Technology is spiritually associated to Aligarh Muslim University, Aligarh, India. The role of the Muslim University Aligarh, in the process of uplifting and the wellbeing of the Muslims of the subcontinent, stands in bold relief in the annals of history. The domain of working of this university was not confined to teaching of some subjects or dissemination of knowledge; it rather transcended these spheres and encompassed the building of character and development of personality of the students along with academics. This university works in accordance with a philosophy that was the driving force for Aligarh Movement. This philosophy was Initiated by Sir Syed Ahmad Khan and developed through relentless work by his associates and followers.",January to December (January-June; July-December),Intermediate or Higher Secondary Certificate (Pre-Engineering Group),"Processing charges 3,900Tuition fee 450,000 (per semester) (PKR)",English,"HEC, PEC, NTC, NCEAC, NBEAC, PCATP",None,co-ed,225,2022-2023,"[{""role"": ""Head"", ""name"": ""Vali Uddin"", ""job_title"": ""Vice-Chancellor""}, {""role"": ""Senior Administrative Officer"", ""name"": ""Syed Sarfraz Ali"", ""job_title"": ""Registrar""}]","[{""type"": ""Faculty"", ""name"": ""Business Management and Social Sciences"", ""fields_of_study"": ""Business Administration"", ""more_details"": ""FoBMS""}, {""type"": ""Faculty"", ""name"": ""Civil Engineering  Architecture"", ""fields_of_study"": ""Architectural and Environmental Design, Civil Engineering"", ""more_details"": ""FoCVA""}, {""type"": ""Faculty"", ""name"": ""Computing and Applied Sciences"", ""fields_of_study"": ""Clinical Psychology, Computer Science, Information Technology, Mathematics, Software Engineering"", ""more_details"": ""FoCAS""}, {""type"": ""Faculty"", ""name"": ""Electrical and Computer Engineering"", ""fields_of_study"": ""Biomedical Engineering, Biotechnology, Computer Engineering, Electrical Engineering, Electronic Engineering, Food Science, Telecommunications Engineering"", ""more_details"": ""FoECE""}]","[{""degree"": ""Bachelor's Degree"", ""fields_of_study"": ""Architectural and Environmental Design, Biomedical Engineering, Biotechnology, Business Administration, Civil Engineering, Clinical Psychology, Computer Engineering, Computer Science, Electrical Engineering, Electronic Engineering, Food Science, Information Technology, Mathematics, Software Engineering, Telecommunications Engineering""}, {""degree"": ""Master's Degree/ M. Phil"", ""fields_of_study"": ""Biomedical Engineering, Business Administration, Civil Engineering, Computer Engineering, Computer Science, Electrical Engineering, Electronic Engineering, Mathematics, Software Engineering, Telecommunications Engineering""}, {""degree"": ""PhD"", ""fields_of_study"": ""Biomedical Engineering, Civil Engineering, Computer Engineering, Electronic Engineering, Mathematics""}]","[""Sir Syed University Research Journal of Engineering and Technology""]",20-04-2023,2026-04-06T14:51:39.617869,
IAU-015929,Sukkur Institute of Business Administration,SIBA,False,Pakistan,https://www.whed.net/institutions/IAU-015929,https://whed.net/detail_institution.php?KDo2MF0sMzRZLENEYApgCg==,Sukkur,65200,"Sukkur IBA, Air Port Road",http://www.iba-suk.edu.pk,Public,Created in 1994. Affiliated to IBA Karachi,September to December; January to May,Secondary School certificate with minimum 50% marks for undergraduate programmes; Bachelor-level degree for postgraduate programmes.,,English,"Higher Education Commission, Pakistan",,co-ed,,,"[{""role"": ""Head"", ""name"": ""Nisar Ahmed Siddiqui"", ""job_title"": ""Director""}, {""role"": ""Senior Administrative Officer"", ""name"": ""Shoukat Ali Abbasi"", ""job_title"": ""Registrar""}]","[{""type"": ""Department/Division"", ""name"": ""Business Administration"", ""fields_of_study"": ""Accountancy, Banking, Business Administration, Economics, Finance, Human Resources, Management, Marketing, Statistics""}, {""type"": ""Department/Division"", ""name"": ""Computer Science"", ""fields_of_study"": ""Computer Science, Software Engineering""}, {""type"": ""Department/Division"", ""name"": ""Education"", ""fields_of_study"": ""Education""}, {""type"": ""Department/Division"", ""name"": ""Electrical Engineering"", ""fields_of_study"": ""Electrical Engineering, Electronic Engineering, Energy Engineering""}, {""type"": ""Department/Division"", ""name"": ""Mathematics"", ""fields_of_study"": ""Applied Mathematics, Mathematics""}]","[{""degree"": ""Bachelor's Degree"", ""fields_of_study"": ""Accountancy, Business Administration, Computer Science, Education, Electrical Engineering, Finance, Mathematics, Software Engineering""}, {""degree"": ""Master's Degree/ M. Phil"", ""fields_of_study"": ""Applied Mathematics, Computer Science, Electrical Engineering, Electronic Engineering, Energy Engineering, Management, Software Engineering""}, {""degree"": ""PhD"", ""fields_of_study"": ""Computer Science, Management""}]",[],31-01-2018,2026-04-06T14:51:44.161794,
IAU-015971,Superior University,,False,Pakistan,https://www.whed.net/institutions/IAU-015971,https://whed.net/detail_institution.php?KDo2MF0sMzRZLVMkYApgCg==,Lahore,,Main Raiwind Road,https://www.superior.edu.pk,Private,Founded in 2000,,,,English,"Higher Education Commission, Pakistan",,co-ed,,,"[{""role"": ""Head"", ""name"": ""Sumaira Rehman"", ""job_title"": ""Rector""}, {""role"": ""Senior Administrative Officer"", ""name"": ""Khawaja Hisham Ul Hassan"", ""job_title"": ""Registrar""}]","[{""type"": ""Faculty"", ""name"": ""Business and Management Sciences"", ""fields_of_study"": ""Advertising and Publicity, Aeronautical and Aerospace Engineering, Business Administration, Environmental Studies, Film, Human Resources, Industrial Management, Leadership, Library Science, Management, Mass Communication, Radio and Television Broadcasting, Video""}, {""type"": ""Faculty"", ""name"": ""Computer Science and Information Technology"", ""fields_of_study"": ""Computer Science, Information Technology, Physiology, Software Engineering, Telecommunications Engineering""}, {""type"": ""Faculty"", ""name"": ""Economics and Commerce"", ""fields_of_study"": ""Accountancy, Business and Commerce, Economics, Finance""}, {""type"": ""Faculty"", ""name"": ""Engineering and Technology"", ""fields_of_study"": ""Aeronautical and Aerospace Engineering, Architecture, Computer Engineering, Design, Electrical Engineering""}, {""type"": ""Faculty"", ""name"": ""Law"", ""fields_of_study"": ""Law""}, {""type"": ""Faculty"", ""name"": ""Medical and Allied Health Sciences"", ""fields_of_study"": ""Biotechnology, Dietetics, Laboratory Techniques, Medicine, Microbiology, Molecular Biology, Nutrition, Optometry, Pharmacy, Physical Therapy, Radiology, Treatment Techniques""}]","[{""degree"": ""Bachelor's Degree"", ""fields_of_study"": ""Accountancy, Aeronautical and Aerospace Engineering, Architecture, Biochemistry, Biotechnology, Business Administration, Business and Commerce, Computer Engineering, Computer Science, Design, Electrical Engineering, Electronic Engineering, Film, Finance, Information Technology, Law, Mass Communication, Microbiology, Molecular Biology, Physics, Radio and Television Broadcasting, Radiology, Software Engineering""}, {""degree"": ""Master's Degree/ M. Phil"", ""fields_of_study"": ""Accountancy, Advertising and Publicity, Business Administration, Business and Commerce, Computer Science, Dietetics, Economics, Electrical Engineering, Environmental Studies, Film, Finance, Human Resources, Industrial Management, Information Technology, Law, Leadership, Library Science, Mass Communication, Medicine, Nutrition, Optometry, Radiology, Software Engineering""}, {""degree"": ""PhD"", ""fields_of_study"": ""Business Administration, Business and Commerce, Computer Science, Economics, Electrical Engineering, Law, Pharmacy""}]","[""International Journal of Management Research & Emerging Sciences"", ""International Journal of Research in Economics and Commerce (IJREC)"", ""South Asian Journal of Medical Seciences (SAJMS)""]",30-01-2018,2026-04-06T14:51:48.148672,
IAU-016362,Textile Institute of Pakistan,TIP,False,Pakistan,https://www.whed.net/institutions/IAU-016362,https://whed.net/detail_institution.php?KDo2MF0sMzhTLUMoYApgCg==,Karachi,,"EZ/1/P-8, Eastern Zone, Bin Qasim",http://tip.edu.pk,Private,Founded 1994. Obtained status 2001,,,,English,"Higher Education Commission, Pakistan",,co-ed,,,"[{""role"": ""Head"", ""name"": ""Abdul Majeed"", ""job_title"": ""President""}, {""role"": ""Senior Administrative Officer"", ""name"": ""G.M. Lodhi"", ""job_title"": ""Manager Finance and Corporate Secretary""}]","[{""type"": ""Course/Programme"", ""name"": ""Apparel Manufacturing & Merchandizing"", ""fields_of_study"": ""Fashion Design, Retailing and Wholesaling""}, {""type"": ""Course/Programme"", ""name"": ""Fashion Design Management"", ""fields_of_study"": ""Fashion Design, Management""}, {""type"": ""Course/Programme"", ""name"": ""Textile Design Technology"", ""fields_of_study"": ""Textile Design""}, {""type"": ""Course/Programme"", ""name"": ""Textile Marketing and Management"", ""fields_of_study"": ""Management, Marketing""}, {""type"": ""Course/Programme"", ""name"": ""Textile Science"", ""fields_of_study"": ""Textile Technology""}]","[{""degree"": ""Bachelor's Degree"", ""fields_of_study"": ""Business Administration, Fashion Design, Industrial Design, Industrial Management, Management, Marketing, Retailing and Wholesaling, Textile Design, Textile Technology""}]",[],30-01-2018,2026-04-06T14:51:53.908175,
IAU-016474,The Islamia University of Bahawalpur,IUB,False,Pakistan,https://www.whed.net/institutions/IAU-016474,https://whed.net/detail_institution.php?KDo2MF0sMzhULVMwYApgCg==,Bahawalpur,,Abbasia Campus,https://www.iub.edu.pk,Public,"Founded 1975. The University promotes studies and research in Islamic disciplines, social and natural sciences, and humanities.",September to August,Intermediate or higher secondary certificate,,English;Urdu,"Higher Education Commission, Pakistan",Muslim,co-ed,,,"[{""role"": ""Head"", ""name"": ""Athar Mahboob"", ""job_title"": ""Vice-Chancellor""}, {""role"": ""Senior Administrative Officer"", ""name"": ""Moazzam Jamil"", ""job_title"": ""Registrar""}]","[{""type"": ""Campus"", ""name"": ""Abbasia"", ""fields_of_study"": ""Law""}, {""type"": ""Campus"", ""name"": ""Bahawalnagar"", ""fields_of_study"": ""Botany, Business and Commerce, Computer Science, Education, English, Information Technology, Islamic Studies, Management, Mathematics, Political Sciences, Psychology, Sports, Teacher Training, Urdu""}, {""type"": ""Campus"", ""name"": ""Rahim Yar Khan"", ""fields_of_study"": ""Business and Commerce, Computer Science, Economics, Education, English, Information Technology, Management, Political Sciences, Psychology, Statistics, Teacher Training""}, {""type"": ""Faculty"", ""name"": ""Arts"", ""fields_of_study"": ""Arts and Humanities, Economics, English, Indic Languages, Information Sciences, International Relations and Diplomacy, Library Science, Mass Communication, Media Studies, Political Sciences, Urdu""}, {""type"": ""Faculty"", ""name"": ""Education"", ""fields_of_study"": ""Education, Psychology, Social Work, Sports, Teacher Training""}, {""type"": ""Faculty"", ""name"": ""Engineering"", ""fields_of_study"": ""Architecture, Civil Engineering, Computer Engineering, Electrical and Electronic Engineering, Electrical Engineering, Electronic Engineering, Energy Engineering, Mechanical Engineering, Telecommunications Engineering""}, {""type"": ""Faculty"", ""name"": ""Islamic Learning"", ""fields_of_study"": ""Arabic, History, Islamic Studies, Law, Persian""}, {""type"": ""Faculty"", ""name"": ""Law"", ""fields_of_study"": ""Islamic Law, Law""}, {""type"": ""Faculty"", ""name"": ""Management Sciences"", ""fields_of_study"": ""Business and Commerce, Computer Science, Information Technology, Management""}, {""type"": ""Faculty"", ""name"": ""Pharmacy"", ""fields_of_study"": ""Pharmacy""}, {""type"": ""Faculty"", ""name"": ""Science"", ""fields_of_study"": ""Biochemistry, Biological and Life Sciences, Biotechnology, Chemistry, Geography, Mathematics, Natural Sciences, Physics, Statistics""}, {""type"": ""Institute"", ""name"": ""Distance Education"", ""fields_of_study"": ""Arabic, Education, History, Social Work""}]","[{""degree"": ""Bachelor's Degree"", ""fields_of_study"": ""Accountancy, Agriculture, Arabic, Archaeology, Biochemistry, Biotechnology, Botany, Business Administration, Business and Commerce, Chemistry, Computer Engineering, Computer Science, Design, Economics, Electrical and Electronic Engineering, English, Finance, Fine Arts, Geography, History, Information Technology, Islamic Studies, Law, Library Science, Management, Media Studies, Physics, Political Sciences, Psychology, Public Administration, Social Work, Sports, Statistics, Zoology""}, {""degree"": ""Master's Degree/ M. Phil"", ""fields_of_study"": ""Agronomy, Arabic, Biochemistry, Biotechnology, Botany, Business Administration, Business and Commerce, Cattle Breeding, Chemistry, Computer Science, Economics, Education, Electrical and Electronic Engineering, English, Entomology, Food Science, Forestry, Geography, History, Indic Languages, Islamic Law, Islamic Studies, Library Science, Linguistics, Literature, Management, Mathematics, Persian, Pharmacy, Physics, Plant and Crop Protection, Political Sciences, Psychology, Social Work, Soil Science, Statistics, Teacher Training, Urdu, Wildlife, Zoology""}, {""degree"": ""PhD"", ""fields_of_study"": ""Agronomy, Arabic, Biochemistry, Biotechnology, Botany, Chemistry, Computer Science, Education, Forestry, History, Indic Languages, Islamic Studies, Library Science, Linguistics, Literature, Management, Mathematics, Persian, Pharmacy, Physics, Plant and Crop Protection, Political Sciences, Soil Science, Statistics, Teacher Training, Urdu, Wildlife""}]","[""Journal of Educational Research"", ""Journal of Pure and Applied Sciences"", ""Journal of Social Sciences and Humanities"", ""Majulla Ulum-e-Islamia""]",30-01-2018,2026-04-06T14:51:57.525922,
IAU-012794,"The University of Agriculture, Peshawar",North West Frontier Province Agricultural University; Khyber Pakhtunkhwa Agricultural University (AUP,False,Pakistan,https://www.whed.net/institutions/IAU-012794,https://whed.net/detail_institution.php?KDo2MF0sMyhXLjMwYApgCg==,Peshawar,,PO Pakistan Forest Institute,http://www.aup.edu.pk,Public,Founded in 1981,January to December,Higher secondary certificate,,English;Urdu,"Higher Education Commission, Pakistan",,,,,"[{""role"": ""Head"", ""name"": ""Zahoor Ahmed Swati"", ""job_title"": ""Vice-Chancellor""}, {""role"": ""Senior Administrative Officer"", ""name"": ""M Zahidullah"", ""job_title"": ""Registrar""}]","[{""type"": ""Faculty"", ""name"": ""Animal Husbandry and Veterinary Sciences"", ""fields_of_study"": ""Animal Husbandry, Cattle Breeding, Food Science, Meat and Poultry, Veterinary Science""}, {""type"": ""Faculty"", ""name"": ""Crop Production Sciences"", ""fields_of_study"": ""Agronomy, Crop Production, Environmental Studies, Genetics, Horticulture, Mechanical Engineering, Soil Science, Water Management""}, {""type"": ""Faculty"", ""name"": ""Crop Protection Sciences"", ""fields_of_study"": ""Entomology, Plant and Crop Protection, Plant Pathology""}, {""type"": ""Faculty"", ""name"": ""Nutrition Sciences"", ""fields_of_study"": ""Chemistry, Food Science, Food Technology, Nutrition""}, {""type"": ""Faculty"", ""name"": ""Rural Social Sciences"", ""fields_of_study"": ""Agricultural Economics, Agricultural Education, English, Islamic Studies, Mathematics and Computer Science, Rural Planning, Rural Studies, Statistics""}, {""type"": ""Institute"", ""name"": ""Biotechnology and Genetics Engineering"", ""fields_of_study"": ""Biotechnology, Genetics""}, {""type"": ""Institute"", ""name"": ""Business and Management Sciences"", ""fields_of_study"": ""Business Administration""}, {""type"": ""Institute"", ""name"": ""Development Studies"", ""fields_of_study"": ""Development Studies""}]","[{""degree"": ""Bachelor's Degree"", ""fields_of_study"": ""Agricultural Economics, Agricultural Education, Agronomy, Animal Husbandry, Business Administration, Cattle Breeding, Computer Science, Crop Production, Entomology, Environmental Studies, Food Science, Food Technology, Genetics, Information Technology, Mathematics and Computer Science, Meat and Poultry, Mechanical Engineering, Nutrition, Plant and Crop Protection, Plant Pathology, Rural Studies, Soil Science, Veterinary Science, Water Management""}, {""degree"": ""Master's Degree/ M. Phil"", ""fields_of_study"": ""Agricultural Economics, Agricultural Education, Agronomy, Animal Husbandry, Business Administration, Cattle Breeding, Chemistry, Computer Science, Crop Production, Entomology, Environmental Studies, Food Technology, Genetics, Information Technology, Mathematics and Computer Science, Meat and Poultry, Mechanical Engineering, Nutrition, Plant and Crop Protection, Plant Pathology, Rural Studies, Soil Science, Veterinary Science, Water Management""}, {""degree"": ""PhD"", ""fields_of_study"": ""Agricultural Education, Agriculture, Agronomy, Animal Husbandry, Cattle Breeding, Chemistry, Crop Production, Entomology, Food Technology, Genetics, Meat and Poultry, Plant and Crop Protection, Rural Studies, Statistics, Veterinary Science, Water Management""}]","[""Sarhad Journal of Agriculture""]",31-01-2018,2026-04-06T14:52:02.572100,
IAU-016571,The University of Faisalabad,TUF,False,Pakistan,https://www.whed.net/institutions/IAU-016571,https://whed.net/detail_institution.php?KDo2MF0sMzhVLVMkYApgCg==,Faisalabad,38850,Sargodha Road University Town,http://tuf.edu.pk,Private,Founded in 2002,September to August (September-January; February-June; July-August),50 % marks in 'A' level or intermediate certificate,,English,"Higher Education Commission, Pakistan",,co-ed,,,"[{""role"": ""Head"", ""name"": ""Abdul Majeed"", ""job_title"": ""Rector""}, {""role"": ""Senior Administrative Officer"", ""name"": ""Izhar ul Ahsan"", ""job_title"": ""Registrar""}]","[{""type"": ""School"", ""name"": ""Arabic and islamic Studies"", ""fields_of_study"": ""Arabic, Islamic Studies""}, {""type"": ""School"", ""name"": ""Chemical Engineering"", ""fields_of_study"": ""Chemical Engineering""}, {""type"": ""School"", ""name"": ""Civil Engineering"", ""fields_of_study"": ""Civil Engineering""}, {""type"": ""School"", ""name"": ""Computationnal Science"", ""fields_of_study"": ""Computer Science""}, {""type"": ""School"", ""name"": ""Engineering Technology"", ""fields_of_study"": ""Engineering""}, {""type"": ""School"", ""name"": ""English"", ""fields_of_study"": ""English""}, {""type"": ""School"", ""name"": ""Interior Design"", ""fields_of_study"": ""Interior Design""}, {""type"": ""School"", ""name"": ""Management Studies"", ""fields_of_study"": ""Business Administration, Management""}, {""type"": ""School"", ""name"": ""Nutrition and Dietetics"", ""fields_of_study"": ""Dietetics, Nutrition""}, {""type"": ""School"", ""name"": ""Optometry"", ""fields_of_study"": ""Optometry""}, {""type"": ""School"", ""name"": ""Pathology"", ""fields_of_study"": ""Pathology""}, {""type"": ""School"", ""name"": ""Pharmacy"", ""fields_of_study"": ""Pharmacy""}, {""type"": ""School"", ""name"": ""Radiology"", ""fields_of_study"": ""Radiology""}, {""type"": ""School"", ""name"": ""Rehabilitation Sciences"", ""fields_of_study"": ""Rehabilitation and Therapy""}]","[{""degree"": ""Bachelor's Degree"", ""fields_of_study"": ""Arabic, Business Administration, Chemical Engineering, Civil Engineering, Computer Science, Dermatology, Dietetics, Electrical Engineering, Engineering, English, Interior Design, Nursing, Nutrition, Optometry, Pathology, Pharmacy, Radiology, Rehabilitation and Therapy, Software Engineering""}, {""degree"": ""Master's Degree/ M. Phil"", ""fields_of_study"": ""Arabic, Biochemistry, Dietetics, English, Islamic Studies, Management, Nutrition, Optometry, Pharmacy, Rehabilitation and Therapy""}, {""degree"": ""PhD"", ""fields_of_study"": ""Arabic, Biochemistry, Islamic Studies""}]","[""Journal of University Medical & Dental College""]",30-01-2018,2026-04-06T14:52:05.515373,
IAU-016580,The University of Lahore,UoL,False,Pakistan,https://www.whed.net/institutions/IAU-016580,https://whed.net/detail_institution.php?KDo2MF0sMzhVLiNgYApgCg==,Lahore,54600,1 Km Raiwind Road,https://uol.edu.pk,Private,Founded 1999. Acquired present status 2002,,,,English,"Higher Education Commission, Pakistan",,,34404,2018-2019,"[{""role"": ""Head"", ""name"": ""Muhammad Ashraf"", ""job_title"": ""Rector""}]","[{""type"": ""Campus"", ""name"": ""Gujrat"", ""fields_of_study"": ""Computer Science, Dietetics, English, Information Technology, Law, Linguistics, Literature, Management, Mathematics, Medical Technology, Nutrition, Pharmacy, Physical Therapy, Physics, Radiology""}, {""type"": ""Campus"", ""name"": ""Islamabad"", ""fields_of_study"": ""Business Administration, Civil Engineering, Computer Science, Dietetics, Electrical and Electronic Engineering, Engineering, Management, Nutrition, Pharmacy, Physical Therapy""}, {""type"": ""Campus"", ""name"": ""Pakpattan"", ""fields_of_study"": ""Business Administration, Civil Engineering, Computer Science, Economics, Education, Electrical Engineering, English, Islamic Studies, Mathematics, Mechanical Engineering, Software Engineering, Urdu""}, {""type"": ""Campus"", ""name"": ""Sargodha"", ""fields_of_study"": ""Biological and Life Sciences, Chemistry, Civil Engineering, Computer Science, Dietetics, Economics, English, Information Technology, International Relations and Diplomacy, Islamic Studies, Law, Management, Mathematics, Nutrition, Physical Therapy, Physics, Political Sciences, Psychology, Social Work, Sports, Statistics, Urdu, Zoology""}, {""type"": ""Faculty"", ""name"": ""Allied Health Sciences"", ""fields_of_study"": ""Dietetics, Medical Technology, Nursing, Nutrition, Ophthalmology, Optometry, Physical Therapy, Public Health, Radiology, Sports""}, {""type"": ""Faculty"", ""name"": ""Arts and Architecture"", ""fields_of_study"": ""Architecture, Fine Arts""}, {""type"": ""Faculty"", ""name"": ""Engineering and Technology"", ""fields_of_study"": ""Civil Engineering, Computer Engineering, Electrical Engineering, Electronic Engineering, Mechanical Engineering, Technology""}, {""type"": ""Faculty"", ""name"": ""Information Technology"", ""fields_of_study"": ""Computer Science, Information Technology""}, {""type"": ""Faculty"", ""name"": ""Languages and Literature"", ""fields_of_study"": ""English, Linguistics, Literature""}, {""type"": ""Faculty"", ""name"": ""Law"", ""fields_of_study"": ""Law""}, {""type"": ""Faculty"", ""name"": ""Management Sciences"", ""fields_of_study"": ""Business Administration, Management""}, {""type"": ""Faculty"", ""name"": ""Medicine and Dentistry"", ""fields_of_study"": ""Anaesthesiology, Anatomy, Biochemistry, Cardiology, Community Health, Dentistry, Dermatology, Forensic Medicine and Dentistry, Medicine, Obstetrics and Gynaecology, Ophthalmology, Orthopaedics, Paediatrics, Pathology, Pharmacology, Physical Therapy, Psychiatry and Mental Health, Radiology, Surgery, Urology""}, {""type"": ""Faculty"", ""name"": ""Pharmacy"", ""fields_of_study"": ""Pharmacy""}, {""type"": ""Faculty"", ""name"": ""Social Sciences"", ""fields_of_study"": ""Economics, Education, Islamic Studies, Mathematics, Statistics""}, {""type"": ""Institute"", ""name"": ""Sciences"", ""fields_of_study"": ""Biochemistry, Biotechnology, Chemistry, Environmental Studies, Mathematics, Molecular Biology, Physics, Statistics""}]","[{""degree"": ""Bachelor's Degree"", ""fields_of_study"": ""Aeronautical and Aerospace Engineering, Architecture, Biochemistry, Biophysics, Biotechnology, Business Administration, Civil Engineering, Computer Engineering, Computer Science, Dentistry, Development Studies, Dietetics, Education, Electrical and Electronic Engineering, Electrical Engineering, Electronic Engineering, Energy Engineering, Engineering, English, Environmental Studies, Fine Arts, Geophysics, Information Technology, International Relations and Diplomacy, Law, Mass Communication, Mathematics, Mechanical Engineering, Media Studies, Medical Technology, Microbiology, Nursing, Nutrition, Pathology, Pharmacy, Physics, Political Sciences, Radiology, Software Engineering, Speech Therapy and Audiology, Sports""}, {""degree"": ""Master's Degree/ M. Phil"", ""fields_of_study"": ""Biochemistry, Biotechnology, Business Administration, Civil Engineering, Computer Science, Dietetics, Economics, Education, Immunology, International Relations and Diplomacy, Islamic Studies, Law, Linguistics, Literature, Management, Mass Communication, Mathematics, Media Studies, Molecular Biology, Nutrition, Pathology, Pharmacology, Pharmacy, Physical Therapy, Physics, Public Health, Radiology, Urdu, Virology""}, {""degree"": ""PhD"", ""fields_of_study"": ""Biochemistry, Biotechnology, Civil Engineering, Computer Science, Dietetics, Economics, Education, Electrical Engineering, Immunology, International Relations and Diplomacy, Islamic Studies, Management, Mathematics, Mechanical Engineering, Molecular Biology, Nutrition, Radiology""}]",[],30-01-2018,2026-04-06T14:52:08.461414,
IAU-024893,The Women University Multan,WUM,False,Pakistan,https://www.whed.net/institutions/IAU-024893,https://whed.net/detail_institution.php?KDo2MF0sQzBYLjMsYApgCg==,Multan,,"Kutchery Campus, L.M.Q. Road",http://www.wum.edu.pk,Public,Founded in 2010,,,,English,"Higher Education Commission, Pakistan",,,,,"[{""role"": ""Head"", ""name"": ""Shahida Hasnain"", ""job_title"": ""Vice Chancellor""}]","[{""type"": ""Faculty"", ""name"": ""Arts and Social Science"", ""fields_of_study"": ""Arts and Humanities, Design, Education, History, Indigenous Studies, International Relations and Diplomacy, Political Sciences, Psychology, Sociology""}, {""type"": ""Faculty"", ""name"": ""Economics, Commerce and Management Sciences"", ""fields_of_study"": ""Economics, Management""}, {""type"": ""Faculty"", ""name"": ""Life Sciences"", ""fields_of_study"": ""Biochemistry, Biotechnology, Botany, Environmental Studies, Microbiology, Molecular Biology, Zoology""}, {""type"": ""Faculty"", ""name"": ""Religion and Languages"", ""fields_of_study"": ""Arabic, English, Islamic Studies, Urdu""}, {""type"": ""Faculty"", ""name"": ""Sciences"", ""fields_of_study"": ""Chemistry, Computer Science, Information Technology, Mathematics, Physics, Statistics""}]","[{""degree"": ""Bachelor's Degree"", ""fields_of_study"": ""Arabic, Biochemistry, Biotechnology, Botany, Business Administration, Chemistry, Computer Science, Economics, Education, English, Environmental Studies, History, Indigenous Studies, Information Technology, International Relations and Diplomacy, Islamic Studies, Mathematics, Microbiology, Molecular Biology, Physics, Political Sciences, Psychology, Sociology, Statistics, Urdu, Zoology""}, {""degree"": ""Master's Degree/ M. Phil"", ""fields_of_study"": ""Arabic, Botany, Chemistry, Computer Science, Economics, English, History, Indigenous Studies, International Relations and Diplomacy, Islamic Studies, Mathematics, Microbiology, Molecular Biology, Physics, Political Sciences, Psychology, Sociology, Statistics, Urdu, Zoology""}, {""degree"": ""PhD"", ""fields_of_study"": ""Economics, English, History, Indigenous Studies, Microbiology, Molecular Biology, Physics, Urdu, Zoology""}]",[],30-01-2018,2026-04-06T14:52:12.910061,
IAU-020002,University of Agriculture,Zaree University Faisland (UAF,False,Pakistan,https://www.whed.net/institutions/IAU-020002,https://whed.net/detail_institution.php?KDo2MF0sQ2BQLCMoYApgCg==,Faisalabad,38000,University Road,https://www.uaf.edu.pk,Public,"Founded 1909 as Punjab Agricultural College and Research Institute, acquired present status and title 1961.","Two semesters of 19 weeks, starting September","Intermediate Science Certificate, following secondary school education",,English,"Higher Education Commission, Pakistan",,co-ed,,,"[{""role"": ""Head"", ""name"": ""Zulfiqar Ali"", ""job_title"": ""Vice-Chancellor""}, {""role"": ""Senior Administrative Officer"", ""name"": ""Umar Saeed"", ""job_title"": ""Registrar""}]","[{""type"": ""Faculty"", ""name"": ""Agricultural Engineering and Technology"", ""fields_of_study"": ""Agricultural Engineering, Agricultural Equipment, Agricultural Management, Energy Engineering, Environmental Engineering, Farm Management, Technology, Textile Technology""}, {""type"": ""Faculty"", ""name"": ""Agriculture"", ""fields_of_study"": ""Agriculture, Agronomy, Crop Production, Entomology, Forestry, Plant Pathology""}, {""type"": ""Faculty"", ""name"": ""Animal Husbandry"", ""fields_of_study"": ""Animal Husbandry, Apiculture, Cattle Breeding, Meat and Poultry, Sericulture""}, {""type"": ""Faculty"", ""name"": ""Food Nutrition and Home Sciences"", ""fields_of_study"": ""Food Science, Home Economics, Nutrition""}, {""type"": ""Faculty"", ""name"": ""Sciences"", ""fields_of_study"": ""Arts and Humanities, Biochemistry, Botany, Chemistry, Computer Science, Fishery, Islamic Studies, Linguistics, Mathematics, Physics, Statistics, Wildlife, Zoology""}, {""type"": ""Faculty"", ""name"": ""Social Sciences"", ""fields_of_study"": ""Continuing Education, Rural Studies""}, {""type"": ""Faculty"", ""name"": ""Veterinary Science"", ""fields_of_study"": ""Anatomy, Parasitology, Pathology, Surgery, Veterinary Science""}, {""type"": ""Institute"", ""name"": ""Agricultural and Resource Economics"", ""fields_of_study"": ""Agricultural Economics""}, {""type"": ""Institute"", ""name"": ""Agricultural Extension and Rural Development"", ""fields_of_study"": ""Regional Planning, Rural Planning""}, {""type"": ""Institute"", ""name"": ""Animal and Dairy Sciences"", ""fields_of_study"": ""Brewing, Dairy, Meat and Poultry""}, {""type"": ""Institute"", ""name"": ""Business Management Sciences"", ""fields_of_study"": ""Business Administration""}, {""type"": ""Institute"", ""name"": ""Food Science and Technology"", ""fields_of_study"": ""Food Technology, Nutrition""}, {""type"": ""Institute"", ""name"": ""Home Sciences"", ""fields_of_study"": ""Home Economics""}, {""type"": ""Institute"", ""name"": ""Horticultural Sciences"", ""fields_of_study"": ""Horticulture""}, {""type"": ""Institute"", ""name"": ""Microbiology"", ""fields_of_study"": ""Microbiology""}, {""type"": ""Institute"", ""name"": ""Pharmacy, Physiology and Pharmacology"", ""fields_of_study"": ""Pharmacology, Pharmacy, Physiology""}, {""type"": ""Institute"", ""name"": ""Punjab Bioenergy"", ""fields_of_study"": ""Energy Engineering""}, {""type"": ""Institute"", ""name"": ""Soil and Environmental Sciences"", ""fields_of_study"": ""Environmental Engineering, Soil Science""}]","[{""degree"": ""Bachelor's Degree"", ""fields_of_study"": ""Agricultural Economics, Agricultural Management, Agriculture, Animal Husbandry, Business Administration, Computer Science, Dairy, Education, Energy Engineering, Environmental Engineering, Food Science, Food Technology, Home Economics, Information Technology, Meat and Poultry, Microbiology, Nutrition, Pharmacy, Plant Pathology, Software Engineering, Textile Technology, Veterinary Science""}, {""degree"": ""Master's Degree/ M. Phil"", ""fields_of_study"": ""Agricultural Economics, Agricultural Engineering, Agricultural Equipment, Agricultural Management, Agriculture, Agronomy, Anatomy, Animal Husbandry, Apiculture, Arts and Humanities, Biochemistry, Botany, Brewing, Business Administration, Cattle Breeding, Chemistry, Computer Science, Continuing Education, Crop Production, Dairy, Energy Engineering, Entomology, Environmental Engineering, Farm Management, Fishery, Food Science, Food Technology, Forestry, Home Economics, Horticulture, Islamic Studies, Linguistics, Mathematics, Meat and Poultry, Microbiology, Nutrition, Parasitology, Pathology, Pharmacology, Pharmacy, Physics, Physiology, Plant Pathology, Regional Planning, Rural Planning, Rural Studies, Sericulture, Soil Science, Statistics, Surgery, Technology, Textile Technology, Veterinary Science, Wildlife, Zoology""}, {""degree"": ""PhD"", ""fields_of_study"": ""Agricultural Economics, Agricultural Engineering, Agricultural Equipment, Agricultural Management, Agriculture, Agronomy, Anatomy, Animal Husbandry, Apiculture, Arts and Humanities, Biochemistry, Botany, Brewing, Business Administration, Cattle Breeding, Chemistry, Computer Science, Continuing Education, Crop Production, Dairy, Energy Engineering, Entomology, Environmental Engineering, Farm Management, Fishery, Food Science, Food Technology, Forestry, Home Economics, Horticulture, Islamic Studies, Linguistics, Mathematics, Meat and Poultry, Microbiology, Nutrition, Parasitology, Pathology, Pharmacology, Pharmacy, Physics, Physiology, Plant Pathology, Regional Planning, Rural Planning, Rural Studies, Sericulture, Soil Science, Statistics, Surgery, Technology, Textile Technology, Veterinary Science, Wildlife, Zoology""}]","[""Pakistan Journal of Agricultural Sciences"", ""Pakistan Veterinary Journal""]",30-01-2018,2026-04-06T14:52:18.596661,
IAU-020026,University of Azad Jammu and Kashmir,AJKU,False,Pakistan,https://www.whed.net/institutions/IAU-020026,https://whed.net/detail_institution.php?KDo2MF0sQ2BQLEM4YApgCg==,Muzaffarabad,,"Administration Block, Challa Campus",http://www.ajku.edu.pk,Public,Founded 1980.,September to December (September-May; March-December),Intermediate or higher secondary certificate,,English,"Higher Education Commission, Pakistan",,,,,"[{""role"": ""Head"", ""name"": ""Muhammad Kaleem Abbasi"", ""job_title"": ""Vice-Chancellor""}, {""role"": ""Senior Administrative Officer"", ""name"": ""Ayesha Sohail"", ""job_title"": ""Registrar""}]","[{""type"": ""Faculty"", ""name"": ""Engineering"", ""fields_of_study"": ""Electrical Engineering, Software Engineering""}, {""type"": ""Faculty"", ""name"": ""Health and Medical Sciences"", ""fields_of_study"": ""Health Sciences, Medical Auxiliaries, Medical Technology, Public Health, Rehabilitation and Therapy, Treatment Techniques""}, {""type"": ""Faculty"", ""name"": ""Humanities and Social Sciences"", ""fields_of_study"": ""Accountancy, Arabic, Design, Economics, Education, English, Fine Arts, Geology, History, International Relations and Diplomacy, Islamic Studies, Law, Management, Mass Communication, Mathematics, Modern Languages, Political Sciences, Psychology, Sociology, Statistics, Tourism, Urdu""}, {""type"": ""Faculty"", ""name"": ""Science"", ""fields_of_study"": ""Biotechnology, Botany, Chemistry, Computer Science, Geology, Information Technology, Mathematics, Physics, Statistics, Zoology""}]","[{""degree"": ""Bachelor's Degree"", ""fields_of_study"": ""Accountancy, Arabic, Artificial Intelligence, Biotechnology, Botany, Chemistry, Computer Science, Design, Economics, Education, Electrical Engineering, English, Geology, Health Sciences, History, International Relations and Diplomacy, Islamic Studies, Laboratory Techniques, Law, Management, Mass Communication, Mathematics, Medical Auxiliaries, Medical Technology, Physical Therapy, Physics, Political Sciences, Psychology, Radiology, Sociology, Software Engineering, Statistics, Tourism, Urdu, Zoology""}, {""degree"": ""Master's Degree/ M. Phil"", ""fields_of_study"": ""Biotechnology, Botany, Chemistry, Computer Science, Economics, Education, Electrical Engineering, English, Geology, Islamic Studies, Mathematics, Physics, Public Health, Statistics, Urdu, Zoology""}, {""degree"": ""PhD"", ""fields_of_study"": ""Biotechnology, Botany, Chemistry, Computer Science, Economics, English, Geology, Islamic Studies, Mathematics, Physics, Zoology""}]",[],16-09-2021,2026-04-06T14:52:22.852189,
IAU-020032,University of Balochistan,UoB,False,Pakistan,https://www.whed.net/institutions/IAU-020032,https://whed.net/detail_institution.php?KDo2MF0sQ2BQLFMoYApgCg==,Quetta,,Sariab Road,http://www.uob.edu.pk,Public,Founded 1970.,March to December,Intermediate or higher secondary certificate,,English;Urdu,"Quality Assurance Agency; Higher Education Commission, Pakistan",,co-ed,,,"[{""role"": ""Head"", ""name"": ""Javeid Iqbal"", ""job_title"": ""Vice-Chancellor""}, {""role"": ""Senior Administrative Officer"", ""name"": ""Mohammad Tariq Jogizai"", ""job_title"": ""Registrar""}]","[{""type"": ""Faculty"", ""name"": ""Basic Sciences"", ""fields_of_study"": ""Chemistry, Mathematics, Physics, Statistics""}, {""type"": ""Faculty"", ""name"": ""Earth and Enviromental Studies"", ""fields_of_study"": ""Environmental Studies, Geography, Geology, Natural Resources""}, {""type"": ""Faculty"", ""name"": ""Education and Humanities"", ""fields_of_study"": ""Arts and Humanities, Development Studies, Education, Fine Arts, History, Islamic Studies, Media Studies, Philosophy, Psychology""}, {""type"": ""Faculty"", ""name"": ""Life Sciences"", ""fields_of_study"": ""Biochemistry, Botany, Immunology, Microbiology, Zoology""}, {""type"": ""Faculty"", ""name"": ""Literature and Language"", ""fields_of_study"": ""English, Literature, Native Language Education, Persian, Urdu""}, {""type"": ""Faculty"", ""name"": ""Management Sciences, Business and Information Technology"", ""fields_of_study"": ""Business Administration, Business and Commerce, Computer Science, Economics, Information Sciences, Information Technology, Library Science, Management""}, {""type"": ""Faculty"", ""name"": ""Pharmacy"", ""fields_of_study"": ""Pharmacy""}, {""type"": ""Faculty"", ""name"": ""Social Sciences"", ""fields_of_study"": ""International Relations and Diplomacy, Law, Political Sciences, Social Sciences, Social Work, Sociology""}]","[{""degree"": ""Bachelor's Degree"", ""fields_of_study"": ""Arts and Humanities, Biochemistry, Botany, Business Administration, Business and Commerce, Chemistry, Computer Science, Development Studies, Economics, Education, English, Environmental Studies, Fine Arts, Geography, Geology, History, Immunology, Information Sciences, Information Technology, International Relations and Diplomacy, Islamic Studies, Law, Literature, Management, Mathematics, Media Studies, Microbiology, Native Language Education, Natural Resources, Persian, Pharmacy, Philosophy, Physics, Political Sciences, Psychology, Social Sciences, Social Work, Sociology, Statistics, Urdu, Zoology""}, {""degree"": ""Master's Degree/ M. Phil"", ""fields_of_study"": ""Accountancy, Arts and Humanities, Banking, Biochemistry, Botany, Business Administration, Business and Commerce, Chemistry, Computer Science, Development Studies, Economics, Education, English, Environmental Studies, Finance, Fine Arts, Geography, Geology, History, Immunology, Information Sciences, Information Technology, International Relations and Diplomacy, Islamic Studies, Law, Literature, Management, Mathematics, Media Studies, Microbiology, Native Language Education, Natural Resources, Persian, Pharmacy, Philosophy, Physics, Political Sciences, Psychology, Social Sciences, Social Work, Sociology, Statistics, Urdu, Zoology""}, {""degree"": ""PhD"", ""fields_of_study"": ""Accountancy, Arts and Humanities, Banking, Biochemistry, Botany, Business and Commerce, Chemistry, Computer Science, Development Studies, Education, English, Environmental Studies, Finance, Fine Arts, Geography, Geology, History, Immunology, Information Sciences, Information Technology, International Relations and Diplomacy, Islamic Studies, Law, Library Science, Literature, Management, Mathematics, Media Studies, Microbiology, Native Language Education, Natural Resources, Persian, Pharmacy, Philosophy, Physics, Political Sciences, Psychology, Social Sciences, Social Work, Sociology, Statistics, Urdu, Zoology""}]","[""Al Burz"", ""Balochistan Review"", ""Hanken"", ""Journals of Education and Humanities Research"", ""Pure and Applied Biology (PAB)"", ""Takatoo""]",30-01-2018,2026-04-06T14:52:25.796233,
IAU-020112,University of Central Punjab,UCP,False,Pakistan,https://www.whed.net/institutions/IAU-020112,https://whed.net/detail_institution.php?KDo2MF0sQ2BRLDMoYApgCg==,Lahore,54000,"1 - Khayaban-e-Jinnah Road, Johar Town",http://www.ucp.edu.pk,Private,Founded in 2002,,,,English,"Higher Education Commission, Pakistan",,,,,"[{""role"": ""Head"", ""name"": ""Mujahid Kamran"", ""job_title"": ""Vice Chancellor""}, {""role"": ""Senior Administrative Officer"", ""name"": ""Bashir Ahmad"", ""job_title"": ""Registrar""}]","[{""type"": ""Faculty"", ""name"": ""Arts and Social Sciences"", ""fields_of_study"": ""Economics, English, Psychology""}, {""type"": ""Faculty"", ""name"": ""Engineering"", ""fields_of_study"": ""Civil Engineering, Electrical Engineering, Mechanical Engineering""}, {""type"": ""Faculty"", ""name"": ""Information Technology"", ""fields_of_study"": ""Computer Science, Information Technology""}, {""type"": ""Faculty"", ""name"": ""Law"", ""fields_of_study"": ""Law""}, {""type"": ""Faculty"", ""name"": ""Life Sciences"", ""fields_of_study"": ""Biochemistry, Biotechnology, Microbiology""}, {""type"": ""Faculty"", ""name"": ""Management Studies"", ""fields_of_study"": ""Accountancy, Business and Commerce, Finance""}, {""type"": ""Faculty"", ""name"": ""Pharmacy"", ""fields_of_study"": ""Pharmacy""}, {""type"": ""Faculty"", ""name"": ""Sciences"", ""fields_of_study"": ""Botany, Chemistry, Mathematics, Physics, Statistics, Zoology""}, {""type"": ""School"", ""name"": ""Media and Communication"", ""fields_of_study"": ""Communication Arts, Journalism, Mass Communication, Media Studies, Multimedia, Radio and Television Broadcasting""}]","[{""degree"": ""Bachelor's Degree"", ""fields_of_study"": ""Accountancy, Biochemistry, Biotechnology, Business Administration, Business and Commerce, Civil Engineering, Economics, Electrical Engineering, Finance, Information Technology, Law, Mass Communication, Mechanical Engineering, Media Studies, Microbiology, Pharmacy, Psychology""}, {""degree"": ""Master's Degree/ M. Phil"", ""fields_of_study"": ""Accountancy, Biochemistry, Biotechnology, Business Administration, Business and Commerce, Economics, Electrical Engineering, English, Finance, Information Technology, Mass Communication, Mechanical Engineering, Media Studies, Microbiology, Pharmacy, Psychology""}, {""degree"": ""PhD"", ""fields_of_study"": ""Accountancy, Biochemistry, Business Administration, Business and Commerce, Electrical Engineering, Finance, Information Technology, Management, Mass Communication, Media Studies, Microbiology, Psychology""}]",[],31-01-2018,2026-04-06T14:52:31.040335,
IAU-030792,University of Chitral,,False,Pakistan,https://www.whed.net/institutions/IAU-030792,https://whed.net/detail_institution.php?KDo2MF0sU2BXLjMoYApgCg==,Chitral,17200,Seenlasht Garam Chashma Road,https://www.uoch.edu.pk,Public,Created 2017 and officially recognized 2019,November to October,,,English,Higher Education Commission (HEC),,,493,2024-2025,"[{""role"": ""Head"", ""name"": ""Hazir Ullah"", ""job_title"": ""Vice-Chancellor""}, {""role"": ""International Relations Officer"", ""name"": ""Nizam Uddin"", ""job_title"": ""Additional Director Academics""}]","[{""type"": ""Department/Division"", ""name"": ""Botany"", ""fields_of_study"": ""Botany""}, {""type"": ""Department/Division"", ""name"": ""Chemistry"", ""fields_of_study"": ""Chemistry""}, {""type"": ""Department/Division"", ""name"": ""Computer Science"", ""fields_of_study"": ""Computer Science""}, {""type"": ""Department/Division"", ""name"": ""Economics"", ""fields_of_study"": ""Economics""}, {""type"": ""Department/Division"", ""name"": ""Education"", ""fields_of_study"": ""Education""}, {""type"": ""Department/Division"", ""name"": ""English"", ""fields_of_study"": ""English""}, {""type"": ""Department/Division"", ""name"": ""Islamic Studies"", ""fields_of_study"": ""Islamic Studies""}, {""type"": ""Department/Division"", ""name"": ""Management Sciences"", ""fields_of_study"": ""Management""}, {""type"": ""Department/Division"", ""name"": ""Political Science"", ""fields_of_study"": ""Political Sciences""}, {""type"": ""Department/Division"", ""name"": ""Sociology"", ""fields_of_study"": ""Sociology""}, {""type"": ""Department/Division"", ""name"": ""Tourism and Hotel Management"", ""fields_of_study"": ""Hotel Management, Tourism""}, {""type"": ""Department/Division"", ""name"": ""Urdu"", ""fields_of_study"": ""Urdu""}, {""type"": ""Department/Division"", ""name"": ""Zoology"", ""fields_of_study"": ""Zoology""}]","[{""degree"": ""Bachelor's Degree"", ""fields_of_study"": ""Botany, Computer Science, Economics, Education, English, Hotel Management, International Relations and Diplomacy, Islamic Studies, Management, Political Sciences, Psychology, Sociology, Urdu, Zoology""}, {""degree"": ""Master's Degree/ M. Phil"", ""fields_of_study"": ""Botany, Computer Science, Economics, Education, English, Islamic Studies, Management, Political Sciences, Sociology, Urdu""}]",[],11-08-2025,2026-04-06T14:52:36.599103,
IAU-020150,University of Education,UE,False,Pakistan,https://www.whed.net/institutions/IAU-020150,https://whed.net/detail_institution.php?KDo2MF0sQ2BRLTNgYApgCg==,Lahore,,"College Road, Township Campus",https://www.ue.edu.pk,Public,Founded in 2002,,,,English,"Higher Education Commission, Pakistan",,,,,"[{""role"": ""Head"", ""name"": ""Aqif Anwar Chaudhry"", ""job_title"": ""Vice-Chancellor""}, {""role"": ""Senior Administrative Officer"", ""name"": ""Muhammad Nasir Ahmad"", ""job_title"": ""Registrar""}]","[{""type"": ""Campus"", ""name"": ""Attock"", ""fields_of_study"": ""Education, English, Mathematics""}, {""type"": ""Campus"", ""name"": ""DG Khan"", ""fields_of_study"": ""Botany, Chemistry, Economics, Education, English, Information Technology, Mathematics, Physics, Zoology""}, {""type"": ""Campus"", ""name"": ""Faisalabad"", ""fields_of_study"": ""Business Administration, Chemistry, Education, English, Information Technology, Mathematics, Physics, Urdu, Zoology""}, {""type"": ""Campus"", ""name"": ""Jauharabad"", ""fields_of_study"": ""Chemistry, Education, English, Mathematics, Physics""}, {""type"": ""Campus"", ""name"": ""Multan"", ""fields_of_study"": ""Business Administration, Chemistry, Education, English, Information Technology, Mathematics, Physics""}, {""type"": ""Campus"", ""name"": ""Vehari"", ""fields_of_study"": ""Chemistry, Education, English, Information Technology, Mathematics, Physics""}, {""type"": ""Department/Division"", ""name"": ""Arts and Social Sciences"", ""fields_of_study"": ""English, Urdu""}, {""type"": ""Department/Division"", ""name"": ""Education"", ""fields_of_study"": ""Education, Teacher Training""}, {""type"": ""Department/Division"", ""name"": ""Science and Technology"", ""fields_of_study"": ""Botany, Chemistry, Information Technology, Mathematics, Physics, Zoology""}]","[{""degree"": ""Bachelor's Degree"", ""fields_of_study"": ""Botany, Business Administration, Chemistry, Economics, Education, English, Information Technology, Mathematics, Physics, Teacher Training, Urdu, Zoology""}, {""degree"": ""Master's Degree/ M. Phil"", ""fields_of_study"": ""Botany, Business Administration, Chemistry, Economics, Education, Educational Administration, English, Information Technology, Mathematics, Physics, Urdu, Zoology""}, {""degree"": ""PhD"", ""fields_of_study"": ""Education""}]","[""Journal of Research and Reflections in Education (JRRE)""]",31-01-2018,2026-04-06T14:52:39.608872,
IAU-012795,University of Engineering and Technology Peshawar,,False,Pakistan,https://www.whed.net/institutions/IAU-012795,https://whed.net/detail_institution.php?KDo2MF0sMyhXLjM0YApgCg==,Peshawar,,PO Box 814,https://www.uetpeshawar.edu.pk,Public,Founded 1952 as College of Engineering in University of Peshawar. Acquired present status 1980. Also known as North West Frontier Province University of Engineering and Technology Peshawar.,September to June,"Higher secondary certificate, Advanced ('A') levels (Cambridge/Oxford)",,English,"Higher Education Commission, Pakistan; Pakistan Engineering Council; Pakistan Council of Architects and Town Planner",,co-ed,,,"[{""role"": ""Head"", ""name"": ""M. Sadiq Khattak"", ""job_title"": ""Vice-Chancellor""}, {""role"": ""Senior Administrative Officer"", ""name"": ""Khizar Azam"", ""job_title"": ""Registrar""}]","[{""type"": ""Campus"", ""name"": ""Abbottabad"", ""fields_of_study"": ""Architecture, Electrical Engineering""}, {""type"": ""Campus"", ""name"": ""Bannu"", ""fields_of_study"": ""Civil Engineering, Electrical Engineering""}, {""type"": ""Campus"", ""name"": ""Jalozai"", ""fields_of_study"": ""Civil Engineering, Computer Science, Electrical Engineering, Industrial Engineering, Mechanical Engineering""}, {""type"": ""Campus"", ""name"": ""Kohat"", ""fields_of_study"": ""Electrical Engineering""}, {""type"": ""Campus"", ""name"": ""Mardan"", ""fields_of_study"": ""Software Engineering, Telecommunications Engineering""}, {""type"": ""Department/Division"", ""name"": ""Agricultural Engineering"", ""fields_of_study"": ""Agricultural Engineering""}, {""type"": ""Department/Division"", ""name"": ""Basic Sciences and Islamiyat"", ""fields_of_study"": ""Computer Science, Mathematics, Statistics""}, {""type"": ""Department/Division"", ""name"": ""Chemical Engineering"", ""fields_of_study"": ""Chemical Engineering""}, {""type"": ""Department/Division"", ""name"": ""Civil Engineering"", ""fields_of_study"": ""Civil Engineering""}, {""type"": ""Department/Division"", ""name"": ""Computer Science and Information Technology"", ""fields_of_study"": ""Computer Science, Information Technology""}, {""type"": ""Department/Division"", ""name"": ""Computer Systems Engineering"", ""fields_of_study"": ""Computer Engineering, Information Technology""}, {""type"": ""Department/Division"", ""name"": ""Electrical Engineering"", ""fields_of_study"": ""Electrical Engineering, Power Engineering, Telecommunications Engineering""}, {""type"": ""Department/Division"", ""name"": ""Industrial Engineering"", ""fields_of_study"": ""Industrial Engineering""}, {""type"": ""Department/Division"", ""name"": ""Mechanical Engineering"", ""fields_of_study"": ""Mechanical Engineering, Metallurgical Engineering""}, {""type"": ""Department/Division"", ""name"": ""Mining Engineering"", ""fields_of_study"": ""Mining Engineering""}]","[{""degree"": ""Bachelor's Degree"", ""fields_of_study"": ""Agricultural Engineering, Architecture, Chemical Engineering, Civil Engineering, Computer Engineering, Computer Science, Electrical Engineering, Industrial Engineering, Information Technology, Mathematics, Mechanical Engineering, Metallurgical Engineering, Mining Engineering, Power Engineering, Software Engineering, Statistics, Telecommunications Engineering""}, {""degree"": ""Master's Degree/ M. Phil"", ""fields_of_study"": ""Agricultural Engineering, Architecture, Chemical Engineering, Civil Engineering, Computer Engineering, Computer Science, Electrical Engineering, Industrial Engineering, Mechanical Engineering, Metallurgical Engineering, Mining Engineering, Software Engineering""}, {""degree"": ""PhD"", ""fields_of_study"": ""Agricultural Engineering, Architecture, Chemical Engineering, Civil Engineering, Computer Engineering, Computer Science, Electrical Engineering, Mechanical Engineering, Metallurgical Engineering, Mining Engineering, Software Engineering""}]","[""Journal of Engineering & Applied Sciences""]",30-01-2018,2026-04-06T14:52:44.029168,
IAU-020154,University of Engineering and Technology Taxila,UET,False,Pakistan,https://www.whed.net/institutions/IAU-020154,https://whed.net/detail_institution.php?KDo2MF0sQ2BRLTMwYApgCg==,Taxila,,,,Public,"Founded 1975 as Constituent College of University of Engineering and Technology, Lahore, acquired present status and title 1994",September to May,"Intermediate pre-Engineering Science Certificate, following secondary school certificate",,English,"Higher Education Commission, Pakistan",,,,,"[{""role"": ""Head"", ""name"": ""Niaz Ahmad Akhtar"", ""job_title"": ""Vice-Chancellor""}, {""role"": ""Senior Administrative Officer"", ""name"": ""Mansoor A. Baluch"", ""job_title"": ""Registrar""}]","[{""type"": ""Campus"", ""name"": ""Chakwal"", ""fields_of_study"": ""Electronic Engineering, Mechanical Engineering""}, {""type"": ""Faculty"", ""name"": ""Basic Sciences and Humanities"", ""fields_of_study"": ""Chemistry, Economics, English, Ethics, Islamic Studies, Mathematics, Physics, Southeast Asian Studies, Statistics""}, {""type"": ""Faculty"", ""name"": ""Civil and Environmental Engineering"", ""fields_of_study"": ""Civil Engineering, Environmental Engineering, Irrigation, Soil Science""}, {""type"": ""Faculty"", ""name"": ""Electronic and Electrical Engineering"", ""fields_of_study"": ""Electrical Engineering, Electronic Engineering""}, {""type"": ""Faculty"", ""name"": ""Industrial Engineering"", ""fields_of_study"": ""Industrial Engineering, Materials Engineering, Production Engineering""}, {""type"": ""Faculty"", ""name"": ""Mechanical and Aeronautical Engineering"", ""fields_of_study"": ""Aeronautical and Aerospace Engineering, Mechanical Engineering""}, {""type"": ""Faculty"", ""name"": ""Telecommunication and Information Engineering"", ""fields_of_study"": ""Computer Engineering, Computer Science, Software Engineering, Telecommunications Engineering""}]","[{""degree"": ""Bachelor's Degree"", ""fields_of_study"": ""Civil Engineering, Computer Engineering, Computer Science, Electrical Engineering, Electronic Engineering, Environmental Engineering, Industrial Engineering, Materials Engineering, Mechanical Engineering, Software Engineering, Statistics""}, {""degree"": ""Master's Degree/ M. Phil"", ""fields_of_study"": ""Civil Engineering, Computer Engineering, Electrical Engineering, Electronic Engineering, Mechanical Engineering, Software Engineering, Telecommunications Engineering""}, {""degree"": ""PhD"", ""fields_of_study"": ""Civil Engineering, Computer Engineering, Electrical Engineering, Electronic Engineering, Mechanical Engineering, Telecommunications Engineering""}]","[""Technical journal""]",30-01-2018,2026-04-06T14:52:48.137007,
IAU-020153,"University of Engineering and Technology, Lahore",UET Lahore,False,Pakistan,https://www.whed.net/institutions/IAU-020153,https://whed.net/detail_institution.php?KDo2MF0sQ2BRLTMsYApgCg==,Lahore,54890,Grand Trunk Road,http://www.uet.edu.pk,Public,Founded 1921 as Mughalpura Technical College and acquired present name and status 1961.,January to December,Higher secondary school certificate or equivalent,"500-5,000 per month (PKR)",English,"Pakistan Engineering Council; Higher Education Commission, Pakistan",,co-ed,,,"[{""role"": ""Head"", ""name"": ""Fazal Ahmad Khalid"", ""job_title"": ""Vice-Chancellor""}, {""role"": ""Senior Administrative Officer"", ""name"": ""Muhammad Asif"", ""job_title"": ""Registrar""}]","[{""type"": ""Campus"", ""name"": ""Faisalabad"", ""fields_of_study"": ""Arts and Humanities, Chemical Engineering, Electrical Engineering, Electronic Engineering, Materials Engineering, Mechanical Engineering, Metallurgical Engineering, Polymer and Plastics Technology, Telecommunications Engineering, Textile Technology""}, {""type"": ""Campus"", ""name"": ""Kala-Shah-Kaku Campus"", ""fields_of_study"": ""Biomedical Engineering, Chemical Engineering, Electrical Engineering, Mechanical Engineering""}, {""type"": ""Campus"", ""name"": ""Narrowal"", ""fields_of_study"": ""Architecture, Chemical Engineering, Chemistry, Civil Engineering, Electrical Engineering, Environmental Engineering, Mechanical Engineering, Metallurgical Engineering, Polymer and Plastics Technology""}, {""type"": ""College"", ""name"": ""UET Rachna College of Engineering and Technology"", ""fields_of_study"": ""Computer Engineering, Electrical Engineering, Environmental Engineering, Industrial Engineering, Mechanical Engineering""}, {""type"": ""Faculty"", ""name"": ""Architecture and Planning"", ""fields_of_study"": ""Architecture, Industrial Design, Regional Planning, Town Planning""}, {""type"": ""Faculty"", ""name"": ""Chemical, Metallurgical and Polymer Engineering"", ""fields_of_study"": ""Chemical Engineering, Materials Engineering, Metallurgical Engineering, Polymer and Plastics Technology""}, {""type"": ""Faculty"", ""name"": ""Civil Engineering"", ""fields_of_study"": ""Architecture, Civil Engineering, Environmental Engineering""}, {""type"": ""Faculty"", ""name"": ""Earth Sciences and Engineering"", ""fields_of_study"": ""Geological Engineering, Mining Engineering, Petroleum and Gas Engineering""}, {""type"": ""Faculty"", ""name"": ""Electrical Engineering"", ""fields_of_study"": ""Computer Engineering, Computer Science, Electrical Engineering""}, {""type"": ""Faculty"", ""name"": ""Mechanical Engineering"", ""fields_of_study"": ""Industrial Engineering, Mechanical Engineering, Production Engineering""}, {""type"": ""Faculty"", ""name"": ""Natural Sciences, Humanities, and Islamic Studies"", ""fields_of_study"": ""Arts and Humanities, Business Administration, Chemistry, Islamic Studies, Management, Mathematics, Physics, Social Sciences""}]","[{""degree"": ""Bachelor's Degree"", ""fields_of_study"": ""Architecture, Biomedical Engineering, Business Administration, Chemical Engineering, Chemistry, Civil Engineering, Computer Engineering, Computer Science, Electrical Engineering, Environmental Engineering, Geological Engineering, Industrial Design, Industrial Engineering, Materials Engineering, Mechanical Engineering, Metallurgical Engineering, Mining Engineering, Petroleum and Gas Engineering, Polymer and Plastics Technology, Production Engineering, Regional Planning""}, {""degree"": ""Master's Degree/ M. Phil"", ""fields_of_study"": ""Applied Chemistry, Applied Mathematics, Applied Physics, Architecture, Business Administration, Chemical Engineering, Computer Engineering, Computer Science, Electrical Engineering, English, Environmental Engineering, Geological Engineering, Hydraulic Engineering, Industrial Engineering, Irrigation, Materials Engineering, Mathematics, Mechanical Engineering, Mining Engineering, Petroleum and Gas Engineering, Polymer and Plastics Technology, Regional Planning, Structural Architecture, Thermal Engineering, Thermal Physics, Water Management, Water Science""}, {""degree"": ""PhD"", ""fields_of_study"": ""Architecture, Chemical Engineering, Chemistry, Civil Engineering, Computer Engineering, Computer Science, Electrical Engineering, Engineering, Environmental Engineering, Geological Engineering, Hydraulic Engineering, Irrigation, Islamic Studies, Materials Engineering, Mathematics, Mechanical Engineering, Metallurgical Engineering, Mining Engineering, Petroleum and Gas Engineering, Polymer and Plastics Technology, Regional Planning, Town Planning, Water Management, Water Science""}]","[""Pakistan Journal of Engineering and Applied Sciences""]",31-01-2018,2026-04-06T14:52:51.471249,
IAU-020174,University of Gujrat,UOG,False,Pakistan,https://www.whed.net/institutions/IAU-020174,https://whed.net/detail_institution.php?KDo2MF0sQ2BRLVMwYApgCg==,Gujrat,50700,Jalalpur Jattan Road,http://www.uog.edu.pk,Public,Founded in 2004,,,,English,"Higher Education Commission, Pakistan",,,,,"[{""role"": ""Head"", ""name"": ""Zia ul Qayyum"", ""job_title"": ""Vice-Chancellor""}, {""role"": ""Senior Administrative Officer"", ""name"": ""Tahir Aqil"", ""job_title"": ""Registrar""}]","[{""type"": ""Campus"", ""name"": ""Lahore"", ""fields_of_study"": ""Business Administration, Business and Commerce, Chemistry, Economics, Education, English, Fine Arts, History, Information Technology, Islamic Studies, Law, Mathematics and Computer Science, Media Studies, Physics, Political Sciences, Psychology, Social Sciences, Sociology, Software Engineering, Statistics""}, {""type"": ""Campus"", ""name"": ""Narowal"", ""fields_of_study"": ""Botany, Chemistry, Computer Science, Education, English, Management, Mathematics, Media Studies, Physics, Sports, Zoology""}, {""type"": ""Campus"", ""name"": ""Rawalpindi"", ""fields_of_study"": ""Botany, Chemistry, Computer Science, Design, English, Fine Arts, Information Technology, Management, Mathematics, Media Studies, Physics, Psychology, Sports, Zoology""}, {""type"": ""Campus"", ""name"": ""Sialkot"", ""fields_of_study"": ""Biochemistry, Botany, Business and Commerce, Chemistry, Computer Science, Economics, Education, English, Information Technology, Islamic Studies, Management, Mass Communication, Mathematics, Physics, Political Sciences, Psychology, Sociology, Software Engineering, Statistics, Zoology""}, {""type"": ""College"", ""name"": ""Nawaz Sharif Medical College"", ""fields_of_study"": ""Medicine""}, {""type"": ""Faculty"", ""name"": ""Arts"", ""fields_of_study"": ""English, Islamic Studies, Mass Communication, Media Studies, Modern Languages, Translation and Interpretation""}, {""type"": ""Faculty"", ""name"": ""Computer Science and Information Technology"", ""fields_of_study"": ""Computer Science, Information Technology, Software Engineering""}, {""type"": ""Faculty"", ""name"": ""Engineering and Technology"", ""fields_of_study"": ""Chemical Engineering, Electrical Engineering, Mechanical Engineering""}, {""type"": ""Faculty"", ""name"": ""Management and Administrative Sciences"", ""fields_of_study"": ""Accountancy, Banking, Business Administration, Finance, Health Administration, Hotel and Restaurant, Hotel Management, Management""}, {""type"": ""Faculty"", ""name"": ""Sciences"", ""fields_of_study"": ""Biochemistry, Biology, Chemistry, Environmental Studies, Geography (Human), Geology, Mathematics, Mathematics and Computer Science, Physics, Zoology""}, {""type"": ""Faculty"", ""name"": ""Social Sciences"", ""fields_of_study"": ""Demography and Population, Economics, Education, History, International Relations and Diplomacy, Modern Languages, Physical Education, Political Sciences, Psychology, Sociology, Southeast Asian Studies""}, {""type"": ""School"", ""name"": ""Arts, Design and Architecture"", ""fields_of_study"": ""Architecture, Design, Fashion Design, Fine Arts, Graphic Design, Multimedia, Textile Design""}]","[{""degree"": ""Bachelor's Degree"", ""fields_of_study"": ""Accountancy, Architecture, Banking, Biochemistry, Botany, Business Administration, Business and Commerce, Chemical Engineering, Chemistry, Computer Science, Design, Economics, Education, Electrical Engineering, English, Environmental Studies, Finance, Fine Arts, Geography (Human), Graphic Design, History, Hotel and Restaurant, Hotel Management, Information Technology, International Relations and Diplomacy, Islamic Studies, Law, Mass Communication, Mathematics, Mechanical Engineering, Media Studies, Multimedia, Physics, Political Sciences, Psychology, Sociology, Software Engineering, Statistics, Textile Design, Translation and Interpretation, Zoology""}, {""degree"": ""Master's Degree/ M. Phil"", ""fields_of_study"": ""Biochemistry, Botany, Business Administration, Chemical Engineering, Chemistry, Computer Science, Economics, Education, Electrical Engineering, Energy Engineering, English, Environmental Studies, Fine Arts, Geography (Human), History, Information Technology, Law, Linguistics, Literature, Mass Communication, Mathematics, Physics, Political Sciences, Psychology, Sociology, Sports, Statistics, Translation and Interpretation, Zoology""}, {""degree"": ""PhD"", ""fields_of_study"": ""Biochemistry, Botany, Chemical Engineering, Chemistry, Computer Science, Economics, Education, English, Environmental Studies, History, Islamic Studies, Management, Mass Communication, Mathematics, Physics, Political Sciences, Zoology""}]","[""Pakistan Journal of Languages and Translation Studies (PJLTS)"", ""The Pakistan Journal of Social Issues""]",30-01-2018,2026-04-06T14:52:56.633549,
IAU-024894,University of Haripur,,False,Pakistan,https://www.whed.net/institutions/IAU-024894,https://whed.net/detail_institution.php?KDo2MF0sQzBYLjMwYApgCg==,Haripur,22620,Hattar Road Near Swat Chowk,http://www.uoh.edu.pk,Public,Founded in 2008,,,,English,"Higher Education Commission, Pakistan",,,,,"[{""role"": ""Head"", ""name"": ""Abid Farid"", ""job_title"": ""Vice Chancellor""}]","[{""type"": ""Faculty"", ""name"": ""Basic and Applied Sciences"", ""fields_of_study"": ""Agriculture, Environmental Studies, Forestry, Geology, Information Technology, Laboratory Techniques, Mathematics, Microbiology, Public Health, Wildlife""}, {""type"": ""Faculty"", ""name"": ""Social and Administrative Sciences"", ""fields_of_study"": ""Economics, Education, Islamic Studies, Management, Psychology""}]","[{""degree"": ""Bachelor's Degree"", ""fields_of_study"": ""Agriculture, Computer Science, Economics, Education, Environmental Studies, Forestry, Geology, Information Technology, Islamic Studies, Laboratory Techniques, Management, Microbiology, Psychology, Software Engineering, Wildlife""}, {""degree"": ""Master's Degree/ M. Phil"", ""fields_of_study"": ""Agriculture, Computer Science, Economics, Education, Environmental Studies, Forestry, Information Technology, Islamic Studies, Laboratory Techniques, Management, Psychology, Public Health, Wildlife""}, {""degree"": ""PhD"", ""fields_of_study"": ""Agriculture, Education, Environmental Studies, Information Technology, Laboratory Techniques, Microbiology, Psychology""}]","[""Haripur Journal of Educational Research (HJER)"", ""Journal of Islamic & Religious Studies (JIRS)"", ""Journal of Management (UOHJM)""]",30-01-2018,2026-04-06T14:53:02.074602,
IAU-020182,University of Health Sciences Lahore,UHS,False,Pakistan,https://www.whed.net/institutions/IAU-020182,https://whed.net/detail_institution.php?KDo2MF0sQ2BRLiMoYApgCg==,Lahore,54600,Khayaban-e-Jamia Punjab,https://www.uhs.edu.pk,Public,Founded in 2002,January to December,,,English,"HEC, Pakistan; Pakistan Medical and Dental Council",,co-ed,,,"[{""role"": ""Head"", ""name"": ""Ahsan Waheed Rathore"", ""job_title"": ""Vice-Chancellor""}, {""role"": ""Senior Administrative Officer"", ""name"": ""Kiran Fatima"", ""job_title"": ""Registrar""}]","[{""type"": ""Department/Division"", ""name"": ""Anatomy"", ""fields_of_study"": ""Anatomy""}, {""type"": ""Department/Division"", ""name"": ""Biochemistry"", ""fields_of_study"": ""Biochemistry""}, {""type"": ""Department/Division"", ""name"": ""Chemical Pathology"", ""fields_of_study"": ""Pathology""}, {""type"": ""Department/Division"", ""name"": ""Family Medicine"", ""fields_of_study"": ""Public Health""}, {""type"": ""Department/Division"", ""name"": ""Forensic Sciences"", ""fields_of_study"": ""Forensic Medicine and Dentistry""}, {""type"": ""Department/Division"", ""name"": ""Haematology"", ""fields_of_study"": ""Haematology""}, {""type"": ""Department/Division"", ""name"": ""Human Genetics and Molecular Biology"", ""fields_of_study"": ""Biotechnology, Genetics, Molecular Biology""}, {""type"": ""Department/Division"", ""name"": ""Immunology"", ""fields_of_study"": ""Immunology""}, {""type"": ""Department/Division"", ""name"": ""Microbiology"", ""fields_of_study"": ""Microbiology""}, {""type"": ""Department/Division"", ""name"": ""Morbid Anatomy and Histopathology"", ""fields_of_study"": ""Pathology""}, {""type"": ""Department/Division"", ""name"": ""Nursing and Postgraduate Education"", ""fields_of_study"": ""Nursing""}, {""type"": ""Department/Division"", ""name"": ""Oral Biology"", ""fields_of_study"": ""Biology""}, {""type"": ""Department/Division"", ""name"": ""Oral pathology"", ""fields_of_study"": ""Oral Pathology""}, {""type"": ""Department/Division"", ""name"": ""Pharmacology"", ""fields_of_study"": ""Pharmacy""}, {""type"": ""Department/Division"", ""name"": ""Physiology"", ""fields_of_study"": ""Physiology""}, {""type"": ""Institute"", ""name"": ""Biomedical and Allied Health Sciences"", ""fields_of_study"": ""Health Sciences, Medical Technology""}, {""type"": ""Institute"", ""name"": ""Learning Emergency Medicine"", ""fields_of_study"": ""Medicine""}]","[{""degree"": ""Bachelor's Degree"", ""fields_of_study"": ""Anaesthesiology, Anatomy, Biochemistry, Biology, Biotechnology, Cardiology, Dentistry, Dermatology, Diabetology, Endocrinology, Epidemiology, Forensic Medicine and Dentistry, Gastroenterology, Genetics, Gerontology, Haematology, Health Sciences, Hepatology, Immunology, Medical Parasitology, Medical Technology, Medicine, Microbiology, Midwifery, Molecular Biology, Nephrology, Neurology, Nursing, Nutrition, Obstetrics and Gynaecology, Oncology, Ophthalmology, Optometry, Oral Pathology, Orthopaedics, Otorhinolaryngology, Paediatrics, Pathology, Pharmacy, Physiology, Plastic Surgery, Pneumology, Podiatry, Psychiatry and Mental Health, Public Health, Rehabilitation and Therapy, Rheumatology, Surgery, Traditional and Complementary Medicine and Therapy, Treatment Techniques, Tropical Medicine, Urology, Venereology, Virology""}, {""degree"": ""Master's Degree/ M. Phil"", ""fields_of_study"": ""Anaesthesiology, Anatomy, Biochemistry, Biology, Biotechnology, Cardiology, Dentistry, Dermatology, Diabetology, Endocrinology, Forensic Medicine and Dentistry, Gastroenterology, Genetics, Gerontology, Haematology, Health Administration, Health Sciences, Hepatology, Immunology, Medical Auxiliaries, Medical Parasitology, Medical Technology, Medicine, Microbiology, Molecular Biology, Nephrology, Neurology, Nursing, Obstetrics and Gynaecology, Oncology, Ophthalmology, Optometry, Oral Pathology, Orthopaedics, Otorhinolaryngology, Paediatrics, Pathology, Pharmacy, Physiology, Plastic Surgery, Podiatry, Psychiatry and Mental Health, Public Health, Rehabilitation and Therapy, Rheumatology, Surgery, Traditional and Complementary Medicine and Therapy, Tropical Medicine, Urology, Venereology""}, {""degree"": ""PhD"", ""fields_of_study"": ""Anatomy, Biochemistry, Forensic Medicine and Dentistry, Genetics, Microbiology, Molecular Biology, Oral Pathology, Pharmacy, Physiology""}]",[],30-01-2018,2026-04-06T14:53:06.306974,
IAU-020209,University of Karachi,KU,False,Pakistan,https://www.whed.net/institutions/IAU-020209,https://whed.net/detail_institution.php?KDo2MF0sQ2BSLCNEYApgCg==,Karachi,75270,Main University Road,http://www.uok.edu.pk,Public,Founded in 1950,January to December,Intermediate or higher secondary certificate,,English;Urdu,"Higher Education Commission, Pakistan",,co-ed,,,"[{""role"": ""Head"", ""name"": ""Muhammad Ajmal Khan"", ""job_title"": ""Vice-Chancellor""}, {""role"": ""Senior Administrative Officer"", ""name"": ""Nabeel Ahmed Zubairi"", ""job_title"": ""Registrar""}]","[{""type"": ""Faculty"", ""name"": ""Education"", ""fields_of_study"": ""Education, Special Education, Teacher Training""}, {""type"": ""Faculty"", ""name"": ""Engineering"", ""fields_of_study"": ""Chemical Engineering""}, {""type"": ""Faculty"", ""name"": ""Islamic Studies"", ""fields_of_study"": ""Islamic Studies, Islamic Theology""}, {""type"": ""Faculty"", ""name"": ""Law"", ""fields_of_study"": ""Law""}, {""type"": ""Faculty"", ""name"": ""Management and Administrative Sciences"", ""fields_of_study"": ""Business Administration, Business and Commerce, Public Administration""}, {""type"": ""Faculty"", ""name"": ""Medicine"", ""fields_of_study"": ""Medicine""}, {""type"": ""Faculty"", ""name"": ""Pharmacy"", ""fields_of_study"": ""Pharmacology, Pharmacy""}, {""type"": ""Faculty"", ""name"": ""Science"", ""fields_of_study"": ""Agricultural Business, Agriculture, Applied Chemistry, Applied Physics, Biochemistry, Biotechnology, Botany, Chemistry, Computer Science, Food Science, Food Technology, Genetics, Geography, Geology, Mathematics, Microbiology, Petroleum and Gas Engineering, Physical Education, Physics, Physiology, Statistics, Zoology""}, {""type"": ""Faculty"", ""name"": ""Social Sciences"", ""fields_of_study"": ""Arabic, Criminology, Economics, Education, English, History, Indic Languages, Indigenous Studies, Information Sciences, International Relations and Diplomacy, Islamic Studies, Library Science, Mass Communication, Philosophy, Political Sciences, Psychology, Social Work, Sociology, Urdu, Visual Arts""}]","[{""degree"": ""Bachelor's Degree"", ""fields_of_study"": ""Agricultural Business, Agriculture, Applied Chemistry, Applied Physics, Arabic, Biochemistry, Biotechnology, Botany, Business Administration, Business and Commerce, Chemical Engineering, Chemistry, Computer Science, Criminology, Economics, Education, English, Food Science, Food Technology, Genetics, Geography, Geology, History, Indic Languages, Indigenous Studies, Information Sciences, International Relations and Diplomacy, Islamic Studies, Islamic Theology, Law, Library Science, Mass Communication, Mathematics, Medicine, Microbiology, Petroleum and Gas Engineering, Pharmacology, Pharmacy, Philosophy, Physical Education, Physics, Physiology, Political Sciences, Psychology, Public Administration, Social Work, Sociology, Special Education, Statistics, Teacher Training, Urdu, Visual Arts, Zoology""}, {""degree"": ""Master's Degree/ M. Phil"", ""fields_of_study"": ""Agricultural Business, Agriculture, Applied Chemistry, Applied Physics, Arabic, Biochemistry, Biotechnology, Botany, Business Administration, Business and Commerce, Chemistry, Computer Science, Criminology, Economics, Education, English, Food Science, Food Technology, Genetics, Geography, Geology, History, Indic Languages, Indigenous Studies, Information Sciences, International Relations and Diplomacy, Islamic Studies, Islamic Theology, Law, Library Science, Mass Communication, Mathematics, Medicine, Microbiology, Petroleum and Gas Engineering, Pharmacology, Pharmacy, Philosophy, Physical Education, Physics, Physiology, Political Sciences, Psychology, Public Administration, Social Work, Sociology, Special Education, Statistics, Urdu, Zoology""}, {""degree"": ""PhD"", ""fields_of_study"": ""Agricultural Business, Agriculture, Applied Chemistry, Arabic, Biochemistry, Biotechnology, Botany, Chemistry, Computer Science, Criminology, Education, English, Food Science, Food Technology, Geography, Geology, History, Indic Languages, Indigenous Studies, Information Sciences, International Relations and Diplomacy, Islamic Studies, Islamic Theology, Law, Library Science, Mass Communication, Mathematics, Medicine, Microbiology, Pharmacology, Pharmacy, Philosophy, Physics, Political Sciences, Psychology, Public Administration, Social Work, Sociology, Special Education, Statistics, Urdu, Zoology""}]","[""Journal of Botany"", ""Journal of Pharmaceutical Science"", ""Journal of Pharmacology"", ""Journal of Science"", ""Karachi University Journal of Islamic Studies"", ""Karachi University Journal of Mass Communication"", ""Karachi University Journal of Social Sciences"", ""The Islamic Culture""]",17-05-2018,2026-04-06T14:53:11.993884,
IAU-028203,University of Kotli Azad Jammu and Kashmir,,False,Pakistan,https://www.whed.net/institutions/IAU-028203,https://whed.net/detail_institution.php?KDo2MF0sQ0BSLCMsYApgCg==,Kotli,,Village Kurti,http://www.uokajk.edu.pk,Public,Created 2014. Was previously the University College of Administrative Sciences Kotli and Faculty of Administrative Sciences Kotli when it was part of University of Azad Jammu and Kashmir (created 2008) and was accredited as fully-fledged university in 2014.,,,,English,"Higher Education Commission, Pakistan",,,,,"[{""role"": ""Head"", ""name"": ""Syed Dilnawaz Ahmed Gardezi"", ""job_title"": ""Vice-Chancellor""}, {""role"": ""Senior Administrative Officer"", ""name"": ""Faheem Ghazanfar"", ""job_title"": ""Registrar""}]","[{""type"": ""Faculty"", ""name"": ""Computing and Engineering"", ""fields_of_study"": ""Architecture, Artificial Intelligence, Computer Science, Data Processing, Information Management, Information Technology, Software Engineering, Town Planning""}, {""type"": ""Faculty"", ""name"": ""Management Sciences"", ""fields_of_study"": ""Banking, Business Administration, Business and Commerce, Finance, Public Administration""}, {""type"": ""Faculty"", ""name"": ""Sciences"", ""fields_of_study"": ""Biotechnology, Botany, Chemistry, Mathematics, Physics, Zoology""}, {""type"": ""Faculty"", ""name"": ""Social Sciences and Humanities"", ""fields_of_study"": ""Economics, Education, English, Law""}]","[{""degree"": ""Bachelor's Degree"", ""fields_of_study"": ""Biotechnology, Botany, Business Administration, Business and Commerce, Chemistry, Computer Science, Economics, Education, Finance, Information Technology, Management, Mathematics, Physics, Software Engineering, Zoology""}, {""degree"": ""Master's Degree/ M. Phil"", ""fields_of_study"": ""Biotechnology, Botany, Business Administration, Business and Commerce, Chemistry, Computer Science, Economics, Education, English, Management, Mathematics, Physics, Sociology, Statistics, Zoology""}, {""degree"": ""PhD"", ""fields_of_study"": ""Biotechnology, Economics, Management""}]",[],16-09-2021,2026-04-06T14:53:16.906801,
IAU-024896,University of Loralai,UOLi,False,Pakistan,https://www.whed.net/institutions/IAU-024896,https://whed.net/detail_institution.php?KDo2MF0sQzBYLjM4YApgCg==,Loralai,84800,College Road,http://www.uoli.edu.pk,Public,Founded in 2012,,,,English,"Higher Education Commission, Pakistan",,,,,"[{""role"": ""Head"", ""name"": ""Abullah Khan"", ""job_title"": ""Vice Chancellor""}, {""role"": ""Senior Administrative Officer"", ""name"": ""Abdul Quddus Babar"", ""job_title"": ""Registrar""}]","[{""type"": ""Department/Division"", ""name"": ""Commerce"", ""fields_of_study"": ""Business Administration, Business and Commerce""}, {""type"": ""Department/Division"", ""name"": ""Computer Sciences"", ""fields_of_study"": ""Computer Science""}, {""type"": ""Department/Division"", ""name"": ""Education"", ""fields_of_study"": ""Education""}, {""type"": ""Department/Division"", ""name"": ""Management Sciences"", ""fields_of_study"": ""Management, Marketing""}]","[{""degree"": ""Bachelor's Degree"", ""fields_of_study"": ""Business Administration, Business and Commerce, Computer Science, Education, Management""}, {""degree"": ""Master's Degree/ M. Phil"", ""fields_of_study"": ""Business Administration, Business and Commerce, Computer Science, Education, Management""}]",[],30-01-2018,2026-04-06T14:53:19.763168,
IAU-020267,University of Malakand,UoM,False,Pakistan,https://www.whed.net/institutions/IAU-020267,https://whed.net/detail_institution.php?KDo2MF0sQ2BSLUM8YApgCg==,Malakand,,"Chakdara, Dir Lower",http://www.uom.edu.pk,Public,Founded in 2001,,,,English,"Higher Education Commission, Pakistan",,,,,"[{""role"": ""Head"", ""name"": ""Rahmat Ali Khan Khan"", ""job_title"": ""Vice-Chancellor""}, {""role"": ""Senior Administrative Officer"", ""name"": ""Syed Muhammad Jamal"", ""job_title"": ""Registrar""}]","[{""type"": ""Department/Division"", ""name"": ""Archaeology"", ""fields_of_study"": ""Archaeology""}, {""type"": ""Department/Division"", ""name"": ""Biotechnology"", ""fields_of_study"": ""Biotechnology""}, {""type"": ""Department/Division"", ""name"": ""Botany"", ""fields_of_study"": ""Botany""}, {""type"": ""Department/Division"", ""name"": ""Chemistry"", ""fields_of_study"": ""Chemistry""}, {""type"": ""Department/Division"", ""name"": ""Computer Science and Information Technology"", ""fields_of_study"": ""Computer Science, Information Technology""}, {""type"": ""Department/Division"", ""name"": ""Economics"", ""fields_of_study"": ""Economics""}, {""type"": ""Department/Division"", ""name"": ""Education"", ""fields_of_study"": ""Education""}, {""type"": ""Department/Division"", ""name"": ""English"", ""fields_of_study"": ""English, Linguistics, Literature""}, {""type"": ""Department/Division"", ""name"": ""Geology"", ""fields_of_study"": ""Geology""}, {""type"": ""Department/Division"", ""name"": ""Islamic Studies"", ""fields_of_study"": ""Islamic Studies""}, {""type"": ""Department/Division"", ""name"": ""Journalism and Mass Communication"", ""fields_of_study"": ""Journalism, Mass Communication""}, {""type"": ""Department/Division"", ""name"": ""Law"", ""fields_of_study"": ""Law""}, {""type"": ""Department/Division"", ""name"": ""Management Studies"", ""fields_of_study"": ""Business Administration, Management""}, {""type"": ""Department/Division"", ""name"": ""Mathematics"", ""fields_of_study"": ""Mathematics""}, {""type"": ""Department/Division"", ""name"": ""Pashto"", ""fields_of_study"": ""Oriental Languages""}, {""type"": ""Department/Division"", ""name"": ""Pharmacy"", ""fields_of_study"": ""Pharmacy""}, {""type"": ""Department/Division"", ""name"": ""Physics"", ""fields_of_study"": ""Physics""}, {""type"": ""Department/Division"", ""name"": ""Political Sciences"", ""fields_of_study"": ""Political Sciences""}, {""type"": ""Department/Division"", ""name"": ""Psychology"", ""fields_of_study"": ""Psychology""}, {""type"": ""Department/Division"", ""name"": ""Sociology and Social Work"", ""fields_of_study"": ""Sociology""}, {""type"": ""Department/Division"", ""name"": ""Software Engineering"", ""fields_of_study"": ""Software Engineering""}, {""type"": ""Department/Division"", ""name"": ""Statistics"", ""fields_of_study"": ""Statistics""}, {""type"": ""Department/Division"", ""name"": ""Tourism and Hotel Management"", ""fields_of_study"": ""Hotel and Restaurant, Tourism""}, {""type"": ""Department/Division"", ""name"": ""Zoology"", ""fields_of_study"": ""Zoology""}]","[{""degree"": ""Bachelor's Degree"", ""fields_of_study"": ""Biotechnology, Botany, Business Administration, Chemistry, Computer Science, Economics, Education, English, Geology, Information Technology, Islamic Studies, Law, Mathematics, Pharmacy, Sociology, Software Engineering, Statistics, Zoology""}, {""degree"": ""Master's Degree/ M. Phil"", ""fields_of_study"": ""Archaeology, Chemistry, Computer Science, Economics, Education, English, Hotel and Restaurant, Islamic Studies, Journalism, Management, Mathematics, Oriental Languages, Pharmacy, Political Sciences, Psychology, Social Work, Sociology, Statistics, Tourism, Zoology""}, {""degree"": ""PhD"", ""fields_of_study"": ""Chemistry, Computer Science, Islamic Studies, Pharmacy""}]",[],30-01-2018,2026-04-06T14:53:24.256274,
IAU-020274,University of Management and Technology,UMT,True,Pakistan,https://www.whed.net/institutions/IAU-020274,https://whed.net/detail_institution.php?KDo2MF0sQ2BSLVMwYApgCg==,Lahore,54770,"C-II, Johar Town",https://www.umt.edu.pk,Private,Created in 1990,,,,English,"Higher Education Commission, Pakistan",,co-ed,21296,2023-2024,"[{""role"": ""Head"", ""name"": ""Ibrahim Hasan Murad"", ""job_title"": ""President""}, {""role"": ""Senior Administrative Officer"", ""name"": ""Saleem Ata"", ""job_title"": ""Registrar""}, {""role"": ""International Relations Officer"", ""name"": ""Muttaqi Armaan Malik"", ""job_title"": ""Director Internationlization and Outreach""}]","[{""type"": ""Institute"", ""name"": ""Aviation Studies"", ""fields_of_study"": ""Aeronautical and Aerospace Engineering""}, {""type"": ""Institute"", ""name"": ""Economic Policy Research"", ""fields_of_study"": ""Economic and Finance Policy""}, {""type"": ""Institute"", ""name"": ""Islamic Banking"", ""fields_of_study"": ""Banking""}, {""type"": ""Institute"", ""name"": ""Islamic Perspective and Guidance"", ""fields_of_study"": ""Islamic Studies""}, {""type"": ""Institute"", ""name"": ""Liberal Arts"", ""fields_of_study"": ""English, Literature, Writing""}, {""type"": ""School"", ""name"": ""Advanced Studies"", ""fields_of_study"": ""Anthropology""}, {""type"": ""School"", ""name"": ""Architecture and Planning"", ""fields_of_study"": ""Architecture, Regional Planning, Rural Planning, Town Planning""}, {""type"": ""School"", ""name"": ""Commerce and Accountancy"", ""fields_of_study"": ""Accountancy, Business and Commerce""}, {""type"": ""School"", ""name"": ""Design and Textiles"", ""fields_of_study"": ""Fashion Design, Fine Arts, Textile Design, Textile Technology""}, {""type"": ""School"", ""name"": ""Dr. Hassan Murad - School of Management"", ""fields_of_study"": ""Economics, Finance, Management, Marketing, Retailing and Wholesaling""}, {""type"": ""School"", ""name"": ""Engineering"", ""fields_of_study"": ""Civil Engineering, Electrical Engineering, Energy Engineering, Engineering Management, Industrial Engineering, Mechanical Engineering""}, {""type"": ""School"", ""name"": ""Food and Agricultural Sciences"", ""fields_of_study"": ""Agricultural Business, Agricultural Management, Dairy, Food Science""}, {""type"": ""School"", ""name"": ""Governance and Society"", ""fields_of_study"": ""Public Administration""}, {""type"": ""School"", ""name"": ""Health Sciences"", ""fields_of_study"": ""Dental Hygiene, Dental Technology, Dietetics, Medical Technology, Nutrition, Optometry, Physical Therapy, Speech Therapy and Audiology""}, {""type"": ""School"", ""name"": ""Law and Policy"", ""fields_of_study"": ""Commercial Law, Law""}, {""type"": ""School"", ""name"": ""Media and Communication Studies"", ""fields_of_study"": ""Advertising and Publicity, Communication Studies, Film, Journalism, Radio and Television Broadcasting, Theatre""}, {""type"": ""School"", ""name"": ""Pharmacy"", ""fields_of_study"": ""Medicine, Pharmacy""}, {""type"": ""School"", ""name"": ""Professional Advancement"", ""fields_of_study"": ""Banking, Finance, Human Resources, Information Technology, Management, Marketing""}, {""type"": ""School"", ""name"": ""Professional Psychology"", ""fields_of_study"": ""Clinical Psychology, Psychiatry and Mental Health""}, {""type"": ""School"", ""name"": ""Science"", ""fields_of_study"": ""Biochemistry, Biotechnology, Chemistry, Mathematics, Physics""}, {""type"": ""School"", ""name"": ""Social Sciences and Humanities"", ""fields_of_study"": ""Clinical Psychology, Education, International Relations and Diplomacy, Islamic Studies, Media Studies, Political Sciences, Social Sciences""}, {""type"": ""School"", ""name"": ""Systems and Technology"", ""fields_of_study"": ""Architecture, Computer Science, Mathematics, Software Engineering""}]","[{""degree"": ""Bachelor's Degree"", ""fields_of_study"": ""Accountancy, Aeronautical and Aerospace Engineering, Agricultural Management, Anthropology, Architecture, Biochemistry, Biotechnology, Business Administration, Chemistry, Civil Engineering, Computer Science, Dairy, Dental Hygiene, Dental Technology, Dietetics, Economics, Education, Educational Sciences, Electrical Engineering, Energy Engineering, Engineering, Engineering Management, Fashion Design, Finance, Fine Arts, Food Science, Gender Studies, Graphic Design, History, Human Resources, Industrial Engineering, Interior Design, Law, Literature, Marketing, Mathematics, Mechanical Engineering, Medical Technology, Natural Sciences, Nutrition, Optometry, Philosophy, Physical Therapy, Physics, Preschool Education, Public Administration, Regional Planning, Rural Planning, Software Engineering, Speech Therapy and Audiology, Textile Design, Town Planning""}, {""degree"": ""Master's Degree/ M. Phil"", ""fields_of_study"": ""Advertising and Publicity, Agricultural Business, Architecture, Arts and Humanities, Biochemistry, Biotechnology, Business Administration, Chemistry, Civil Engineering, Computer Science, Dairy, Education, Electrical Engineering, Energy Engineering, Engineering, Engineering Management, English, Food Science, Gender Studies, Human Resources, Industrial Engineering, Information Technology, International Relations and Diplomacy, Islamic Studies, Law, Linguistics, Management, Marketing, Mass Communication, Mathematics, Mechanical Engineering, Natural Sciences, Political Sciences, Psychology, Public Administration, Regional Planning, Rural Planning, Social Sciences, Sociology, Special Education, Town Planning, Vocational Counselling""}, {""degree"": ""PhD"", ""fields_of_study"": ""Architecture, Banking, Chemistry, Civil Engineering, Clinical Psychology, Computer Science, Education, Electrical Engineering, Energy Engineering, Engineering Management, Industrial Engineering, Information Technology, International Relations and Diplomacy, Islamic Studies, Literature, Management, Mass Communication, Mathematics, Mechanical Engineering, Physics, Political Sciences, Psychology, Software Engineering, Special Education, Statistics, Textile Design, Textile Technology""}]","[""Current Trends in OMICS"", ""Empirical Economic Review"", ""Innovative Computing Review"", ""Islamic Banking and Finance Review"", ""Journal of Applied Research and Multidisciplinary Studies"", ""Journal of Art, Architecture and Built Environment"", ""Journal of Communication and Cultural Trends"", ""Journal of Finance and Accounting Research"", ""Journal of Islamic Thought and Civilization"", ""Journal of Management and Research"", ""Journal of Quantitative Methods"", ""Linguistics and Literature Review"", ""Scientific Inquiry and Review"", ""UMT Artificial Intelligence Review"", ""UMT Education Review""]",17-09-2024,2026-04-06T14:53:29.174882,
IAU-031041,University of Okara,,False,Pakistan,https://www.whed.net/institutions/IAU-031041,https://whed.net/detail_institution.php?KDo2MF0sUyRQLSMkYApgCg==,Okara,,2 KM Multan Road Renala Khurd Bypass,https://www.uo.edu.pk,Public,Created 2016,,,,English,"HEC, Pakistan",,,,,"[{""role"": ""Head"", ""name"": ""Sajjad Mubin"", ""job_title"": ""Vice-Chancellor""}]","[{""type"": ""Faculty"", ""name"": ""Computing"", ""fields_of_study"": ""Computer Engineering, Computer Science, Information Technology, Software Engineering""}, {""type"": ""Faculty"", ""name"": ""Education"", ""fields_of_study"": ""Education, Foreign Languages Education, Science Education, Special Education""}, {""type"": ""Faculty"", ""name"": ""Environmental and Agricultural Sciences"", ""fields_of_study"": ""Agriculture, Aquaculture, Environmental Studies, Fishery""}, {""type"": ""Faculty"", ""name"": ""Health Sciences"", ""fields_of_study"": ""Psychology, Public Health""}, {""type"": ""Faculty"", ""name"": ""Life Sciences"", ""fields_of_study"": ""Genetics, Microbiology, Molecular Biology""}, {""type"": ""Faculty"", ""name"": ""Management and Social Sciences"", ""fields_of_study"": ""Accountancy, Business and Commerce, Economics, Finance, Management, Public Administration, Social Sciences""}, {""type"": ""Faculty"", ""name"": ""Sciences"", ""fields_of_study"": ""Chemistry, Mathematics, Physics, Statistics""}]","[{""degree"": ""Bachelor's Degree"", ""fields_of_study"": ""Accountancy, Business and Commerce, Economics, Education, English, Environmental Studies, Finance, Foreign Languages Education, Graphic Design, Information Technology, Mathematics, Microbiology, Painting and Drawing, Physics, Public Administration, Science Education, Social Work, Sociology, Special Education""}, {""degree"": ""Master's Degree/ M. Phil"", ""fields_of_study"": ""Fishery, Management, Mathematics, Microbiology, Physics, Sociology""}, {""degree"": ""PhD"", ""fields_of_study"": ""Mathematics, Physics""}]",[],04-11-2025,2026-04-06T14:53:34.030661,
IAU-020427,University of Peshawar,UOP,False,Pakistan,https://www.whed.net/institutions/IAU-020427,https://whed.net/detail_institution.php?KDo2MF0sQ2BULEM8YApgCg==,Peshawar,,Old Jamrud Road,http://www.uop.edu.pk,Public,Founded in 1950,,"Higher secondary certificate, at least second class (Pre-medical or Pre-engineering)",,English,"Higher Education Commission, Pakistan",,co-ed,,,"[{""role"": ""Head"", ""name"": ""Johar Ali"", ""job_title"": ""Vice-Chancellor""}, {""role"": ""Senior Administrative Officer"", ""name"": ""Yorid Ahsan Zia"", ""job_title"": ""Registrar""}]","[{""type"": ""College"", ""name"": ""Jinnah College for Women"", ""fields_of_study"": ""Chemistry, Economics""}, {""type"": ""Faculty"", ""name"": ""Arts and Humanities"", ""fields_of_study"": ""Archaeology, Design, English, Fine Arts, History, Linguistics, Philosophy""}, {""type"": ""Faculty"", ""name"": ""Islamic and Oriental Studies"", ""fields_of_study"": ""Arabic, Islamic Studies, Persian, Urdu""}, {""type"": ""Faculty"", ""name"": ""Life and Environmental Sciences"", ""fields_of_study"": ""Biotechnology, Botany, Chemistry, Environmental Engineering, Environmental Management, Geography, Geology, Microbiology, Pharmacy, Plant and Crop Protection, Regional Planning, Town Planning, Zoology""}, {""type"": ""Faculty"", ""name"": ""Management and Information Sciences"", ""fields_of_study"": ""Business and Commerce, Home Economics, Information Sciences, Journalism, Library Science, Management, Mass Communication""}, {""type"": ""Faculty"", ""name"": ""Numerical and Physical Sciences"", ""fields_of_study"": ""Computer Science, Electronic Engineering, Mathematics, Physics, Statistics""}, {""type"": ""Faculty"", ""name"": ""Oriental Languages"", ""fields_of_study"": ""Oriental Languages, Persian, Urdu""}, {""type"": ""Faculty"", ""name"": ""Social Sciences"", ""fields_of_study"": ""Anthropology, Criminology, Economics, Education, Gender Studies, International Relations and Diplomacy, Law, Peace and Disarmament, Political Sciences, Psychology, Regional Studies, Social Work, Sociology""}]","[{""degree"": ""Bachelor's Degree"", ""fields_of_study"": ""Biotechnology, Botany, Business and Commerce, Chemistry, Computer Science, Criminology, Design, Economics, Education, Electronic Engineering, Environmental Engineering, Environmental Management, Fine Arts, Gender Studies, Geography, Geology, Home Economics, Information Sciences, International Relations and Diplomacy, Islamic Studies, Law, Linguistics, Management, Mass Communication, Mathematics, Microbiology, Oriental Languages, Persian, Pharmacy, Physics, Plant and Crop Protection, Political Sciences, Psychology, Regional Planning, Social Work, Sociology, Statistics, Town Planning, Urdu, Zoology""}, {""degree"": ""Master's Degree/ M. Phil"", ""fields_of_study"": ""Anthropology, Arabic, Archaeology, Biotechnology, Botany, Business and Commerce, Chemistry, Computer Science, Criminology, Economics, Electronic Engineering, English, Environmental Engineering, Environmental Management, Gender Studies, Geography, Geology, History, Information Sciences, International Relations and Diplomacy, Islamic Studies, Law, Linguistics, Management, Mass Communication, Mathematics, Microbiology, Oriental Languages, Peace and Disarmament, Persian, Philosophy, Physics, Plant and Crop Protection, Psychology, Regional Studies, Statistics, Town Planning, Urdu, Zoology""}, {""degree"": ""PhD"", ""fields_of_study"": ""Arabic, Archaeology, Biotechnology, Botany, Chemistry, Computer Science, Criminology, Economics, Electronic Engineering, English, Environmental Engineering, Environmental Management, Geography, Geology, History, Information Sciences, International Relations and Diplomacy, Islamic Studies, Library Science, Linguistics, Mass Communication, Mathematics, Microbiology, Oriental Languages, Peace and Disarmament, Persian, Philosophy, Physics, Plant and Crop Protection, Psychology, Regional Planning, Regional Studies, Statistics, Town Planning, Urdu, Zoology""}]","[""International Journal of Library and Information Science (IJLIS)"", ""Journal of Himalayan Earth Sciences (JHES)"", ""Journal of Humanities and Social Sciences"", ""Journal of Science and Technology"", ""Pakistan Journal of Peace and Conflict Studies (PJPCS)"", ""Peshawar University Journal""]",30-01-2018,2026-04-06T14:53:38.339981,
IAU-030600,University of Poonch Rawalakot,University of Poonch (UPR,False,Pakistan,https://www.whed.net/institutions/IAU-030600,https://whed.net/detail_institution.php?KDo2MF0sU2BWLCNgYApgCg==,Poonch,,"B-65, Housing Scheme Rawalakot (Azad Kashmir)",https://upr.edu.pk,Public,Founded 2014,,,,English,"Higher Education Commission, Pakistan",,,8000,2024-2025,"[{""role"": ""Head"", ""name"": ""Ghulam Asghar"", ""job_title"": ""Vice Chancellor""}, {""role"": ""Senior Administrative Officer"", ""name"": ""Abdul Rauf Khan"", ""job_title"": ""Registrar""}]","[{""type"": ""Campus"", ""name"": ""Kahuta"", ""fields_of_study"": ""Botany, Computer Science, Education, English, Mathematics""}, {""type"": ""Campus"", ""name"": ""Mong"", ""fields_of_study"": ""Education, English, Geology""}, {""type"": ""Faculty"", ""name"": ""Agriculture"", ""fields_of_study"": ""Agricultural Economics, Agriculture, Agronomy, Entomology, Environmental Studies, Food Science, Food Technology, Genetics, Horticulture, Molecular Biology, Plant Pathology, Soil Science""}, {""type"": ""Faculty"", ""name"": ""Basic and Applied Sciences"", ""fields_of_study"": ""Botany, Chemistry, Computer Science, Earth Sciences, Information Technology, Mathematics, Physics, Statistics, Zoology""}, {""type"": ""Faculty"", ""name"": ""Engineering and Technology"", ""fields_of_study"": ""Electrical Engineering""}, {""type"": ""Faculty"", ""name"": ""Management, Humanities and Social Sciences"", ""fields_of_study"": ""Business Administration, Business and Commerce, Economics, Education, English, Fine Arts, Hotel and Restaurant, International Relations and Diplomacy, Islamic Studies, Political Sciences, Psychology, Sociology, Tourism""}, {""type"": ""Faculty"", ""name"": ""Medical and Health Sciences"", ""fields_of_study"": ""Medical Technology, Pharmacy, Physical Education, Sports, Surgery, Traditional Eastern Medicine""}, {""type"": ""Faculty"", ""name"": ""Veterinary and Animal Sciences"", ""fields_of_study"": ""Biology, Cattle Breeding, Meat and Poultry, Veterinary Science""}]","[{""degree"": ""Bachelor's Degree"", ""fields_of_study"": ""Accountancy, Agricultural Economics, Agriculture, Agronomy, Animal Husbandry, Artificial Intelligence, Biochemistry, Biomedical Engineering, Biotechnology, Botany, Business Administration, Business and Commerce, Chemistry, Computer Engineering, Computer Science, Cybersecurity, Dietetics, E-Business/Commerce, Economics, Education, Electrical Engineering, English, Entomology, Environmental Studies, Finance, Forestry, Genetics, Geology, Horticulture, International Relations and Diplomacy, Islamic Studies, Law, Mathematics, Meat and Poultry, Microbiology, Molecular Biology, Nutrition, Physical Education, Physics, Plant Pathology, Psychology, Secondary Education, Sociology, Software Engineering, Sports, Surgery, Technology, Traditional Eastern Medicine, Urdu, Wildlife, Zoology""}, {""degree"": ""Master's Degree/ M. Phil"", ""fields_of_study"": ""Agriculture, Agronomy, Animal Husbandry, Botany, Cattle Breeding, Chemistry, Computer Science, Dairy, Dietetics, Electrical Engineering, Entomology, Food Science, Food Technology, Genetics, Horticulture, Islamic Studies, Management, Mathematics, Molecular Biology, Nutrition, Parasitology, Pathology, Pharmacy, Physics, Plant Pathology, Traditional Eastern Medicine, Veterinary Science, Zoology""}, {""degree"": ""PhD"", ""fields_of_study"": ""Agronomy, Botany, Chemistry, Computer Science, Electrical Engineering, Entomology, Environmental Studies, Food Science, Food Technology, Genetics, Horticulture, Management, Mathematics, Molecular Biology, Pathology, Physics, Plant Pathology, Soil Science, Veterinary Science, Zoology""}]","[""Jammu Kashmir Journal of Agriculture"", ""Journal of Pharma and Biomedics""]",28-03-2025,2026-04-06T14:53:41.376179,
IAU-020475,University of Sargodha,UOS,False,Pakistan,https://www.whed.net/institutions/IAU-020475,https://whed.net/detail_institution.php?KDo2MF0sQ2BULVM0YApgCg==,Sargodha,,University Road,http://www.uos.edu.pk,Public,Founded in 2002,,,,English,"Higher Education Commission, Pakistan",,,,,"[{""role"": ""Head"", ""name"": ""Ishtiaq Ahmad"", ""job_title"": ""Vice-Chancellor""}, {""role"": ""Senior Administrative Officer"", ""name"": ""Mudassar Kamran"", ""job_title"": ""Registrar""}]","[{""type"": ""Campus"", ""name"": ""Bhakkar"", ""fields_of_study"": ""Biological and Life Sciences, Business Administration, Business and Commerce, Chemistry, Computer Science, Economics, Education, English, Information Technology, Mathematics, Physics, Psychology, Social Work, Sociology, Sports, Urdu""}, {""type"": ""Campus"", ""name"": ""Mianwali"", ""fields_of_study"": ""Biological and Life Sciences, Business Administration, Business and Commerce, Chemistry, Computer Science, Economics, English, Information Technology, Mathematics, Physics, Urdu""}, {""type"": ""Faculty"", ""name"": ""Agriculture"", ""fields_of_study"": ""Agriculture, Food Science, Nutrition""}, {""type"": ""Faculty"", ""name"": ""Arts and Law"", ""fields_of_study"": ""Communication Studies, English, Fine Arts, History, Information Sciences, International Relations and Diplomacy, Law, Library Science, Physical Education, Political Sciences, Sports""}, {""type"": ""Faculty"", ""name"": ""Engineering and Technology"", ""fields_of_study"": ""Civil Engineering, Educational Technology, Electrical Engineering, Mechanical Engineering, Technology""}, {""type"": ""Faculty"", ""name"": ""Islamic and Oriental Learning"", ""fields_of_study"": ""Arabic, Islamic Studies, Oriental Languages, Urdu""}, {""type"": ""Faculty"", ""name"": ""Management and Administrative Sciences"", ""fields_of_study"": ""Business Administration, Business and Commerce, Economics""}, {""type"": ""Faculty"", ""name"": ""Medical and Health Science"", ""fields_of_study"": ""Dietetics, Medicine, Nutrition, Physical Therapy""}, {""type"": ""Faculty"", ""name"": ""Pharmacy"", ""fields_of_study"": ""Pharmacology, Pharmacy""}, {""type"": ""Faculty"", ""name"": ""Sciences"", ""fields_of_study"": ""Biological and Life Sciences, Botany, Chemistry, Computer Science, Earth Sciences, Information Technology, Mathematics, Physics, Statistics, Zoology""}, {""type"": ""Faculty"", ""name"": ""Social and Behavioural Sciences"", ""fields_of_study"": ""Criminology, Education, Psychology, Social Studies, Sociology""}]","[{""degree"": ""Bachelor's Degree"", ""fields_of_study"": ""Agriculture, Botany, Business Administration, Business and Commerce, Chemistry, Civil Engineering, Computer Science, Dietetics, Economics, Education, Electrical Engineering, English, Food Science, Geography, Geology, History, Information Sciences, Information Technology, Islamic Studies, Library Science, Mathematics, Mechanical Engineering, Medical Technology, Nutrition, Pharmacy, Physical Therapy, Physics, Sociology, Software Engineering, Urdu, Zoology""}, {""degree"": ""Master's Degree/ M. Phil"", ""fields_of_study"": ""Arabic, Botany, Business Administration, Business and Commerce, Chemistry, Computer Science, Economics, Education, English, Food Science, Geography, Geology, History, Information Sciences, Information Technology, Islamic Studies, Law, Library Science, Mathematics, Pharmacology, Physical Therapy, Physics, Sociology, Sports, Urdu, Zoology""}, {""degree"": ""PhD"", ""fields_of_study"": ""Arabic, Botany, Chemistry, Computer Science, Economics, Education, Food Science, History, Information Sciences, Islamic Studies, Library Science, Management, Mathematics, Pharmacology, Physical Therapy, Physics, Sociology, Urdu""}]","[""Journal of Educational Sciences and Research"", ""International Journal of Agriculture & Applied Sciences"", ""International Journal of Medicine & Applied Health"", ""UOS Journal of Social Sciences & Humanities""]",30-01-2018,2026-04-06T14:53:44.757398,
IAU-020479,University of Science and Technology Bannu,UST Bannu,False,Pakistan,https://www.whed.net/institutions/IAU-020479,https://whed.net/detail_institution.php?KDo2MF0sQ2BULVNEYApgCg==,Bannu,,"Miran Shah Road, Main Campus Township",http://www.ustb.edu.pk,Public,Founded in 2005,,HSC or equivalent for undergraduate; Bachelor's degree or equivalent for postgraduate,,English,"Higher Education Commission, Pakistan",,co-ed,,,"[{""role"": ""Head"", ""name"": ""Syed Abid Ali Shah"", ""job_title"": ""Vice-Chancellor""}, {""role"": ""Senior Administrative Officer"", ""name"": ""Sultan Mehmood"", ""job_title"": ""Registrar""}]","[{""type"": ""Department/Division"", ""name"": ""Mathematics"", ""fields_of_study"": ""Mathematics""}, {""type"": ""Faculty"", ""name"": ""Arts and Social Sciences"", ""fields_of_study"": ""Education, English, Islamic Studies, Political Sciences""}, {""type"": ""Faculty"", ""name"": ""Basic Sciences"", ""fields_of_study"": ""Biotechnology, Botany, Chemistry, Economics, Mathematics, Physics""}, {""type"": ""Faculty"", ""name"": ""Management Sciences and Economics"", ""fields_of_study"": ""Business Administration, Business and Commerce, Economics""}, {""type"": ""Institute"", ""name"": ""Engineering and Computing Sciences"", ""fields_of_study"": ""Computer Science, Electrical Engineering, Software Engineering""}]","[{""degree"": ""Bachelor's Degree"", ""fields_of_study"": ""Biotechnology, Botany, Business Administration, Chemistry, Computer Science, Electrical Engineering, Physics, Software Engineering""}, {""degree"": ""Master's Degree/ M. Phil"", ""fields_of_study"": ""Botany, Business Administration, Chemistry, Computer Science, Education, Physics""}, {""degree"": ""PhD"", ""fields_of_study"": ""Biotechnology, Botany, Chemistry, Education""}]",[],30-01-2018,2026-04-06T14:53:50.256649,
IAU-020489,University of Sindh,SU,False,Pakistan,https://www.whed.net/institutions/IAU-020489,https://whed.net/detail_institution.php?KDo2MF0sQ2BULiNEYApgCg==,Jamshoro,76080,Allama I.I. Kazi Campus,http://www.usindh.edu.pk,Public,Founded in 1947 in Karachi. Relocated in Hyderabad and acquired present status and title 1951.,January to December,Intermediate or higher secondary certificate and pre-entry test for all programmes,600-1200 per semester (PKR),English,"Higher Education Commission, Pakistan",,co-ed,,,"[{""role"": ""Head"", ""name"": ""Fateh Muhammad Burfat"", ""job_title"": ""Vice-Chancellor""}, {""role"": ""Senior Administrative Officer"", ""name"": ""Muhammad Saleem Chandio"", ""job_title"": ""Registrar""}]","[{""type"": ""Campus"", ""name"": ""Dadu"", ""fields_of_study"": ""Business Administration, English, Information Technology""}, {""type"": ""Campus"", ""name"": ""Larkana"", ""fields_of_study"": ""Business Administration""}, {""type"": ""Campus"", ""name"": ""Mirpurkhas"", ""fields_of_study"": ""Business Administration, Business and Commerce, Computer Science, Geology, Information Technology""}, {""type"": ""Campus"", ""name"": ""Naushehro Feroz"", ""fields_of_study"": ""Business and Commerce, Computer Science, English""}, {""type"": ""Campus"", ""name"": ""Thatta"", ""fields_of_study"": ""Business Administration, Coastal Studies, Computer Science, English""}, {""type"": ""Centre"", ""name"": ""Analytical Chemistry"", ""fields_of_study"": ""Analytical Chemistry, Chemistry, Industrial Chemistry"", ""more_details"": ""Excellence""}, {""type"": ""Centre"", ""name"": ""Environmental Sciences"", ""fields_of_study"": ""Ecology, Environmental Studies, Sanitary Engineering""}, {""type"": ""Centre"", ""name"": ""Far East and South East Asian Studies"", ""fields_of_study"": ""East Asian Studies, Southeast Asian Studies""}, {""type"": ""Centre"", ""name"": ""Health and Physical Education"", ""fields_of_study"": ""Health Sciences, Physical Education, Physical Therapy, Sports Management, Sports Medicine""}, {""type"": ""Centre"", ""name"": ""Pakistan Studies"", ""fields_of_study"": ""Cultural Studies, Economics, Geography, Industrial and Production Economics, Middle Eastern Studies, Political Sciences""}, {""type"": ""Centre"", ""name"": ""Pure and Applied Geology"", ""fields_of_study"": ""Geology""}, {""type"": ""Centre"", ""name"": ""Sindh Development Studies"", ""fields_of_study"": ""Development Studies, Economics, Regional Studies, Rural Studies""}, {""type"": ""Faculty"", ""name"": ""Arts"", ""fields_of_study"": ""Arabic, Arts and Humanities, English, Fine Arts, Literature, Oriental Languages, Persian, Philosophy, Urdu"", ""more_details"": ""Master""}, {""type"": ""Faculty"", ""name"": ""Commerce and Business Administration"", ""fields_of_study"": ""Business Administration, Business and Commerce"", ""more_details"": ""Also MBA Executive Evening programme at Elsa Kazi Campus, Hyderabad""}, {""type"": ""Faculty"", ""name"": ""Education"", ""fields_of_study"": ""Adult Education, Distance Education, Education, Educational Sciences, Higher Education, Primary Education, Secondary Education"", ""more_details"": ""Elsa Kazi Campus, Hyderabad""}, {""type"": ""Faculty"", ""name"": ""Islamic Studies"", ""fields_of_study"": ""Comparative Religion, History of Religion, Islamic Studies, Religion, Religious Practice, Religious Studies"", ""more_details"": ""Elsa Kazi Campus, Hyderabad""}, {""type"": ""Faculty"", ""name"": ""Law"", ""fields_of_study"": ""Law"", ""more_details"": ""Restricted to Bachelor degree at Colleges in Hyderabad, Dadu and Nawabshah""}, {""type"": ""Faculty"", ""name"": ""Natural Sciences"", ""fields_of_study"": ""Anthropology, Archaeology, Biochemistry, Biological and Life Sciences, Chemistry, Communication Studies, Computer Science, Earth Sciences, Fishery, Geology, Information Technology, Mathematics, Microbiology, Natural Sciences, Physical Education, Physics, Plant Pathology, Statistics, Water Science, Zoology""}, {""type"": ""Faculty"", ""name"": ""Pharmacy"", ""fields_of_study"": ""Pharmacology, Pharmacy""}, {""type"": ""Faculty"", ""name"": ""Social Sciences"", ""fields_of_study"": ""Archiving, Communication Studies, Criminology, Development Studies, Economics, History, International Studies, Library Science, Media Studies, Political Sciences, Psychology, Public Administration, Social Sciences, Social Work, Sociology, Southeast Asian Studies, Women's Studies""}]","[{""degree"": ""Bachelor's Degree"", ""fields_of_study"": ""Anthropology, Arabic, Archaeology, Art History, Biochemistry, Biotechnology, Botany, Business Administration, Business and Commerce, Chemistry, Coastal Studies, Communication Studies, Computer Science, Criminology, East Asian Studies, Economics, Education, Electronic Engineering, English, Environmental Studies, Fine Arts, Fishery, Gender Studies, Genetics, Geography, Geology, History, History of Religion, Information Technology, International Relations and Diplomacy, Islamic Studies, Library Science, Mass Communication, Mathematics, Microbiology, Nutrition, Petroleum and Gas Engineering, Pharmacy, Philosophy, Physical Therapy, Physics, Political Sciences, Psychology, Public Administration, Rural Studies, Social Work, Sociology, Software Engineering, Sports Management, Statistics, Telecommunications Engineering, Textile Design, Urdu, Water Science, Zoology""}, {""degree"": ""Master's Degree/ M. Phil"", ""fields_of_study"": ""Arabic, Art Education, Arts and Humanities, Biochemistry, Biotechnology, Botany, Business Administration, Business and Commerce, Chemistry, Coastal Studies, Computer Science, Criminology, Development Studies, East Asian Studies, Economics, Education, English, Environmental Studies, Fine Arts, Fishery, Geography, Health Administration, Health Sciences, History, Home Economics, International Relations and Diplomacy, Islamic Studies, Law, Library Science, Literature, Marketing, Mass Communication, Mathematics, Natural Sciences, Pharmacy, Philosophy, Physical Education, Physical Therapy, Physics, Plant Pathology, Political Sciences, Psychology, Public Administration, Religious Studies, Rural Studies, Social Sciences, Social Work, Sociology, Software Engineering, Statistics, Urdu, Water Science, Women's Studies, Zoology""}, {""degree"": ""PhD"", ""fields_of_study"": ""Arabic, Arts and Humanities, Biochemistry, Biological and Life Sciences, Biotechnology, Botany, Chemistry, Development Studies, East Asian Studies, Economics, Educational Sciences, Electronic Engineering, English, Fishery, Genetics, History, Information Technology, International Relations and Diplomacy, Islamic Studies, Linguistics, Literature, Mass Communication, Mathematics, Microbiology, Natural Sciences, Nutrition, Pharmacy, Physical Therapy, Physics, Political Sciences, Public Administration, Social Sciences, Social Work, Sociology, Urdu, Water Science, Zoology""}]","[""'ARIAL' Journal of the English Department"", ""'KEENJHAR' Journal of Sindhi Department"", ""'PEACE' Research Journal of the Faculty of Islamic Studies"", ""'TAHQIQUE' Research Journal of Urdu Department"", ""Sindh University Journal of Education"", ""Sindh University Research Journal (Arts Series)"", ""Sindh University Research Journal (Science Series)"", ""Sindh University Research Journal of Social Sciences""]",30-01-2018,2026-04-06T14:53:54.970726,
IAU-020495,University of South Asia,USA,False,Pakistan,https://www.whed.net/institutions/IAU-020495,https://whed.net/detail_institution.php?KDo2MF0sQ2BULjM0YApgCg==,Lahore,54810,Cantt Campus 47-Tufail Road,https://usa.edu.pk,Private,Founded in 2005,,Intermediate (FA / FSc) or equivalent (A-levels) for Bachelor's programme; Bachelor's degree required for Master's programme,"225,000 to 700,000 per degree (PKR)",English,"Higher Education Commission, Pakistan",,co-ed,,,"[{""role"": ""Head"", ""name"": ""Mian Imran Masood"", ""job_title"": ""Vice Chancellor""}, {""role"": ""Senior Administrative Officer"", ""name"": ""Shahid Raza"", ""job_title"": ""Registrar""}]","[{""type"": ""Faculty"", ""name"": ""Art and Design"", ""fields_of_study"": ""Architecture, Building Technologies, Fashion Design, Interior Design, Textile Design""}, {""type"": ""Faculty"", ""name"": ""Computer Sciences"", ""fields_of_study"": ""Computer Networks, Computer Science, Software Engineering""}, {""type"": ""Faculty"", ""name"": ""Engineering and Technology"", ""fields_of_study"": ""Civil Engineering, Electrical Engineering, Electronic Engineering, Environmental Engineering, Information Technology""}, {""type"": ""Faculty"", ""name"": ""Humanities"", ""fields_of_study"": ""Advertising and Publicity, Cinema and Television, Education, English, Linguistics, Literature, Mass Communication, Media Studies, Political Sciences, Psychology, Public Relations""}, {""type"": ""Faculty"", ""name"": ""Law"", ""fields_of_study"": ""Law""}, {""type"": ""Faculty"", ""name"": ""Life and Health Sciences"", ""fields_of_study"": ""Biotechnology, Food Technology, Medical Technology, Nutrition, Physical Therapy""}, {""type"": ""Faculty"", ""name"": ""Management Sciences"", ""fields_of_study"": ""Accountancy, Advertising and Publicity, Banking, Business Administration, Business and Commerce, Economics, Finance, Human Resources, Management, Marketing""}, {""type"": ""Faculty"", ""name"": ""Sciences"", ""fields_of_study"": ""Chemistry, Mathematics, Physics""}]","[{""degree"": ""Bachelor's Degree"", ""fields_of_study"": ""Accountancy, Advertising and Publicity, Architecture, Banking, Biotechnology, Building Technologies, Business Administration, Business and Commerce, Chemistry, Civil Engineering, Computer Science, Economics, Education, Electrical Engineering, English, Environmental Engineering, Fashion Design, Finance, Food Technology, Human Resources, Information Technology, Interior Design, Law, Linguistics, Literature, Management, Marketing, Mathematics, Media Studies, Nutrition, Physical Therapy, Physics, Political Sciences, Psychology, Software Engineering, Textile Design""}, {""degree"": ""Master's Degree/ M. Phil"", ""fields_of_study"": ""Accountancy, Architecture, Biotechnology, Building Technologies, Business Administration, Business and Commerce, Chemistry, Civil Engineering, Computer Science, Economics, Education, Electrical Engineering, Electronic Engineering, English, Environmental Engineering, Fashion Design, Finance, Human Resources, Interior Design, Law, Linguistics, Literature, Management, Marketing, Mathematics, Media Studies, Nutrition, Physical Therapy, Physics, Political Sciences, Psychology, Textile Design""}, {""degree"": ""PhD"", ""fields_of_study"": ""Architecture, Civil Engineering, Computer Science, Education, Electrical Engineering, English, Management, Mathematics, Physics, Political Sciences, Psychology""}]",[],30-01-2018,2026-04-06T14:53:59.048149,
IAU-024897,University of Swabi,UOSWABI,False,Pakistan,https://www.whed.net/institutions/IAU-024897,https://whed.net/detail_institution.php?KDo2MF0sQzBYLjM8YApgCg==,Swabi,,"Anbar Swabi, Ambar",http://www.uoswabi.edu.pk,Public,Founded in 2012,,,,English,"Higher Education Commission, Pakistan",,,,,"[{""role"": ""Head"", ""name"": ""Imtiaz Ali Khan"", ""job_title"": ""Vice Chancellor""}, {""role"": ""Senior Administrative Officer"", ""name"": ""Naveed Anjum"", ""job_title"": ""Registrar""}]","[{""type"": ""Department/Division"", ""name"": ""Agriculture"", ""fields_of_study"": ""Agriculture""}, {""type"": ""Department/Division"", ""name"": ""Biotechnology"", ""fields_of_study"": ""Biotechnology""}, {""type"": ""Department/Division"", ""name"": ""Botany"", ""fields_of_study"": ""Botany""}, {""type"": ""Department/Division"", ""name"": ""Chemistry"", ""fields_of_study"": ""Chemistry""}, {""type"": ""Department/Division"", ""name"": ""Computer Science"", ""fields_of_study"": ""Computer Science""}, {""type"": ""Department/Division"", ""name"": ""Economics"", ""fields_of_study"": ""Economics""}, {""type"": ""Department/Division"", ""name"": ""English"", ""fields_of_study"": ""English""}, {""type"": ""Department/Division"", ""name"": ""Environmental Sciences"", ""fields_of_study"": ""Environmental Studies""}, {""type"": ""Department/Division"", ""name"": ""Geology"", ""fields_of_study"": ""Geology""}, {""type"": ""Department/Division"", ""name"": ""Management Sciences"", ""fields_of_study"": ""Management""}, {""type"": ""Department/Division"", ""name"": ""Mathematics"", ""fields_of_study"": ""Mathematics""}, {""type"": ""Department/Division"", ""name"": ""Microbiology"", ""fields_of_study"": ""Microbiology""}, {""type"": ""Department/Division"", ""name"": ""Peace and Conflict Resolution Studies"", ""fields_of_study"": ""Peace and Disarmament""}, {""type"": ""Department/Division"", ""name"": ""Pharmacy"", ""fields_of_study"": ""Pharmacy""}, {""type"": ""Department/Division"", ""name"": ""Physics"", ""fields_of_study"": ""Physics""}, {""type"": ""Department/Division"", ""name"": ""Sociology"", ""fields_of_study"": ""Sociology""}, {""type"": ""Department/Division"", ""name"": ""Statistics"", ""fields_of_study"": ""Statistics""}, {""type"": ""Department/Division"", ""name"": ""Zoology"", ""fields_of_study"": ""Zoology""}]","[{""degree"": ""Bachelor's Degree"", ""fields_of_study"": ""Agriculture, Biotechnology, Botany, Business Administration, Computer Science, Environmental Studies, Geology, Management, Mathematics, Microbiology, Pharmacy, Physics, Statistics""}, {""degree"": ""Master's Degree/ M. Phil"", ""fields_of_study"": ""Agriculture, Business Administration, Chemistry, Economics, English, Management, Pharmacy, Sociology, Zoology""}, {""degree"": ""PhD"", ""fields_of_study"": ""Agriculture, Pharmacy""}]","[""University of Swabi Journal (USJ)""]",31-01-2018,2026-04-06T14:54:02.815383,
IAU-020526,University of Swat,USWAT,False,Pakistan,https://www.whed.net/institutions/IAU-020526,https://whed.net/detail_institution.php?KDo2MF0sQ2BVLEM4YApgCg==,Swat,19300,"G.T Road, Odigram",http://uswat.edu.pk,Public,Created 2010,spring (Sep to Jan); autumn (Mar to July),"Undergraduate, minimum 45% in HSSC (12 years of education)",,English,"Higher Education Commission, Pakistan",,co-ed,1411,2012-2013,"[{""role"": ""Head"", ""name"": ""Jahan Bakht"", ""job_title"": ""Vice-Chancellor""}, {""role"": ""Senior Administrative Officer"", ""name"": ""Hassan Sher"", ""job_title"": ""Registrar""}]","[{""type"": ""Faculty"", ""name"": ""Chemical Sciences"", ""fields_of_study"": ""Chemistry""}, {""type"": ""Faculty"", ""name"": ""Languages and Literature"", ""fields_of_study"": ""English""}, {""type"": ""Faculty"", ""name"": ""Life Sciences"", ""fields_of_study"": ""Agriculture, Animal Husbandry, Biotechnology, Botany, Earth Sciences, Environmental Studies, Fishery, Forestry, Microbiology, Plant and Crop Protection, Zoology""}, {""type"": ""Faculty"", ""name"": ""Management and Social Sciences"", ""fields_of_study"": ""Business Administration, Business and Commerce, Economics, Education, Home Economics, Hotel and Restaurant, Management, Mass Communication, Psychology, Sociology, Tourism""}, {""type"": ""Faculty"", ""name"": ""Physical and Numerical Sciences"", ""fields_of_study"": ""Computer Science, Mathematics, Physics, Software Engineering, Statistics""}, {""type"": ""Faculty"", ""name"": ""Religious and Legal Studies"", ""fields_of_study"": ""Islamic Law, Law""}]","[{""degree"": ""Bachelor's Degree"", ""fields_of_study"": ""Biotechnology, Botany, Business Administration, Computer Science, Development Studies, Earth Sciences, Economics, Education, Environmental Studies, Law, Mass Communication, Mathematics, Microbiology, Physics, Psychology, Sociology, Software Engineering, Statistics, Zoology""}, {""degree"": ""Master's Degree/ M. Phil"", ""fields_of_study"": ""Botany, Business Administration, Chemistry, Computer Science, Environmental Studies, Journalism, Law, Mass Communication, Microbiology, Physics, Psychology, Sociology, Zoology""}, {""degree"": ""PhD""}]","[""Pakistan Journal of Applied Social Sciences""]",16-11-2017,2026-04-06T14:54:06.008591,
IAU-020574,University of the Punjab,PU,False,Pakistan,https://www.whed.net/institutions/IAU-020574,https://whed.net/detail_institution.php?KDo2MF0sQ2BVLVMwYApgCg==,Lahore,54590,Quaid-e-Azam Campus P.O. Box No. 54590,http://www.pu.edu.pk,Public,"Founded 1882, the University is the oldest in Pakistan. Acquired present status 2002. Former Faculty of Medicine and Dentistry (Kind Edward Medical College) granted full university status 2005. See 'King Edward Medical University'.",September to August,Intermediate Certificate or recognized equivalent,,English,"Higher Education Commission, Pakistan",,co-ed,,,"[{""role"": ""Head"", ""name"": ""Niaz Ahmad Akhtar"", ""job_title"": ""Vice-Chancellor""}, {""role"": ""Senior Administrative Officer"", ""name"": ""Muhammad Khalid Khan"", ""job_title"": ""Registrar""}]","[{""type"": ""Campus"", ""name"": ""Gujranwala"", ""fields_of_study"": ""Arts and Humanities, Business Administration, Business and Commerce, Economics, Information Technology, Law, Management""}, {""type"": ""Campus"", ""name"": ""Jhelum"", ""fields_of_study"": ""Business Administration, Business and Commerce, Information Technology, Law""}, {""type"": ""Campus"", ""name"": ""Khanspur"", ""fields_of_study"": ""Mountain Studies""}, {""type"": ""Faculty"", ""name"": ""Arts and Humanities"", ""fields_of_study"": ""Archaeology, Architecture, Design, English, Fine Arts, French, Graphic Design, History, Library Science, Literature, Mass Communication, Painting and Drawing, Philosophy, Sculpture, South Asian Studies, Textile Design, Visual Arts""}, {""type"": ""Faculty"", ""name"": ""Behavioural and Social Sciences"", ""fields_of_study"": ""Communication Studies, Criminology, Cultural Studies, Demography and Population, Development Studies, Gender Studies, Mass Communication, Political Sciences, Public Health, Radio and Television Broadcasting, Social Studies, Social Work, Sociology""}, {""type"": ""Faculty"", ""name"": ""Commerce"", ""fields_of_study"": ""Banking, Business and Commerce, Finance""}, {""type"": ""Faculty"", ""name"": ""Economics and Management Sciences"", ""fields_of_study"": ""Business Administration, Economics, Human Resources, Information Sciences, Information Technology, Library Science""}, {""type"": ""Faculty"", ""name"": ""Education"", ""fields_of_study"": ""Education, Educational Research, English, Foreign Languages Education, Linguistics, Primary Education, Science Education, Secondary Education, Special Education, Technology Education""}, {""type"": ""Faculty"", ""name"": ""Engineering and Technology"", ""fields_of_study"": ""Chemical Engineering, Electrical Engineering, Engineering, Materials Engineering, Metallurgical Engineering, Petroleum and Gas Engineering, Polymer and Plastics Technology, Technology, Textile Technology""}, {""type"": ""Faculty"", ""name"": ""Health Sciences"", ""fields_of_study"": ""Dentistry, Medical Technology, Medicine, Physical Therapy, Surgery""}, {""type"": ""Faculty"", ""name"": ""Islamic Studies"", ""fields_of_study"": ""Islamic Studies, Urdu""}, {""type"": ""Faculty"", ""name"": ""Law"", ""fields_of_study"": ""Law""}, {""type"": ""Faculty"", ""name"": ""Life Sciences"", ""fields_of_study"": ""Agriculture, Biochemistry, Biology, Biotechnology, Botany, Clinical Psychology, Microbiology, Molecular Biology, Physical Education, Physics, Psychology, Zoology""}, {""type"": ""Faculty"", ""name"": ""Oriental Learning"", ""fields_of_study"": ""Arabic, Asian Studies, French, Hindi, Indic Languages, Middle Eastern Studies, Oriental Languages, Persian, Urdu""}, {""type"": ""Faculty"", ""name"": ""Pharmacy"", ""fields_of_study"": ""Pharmacy""}, {""type"": ""Faculty"", ""name"": ""Science"", ""fields_of_study"": ""Applied Mathematics, Astronomy and Space Science, Botany, Chemistry, Earth Sciences, Environmental Studies, Geography, Geology, Information Technology, Mathematics, Mountain Studies, Natural Sciences, Physics, Statistics""}]","[{""degree"": ""Bachelor's Degree"", ""fields_of_study"": ""Agriculture, Architecture, Astronomy and Space Science, Banking, Biochemistry, Biotechnology, Botany, Business Administration, Business and Commerce, Chemistry, Communication Studies, Computer Science, Education, Electrical Engineering, Engineering, English, Finance, French, Gender Studies, Geology, Graphic Design, Information Technology, Islamic Studies, Law, Management, Materials Engineering, Metallurgical Engineering, Microbiology, Molecular Biology, Painting and Drawing, Pharmacy, Philosophy, Physical Education, Political Sciences, Preschool Education, Primary Education, Psychology, Science Education, Sculpture, Sociology, Software Engineering, Technology Education, Textile Design, Textile Technology, Zoology""}, {""degree"": ""Master's Degree/ M. Phil"", ""fields_of_study"": ""Agriculture, Arabic, Archaeology, Astronomy and Space Science, Biochemistry, Business Administration, Business and Commerce, Chemical Engineering, Chemistry, Communication Studies, Criminology, Demography and Population, Development Studies, Economics, Education, Educational Research, Electrical Engineering, English, Environmental Studies, Fine Arts, Foreign Languages Education, French, Gender Studies, Geography, Geology, Graphic Design, Hotel and Restaurant, Human Resources, Hydraulic Engineering, Information Sciences, Information Technology, International Relations and Diplomacy, Marketing, Mass Communication, Mathematics, Mountain Studies, Painting and Drawing, Petroleum and Gas Engineering, Philosophy, Physical Education, Physics, Political Sciences, Polymer and Plastics Technology, Primary Education, Psychology, Science Education, Sculpture, Secondary Education, Seismology, Social Work, Sociology, Special Education, Statistics, Technology Education, Textile Design, Textile Technology, Tourism, Zoology""}, {""degree"": ""PhD"", ""fields_of_study"": ""Arabic, Business Administration, Communication Studies, Economics, Education, English, Gender Studies, History, International Relations and Diplomacy, Islamic Studies, Management, Medicine, Pharmacy, Philosophy, Political Sciences, Public Health, Social Work, Sociology, South Asian Studies""}]",[],30-01-2018,2026-04-06T14:54:09.432087,
IAU-024898,University of Turbat,,False,Pakistan,https://www.whed.net/institutions/IAU-024898,https://whed.net/detail_institution.php?KDo2MF0sQzBYLjNAYApgCg==,Turbat,92600,"Overseas Colony, Airport Road",http://www.uot.edu.pk,Public,Founded in 2012,,,,English,"Higher Education Commission, Pakistan",,,,,"[{""role"": ""Head"", ""name"": ""Abdul Razzaq Sabir"", ""job_title"": ""Vice-Chancellor""}]","[{""type"": ""Faculty"", ""name"": ""Arts and Social Sciences"", ""fields_of_study"": ""Business and Commerce, Economics, Education, English, Management, Modern Languages, Political Sciences""}, {""type"": ""Faculty"", ""name"": ""Science and Engineering"", ""fields_of_study"": ""Chemistry, Computer Science""}]","[{""degree"": ""Bachelor's Degree"", ""fields_of_study"": ""Business and Commerce, Chemistry, Education""}, {""degree"": ""Master's Degree/ M. Phil"", ""fields_of_study"": ""Business Administration, Business and Commerce, Chemistry, Economics, Education, English, Political Sciences""}]","[""Annual Balochi Journal"", ""Annual Research Journal Gidroshia""]",30-01-2018,2026-04-06T14:54:13.330207,
IAU-020611,University of Veterinary and Animal Sciences,UVAS,False,Pakistan,https://www.whed.net/institutions/IAU-020611,https://whed.net/detail_institution.php?KDo2MF0sQ2BWLDMkYApgCg==,Lahore,54000,Shaykh Abdul Qadir Jilani Road,http://www.uvas.edu.pk,Public,Founded 1882 as Veterinary School and Veterinary College 1921. Acquired present status 2002.,,Higher Secondary School Certificate (in English),,English,"Pakistan Veterinary Medical Council: Higher Education Commission, Pakistan",,co-ed,,,"[{""role"": ""Head"", ""name"": ""Talat Naseer Pasha"", ""job_title"": ""Vice-Chancellor""}, {""role"": ""Senior Administrative Officer"", ""name"": ""Muhammad Afzal"", ""job_title"": ""Registrar""}]","[{""type"": ""Faculty"", ""name"": ""Animal Production and Technology"", ""fields_of_study"": ""Animal Husbandry, Dairy, Leather Techniques, Meat and Poultry, Nutrition"", ""more_details"": ""FAPT""}, {""type"": ""Faculty"", ""name"": ""Bio-Sciences"", ""fields_of_study"": ""Anatomy, Biochemistry, Biotechnology, Food Science, Histology, Pharmacology, Physiology, Social Sciences, Toxicology"", ""more_details"": ""FBS""}, {""type"": ""Faculty"", ""name"": ""Fisheries and Wildlife"", ""fields_of_study"": ""Aquaculture, Ecology, Fishery, Wildlife"", ""more_details"": ""FFWM""}, {""type"": ""Faculty"", ""name"": ""Life Sciences Business Management"", ""fields_of_study"": ""Business Administration, Computer Science, Economics, Information Technology, Statistics""}, {""type"": ""Faculty"", ""name"": ""Veterinary Sciences"", ""fields_of_study"": ""Epidemiology, Medicine, Microbiology, Parasitology, Pathology, Public Health, Surgery, Veterinary Science""}]","[{""degree"": ""Bachelor's Degree"", ""fields_of_study"": ""Aquaculture, Biochemistry, Biotechnology, Business Administration, Dairy, Environmental Studies, Fishery, Food Science, Meat and Poultry, Microbiology, Nutrition, Pharmacy, Veterinary Science, Zoology""}, {""degree"": ""Master's Degree/ M. Phil"", ""fields_of_study"": ""Anatomy, Animal Husbandry, Aquaculture, Banking, Biochemistry, Biotechnology, Botany, Business Administration, Business and Commerce, Chemistry, Dairy, Ecology, Epidemiology, Finance, Fishery, Food Science, Histology, Leather Techniques, Meat and Poultry, Medicine, Microbiology, Nutrition, Parasitology, Pathology, Pharmacology, Physiology, Public Health, Statistics, Surgery, Toxicology, Veterinary Science, Wildlife, Zoology""}, {""degree"": ""PhD"", ""fields_of_study"": ""Anatomy, Animal Husbandry, Aquaculture, Biochemistry, Biotechnology, Dairy, Ecology, Epidemiology, Fishery, Histology, Meat and Poultry, Medicine, Microbiology, Nutrition, Parasitology, Pathology, Physiology, Public Health, Surgery, Toxicology, Veterinary Science, Wildlife""}]","[""Pakistan Journal of Veterinary and Animal Science""]",30-01-2018,2026-04-06T14:54:17.759041,
IAU-020616,University of Wah,,False,Pakistan,https://www.whed.net/institutions/IAU-020616,https://whed.net/detail_institution.php?KDo2MF0sQ2BWLDM4YApgCg==,Rawalpindi,,Quaid Avenue Wah Cantt,http://www.uow.edu.pk,Private,Founded 2005,,,"64,500 to 132,000 per degree (PKR)",English,"Higher Education Commission, Pakistan",,,,,"[{""role"": ""Head"", ""name"": ""Jameel-Un Nabi"", ""job_title"": ""Vice-Chancellor""}]","[{""type"": ""Faculty"", ""name"": ""Basic Sciences"", ""fields_of_study"": ""Biology, Chemistry, Mathematics, Physics, Statistics""}, {""type"": ""Faculty"", ""name"": ""Computer Sciences"", ""fields_of_study"": ""Computer Science""}, {""type"": ""Faculty"", ""name"": ""Engineering"", ""fields_of_study"": ""Chemical Engineering, Civil Engineering, Electrical and Electronic Engineering, Mechanical Engineering""}, {""type"": ""Faculty"", ""name"": ""Management Sciences"", ""fields_of_study"": ""Business Administration, Management""}, {""type"": ""Faculty"", ""name"": ""Social Sciences and Humanities"", ""fields_of_study"": ""Economics, Education, English, Islamic Studies, Psychology, Sociology, Southeast Asian Studies""}]","[{""degree"": ""Bachelor's Degree"", ""fields_of_study"": ""Biology, Business Administration, Chemical Engineering, Chemistry, Civil Engineering, Computer Science, Economics, Education, Electrical and Electronic Engineering, English, Management, Mathematics, Mechanical Engineering, Physics, Psychology, Sociology, Statistics""}, {""degree"": ""Master's Degree/ M. Phil"", ""fields_of_study"": ""Biology, Business Administration, Chemical Engineering, Chemistry, Civil Engineering, Computer Science, Economics, Education, Electrical and Electronic Engineering, English, Management, Mathematics, Mechanical Engineering, Physics, Psychology, Sociology, Statistics""}, {""degree"": ""PhD"", ""fields_of_study"": ""Biology, Chemistry, Education, Electrical and Electronic Engineering, Mathematics, Physics""}]","[""Journal of Management Sciences UWJMS"", ""Journal of Science and Technology UWJST"", ""Journal of Social Sciences UWJMS""]",30-01-2018,2026-04-06T14:54:22.103381,
IAU-020913,Virtual University of Pakistan,VU,False,Pakistan,https://www.whed.net/institutions/IAU-020913,https://whed.net/detail_institution.php?KDo2MF0sQ2BZLDMsYApgCg==,Lahore,,M.A. Jinnah Campus Defence Road Off Raiwind Road,http://www.vu.edu.pk,Public,Founded 2002,,,,English,"Higher Education Commission, Pakistan",,co-ed,,,"[{""role"": ""Head"", ""name"": ""Naveed A. Malik"", ""job_title"": ""Rector""}]","[{""type"": ""Faculty"", ""name"": ""Arts"", ""fields_of_study"": ""Business and Commerce, Economics, Finance, Mass Communication, Psychology""}, {""type"": ""Faculty"", ""name"": ""Computer Science and Information Technology"", ""fields_of_study"": ""Computer Science, Information Technology, Software Engineering""}, {""type"": ""Faculty"", ""name"": ""Education"", ""fields_of_study"": ""Education""}, {""type"": ""Faculty"", ""name"": ""Management"", ""fields_of_study"": ""Accountancy, Banking, Business Administration, Finance, Management, Public Administration""}, {""type"": ""Faculty"", ""name"": ""Science and Technology"", ""fields_of_study"": ""Biotechnology, Genetics, Mathematics, Molecular Biology, Statistics, Zoology""}]","[{""degree"": ""Bachelor's Degree"", ""fields_of_study"": ""Accountancy, Banking, Biotechnology, Business Administration, Business and Commerce, Computer Science, Economics, Education, Finance, Information Technology, Management, Marketing, Mass Communication, Mathematics, Primary Education, Psychology, Public Administration, Sociology, Software Engineering, Statistics""}, {""degree"": ""Master's Degree/ M. Phil"", ""fields_of_study"": ""Accountancy, Banking, Biotechnology, Business Administration, Computer Science, Economics, Education, Finance, Genetics, Human Resources, Industrial and Organizational Psychology, Information Technology, Management, Marketing, Mathematics, Molecular Biology, Psychology, Public Administration, Software Engineering, Statistics, Zoology""}, {""degree"": ""PhD"", ""fields_of_study"": ""Biotechnology""}]","[""Journal of Distance Education & Research (JDER)""]",30-01-2018,2026-04-06T14:54:25.289027,
IAU-029836,Women University Mardan,,False,Pakistan,https://www.whed.net/institutions/IAU-029836,https://whed.net/detail_institution.php?KDo2MF0sQ0RYLFM4YApgCg==,Mardan,23220,East Canal Road,https://wumardan.edu.pk,Public,Created 2016,Spring term starts January; Autuman terms starts September,,,English,Higher Education Commission (HEC),,female,,2023-2024,"[{""role"": ""Head"", ""name"": ""Yasmeen Ghazala"", ""job_title"": ""Vice-Chancellor""}, {""role"": ""Senior Administrative Officer"", ""name"": ""Adnan Ahmad"", ""job_title"": ""Deputy Registrar""}, {""role"": ""International Relations Officer"", ""name"": ""Muhammad Ismail"", ""job_title"": ""International Relations Officer""}]","[{""type"": ""Faculty"", ""name"": ""Sciences, Social Sciences, Arts And Humanities, Islamic Aad Oriental Studies"", ""fields_of_study"": ""Biochemistry, Biotechnology, Botany, Business Administration, Chemistry, Computer Science, Dietetics, Economics, Education, English, Islamic Studies, Mathematics, Microbiology, Nutrition, Physics, Political Sciences, Psychology, Urdu, Zoology""}]","[{""degree"": ""Bachelor's Degree"", ""fields_of_study"": ""Biochemistry, Biotechnology, Botany, Business Administration, Chemistry, Computer Science, Dietetics, Economics, Education, English, Islamic Studies, Mathematics, Microbiology, Physics, Political Sciences, Psychology, Urdu, Zoology""}, {""degree"": ""Master's Degree/ M. Phil"", ""fields_of_study"": ""Biotechnology, Business Administration, Chemistry, Computer Science, Education, Islamic Studies, Mathematics, Physics, Political Sciences, Zoology""}]",[],23-11-2023,2026-04-06T14:54:29.098748,
IAU-024899,Women University Swabi,,False,Pakistan,https://www.whed.net/institutions/IAU-024899,https://whed.net/detail_institution.php?KDo2MF0sQzBYLjNEYApgCg==,Swabi,,"Guloo Dehri, Topi Road",http://www.wus.edu.pk,Public,Founded in 2012,,,,English,"Higher Education Commission, Pakistan",,,,,"[{""role"": ""Head"", ""name"": ""Khanzadi Fatima Khattak Khattak"", ""job_title"": ""Vice Chancellor""}]","[{""type"": ""Department/Division"", ""name"": ""Art and Design"", ""fields_of_study"": ""Design, Fashion Design, Textile Design""}, {""type"": ""Department/Division"", ""name"": ""Botany"", ""fields_of_study"": ""Botany""}, {""type"": ""Department/Division"", ""name"": ""Chemistry"", ""fields_of_study"": ""Chemistry""}, {""type"": ""Department/Division"", ""name"": ""Computer Science"", ""fields_of_study"": ""Computer Science""}, {""type"": ""Department/Division"", ""name"": ""Economics"", ""fields_of_study"": ""Economics""}, {""type"": ""Department/Division"", ""name"": ""English language and Literature"", ""fields_of_study"": ""English, Linguistics, Literature""}, {""type"": ""Department/Division"", ""name"": ""Islamic Studies"", ""fields_of_study"": ""Islamic Studies""}, {""type"": ""Department/Division"", ""name"": ""Law"", ""fields_of_study"": ""Law""}, {""type"": ""Department/Division"", ""name"": ""Mathematics"", ""fields_of_study"": ""Mathematics""}, {""type"": ""Department/Division"", ""name"": ""Pakistan Studies"", ""fields_of_study"": ""Indigenous Studies""}, {""type"": ""Department/Division"", ""name"": ""Political Science"", ""fields_of_study"": ""Political Sciences""}, {""type"": ""Department/Division"", ""name"": ""Psychology"", ""fields_of_study"": ""Psychology""}, {""type"": ""Department/Division"", ""name"": ""Statistics"", ""fields_of_study"": ""Statistics""}, {""type"": ""Department/Division"", ""name"": ""Urdu"", ""fields_of_study"": ""Urdu""}, {""type"": ""Department/Division"", ""name"": ""Zoology"", ""fields_of_study"": ""Zoology""}]","[{""degree"": ""Bachelor's Degree"", ""fields_of_study"": ""Botany, Business Administration, Chemistry, Computer Science, Design, English, Fashion Design, Gender Studies, Journalism, Law, Linguistics, Literature, Mass Communication, Mathematics, Psychology, Social Work, Textile Design, Urdu, Zoology""}, {""degree"": ""Master's Degree/ M. Phil"", ""fields_of_study"": ""Botany, Chemistry, Economics, English, Indigenous Studies, Islamic Studies, Linguistics, Literature, Mathematics, Political Sciences, Zoology""}]",[],30-01-2018,2026-04-06T14:54:32.406161,
IAU-021851,Ziauddin University,ZU,True,Pakistan,https://www.whed.net/institutions/IAU-021851,https://whed.net/detail_institution.php?KDo2MF0sQyRYLTMkYApgCg==,Karachi,75600,"4/B, Shahra-e-Ghalib, Block-6 Clifton",https://zu.edu.pk,Private,Founded 1995 as Ziauddin Medical University. Acquired current title 2005.,November to October,"A-Level or higher secondary school certificate (pre-medical), minimum 60% marks in Pre-Medical Group",,English,"Higher Education Commission, Pakistan; Pakistan Medical and Dental Council; Pharmacy Council of Pakistan; Pakistan Nursing Council; Pakistan Engineering Council; College of Physicians and Surgeon of Pakistan for Fellowship training",None,co-ed,,,"[{""role"": ""Head"", ""name"": ""Abbas Zafar"", ""job_title"": ""Acting Vice-Chancellor""}, {""role"": ""Senior Administrative Officer"", ""name"": ""Mirza Amin UI Haq"", ""job_title"": ""Acting Registrar""}, {""role"": ""International Relations Officer"", ""name"": ""Zulfiqar Ali Umrani"", ""job_title"": ""Director of International Office""}]","[{""type"": ""Faculty"", ""name"": ""Eastern Medicine and Natural Sciences"", ""fields_of_study"": ""Horticulture, Natural Sciences, Traditional Eastern Medicine""}, {""type"": ""Faculty"", ""name"": ""Engineering, Science, Technology and Management"", ""fields_of_study"": ""Applied Physics, Architecture, Biomedical Engineering, Biomedicine, Biotechnology, Business Administration, Civil Engineering, Computer Science, Electrical Engineering, Food Science, Software Engineering""}, {""type"": ""Faculty"", ""name"": ""Health Sciences"", ""fields_of_study"": ""Dentistry, Medical Technology, Medicine, Nursing, Physical Therapy, Speech Therapy and Audiology""}, {""type"": ""Faculty"", ""name"": ""Law"", ""fields_of_study"": ""Law""}, {""type"": ""Faculty"", ""name"": ""Liberal Arts and Human Sciences"", ""fields_of_study"": ""Communication Arts, English, Film, Foreign Languages Education, Journalism, Media Studies, Primary Education, Radio and Television Broadcasting, Secondary Education""}, {""type"": ""Faculty"", ""name"": ""Nursing and Midwifery"", ""fields_of_study"": ""Midwifery, Nursing""}, {""type"": ""Faculty"", ""name"": ""Pharmacy"", ""fields_of_study"": ""Pharmacology, Pharmacy""}]","[{""degree"": ""Bachelor's Degree"", ""fields_of_study"": ""Applied Physics, Architecture, Biomedical Engineering, Civil Engineering, Communication Studies, Dentistry, Electrical Engineering, Engineering, Food Science, Law, Management, Mass Communication, Media Studies, Medical Technology, Medicine, Midwifery, Nursing, Nutrition, Oral Pathology, Pharmacy, Software Engineering, Speech Therapy and Audiology, Surgery, Traditional Eastern Medicine""}, {""degree"": ""Master's Degree/ M. Phil"", ""fields_of_study"": ""Biomedical Engineering, Business Administration, Dentistry, Electrical Engineering, Health Sciences, Medical Technology, Nursing, Oral Pathology, Periodontics, Pharmacy, Physical Therapy, Surgery""}, {""degree"": ""PhD"", ""fields_of_study"": ""Electrical Engineering, Health Sciences, Medicine, Periodontics, Pharmacy""}]","[""The Pakistan Journal of Medicine and Dentistry""]",23-08-2021,2026-04-06T14:54:37.091579,
